"combo","path","weapon","branches","fusion","upgrade_count","upgrades_in_acquisition_order","upgrade_ids_in_acquisition_order","room_test","boss_test","mirrored_room_test"
"precision.cutting-torch.pulse-chamber.rewire.daisy-chain.wrecking-ball","Precision","Cutting Torch","Pulse Chamber + Rewire + Daisy Chain + Wrecking Ball","undefined","45","Deadeye > Cutting Torch > Burst fire > Pulse Chamber > Fold > Rewire > Arc Coil > Daisy Chain > Ramjet > Wrecking Ball > Heavy hitter > Scattershot > Hair trigger > Bank shot > Punch through > Splinter > Airshot > Kickback > Bloodwork > Light frame > Backblast > Banker > Landing shot > Executioner > Slingshot > Redline > Breach > Shatter > Deadlock > Backfire > Capacitor > Reserve cell > Countershot > Reprisal > Rivet > Fracture > Tether rounds > Snapback > Cinder rounds > Crosswind > Flashpoint > Slipstream > Thermal Runaway > Wallrunner > Air Brake","deadeye > cutting-torch > burst > pulse-chamber > fold > rewire > arc-coil > daisy-chain > ramjet > wrecking-ball > magnum > scatter > rapid > ricochet > pierce > split > airshot > kick > leech > light > backblast > banker > landing > execute > slingshot > redline > breach > shatter > deadlock > backfire > capacitor > reserve-cell > countershot > reprisal > rivet > fracture > tether > snapback > cinder > crosswind > flashpoint > slipstream > thermal-runaway > wallrunner > air-brake","https://caleb-guyer.github.io/recoil-foundry/?test=branches&combo=precision.cutting-torch.pulse-chamber.rewire.daisy-chain.wrecking-ball&v=2.74.0","https://caleb-guyer.github.io/recoil-foundry/?test=branches&combo=precision.cutting-torch.pulse-chamber.rewire.daisy-chain.wrecking-ball&room=boss&v=2.74.0","https://caleb-guyer.github.io/recoil-foundry/?test=branches&combo=precision.cutting-torch.pulse-chamber.rewire.daisy-chain.wrecking-ball&mirror=1&v=2.74.0"
"precision.cutting-torch.pulse-chamber.rewire.daisy-chain.triphammer","Precision","Cutting Torch","Pulse Chamber + Rewire + Daisy Chain + Triphammer","undefined","45","Deadeye > Cutting Torch > Burst fire > Pulse Chamber > Fold > Rewire > Arc Coil > Daisy Chain > Ramjet > Triphammer > Heavy hitter > Scattershot > Hair trigger > Bank shot > Punch through > Splinter > Airshot > Kickback > Bloodwork > Light frame > Backblast > Banker > Landing shot > Executioner > Slingshot > Redline > Breach > Shatter > Deadlock > Backfire > Capacitor > Reserve cell > Countershot > Reprisal > Rivet > Fracture > Tether rounds > Snapback > Cinder rounds > Crosswind > Flashpoint > Slipstream > Thermal Runaway > Wallrunner > Air Brake","deadeye > cutting-torch > burst > pulse-chamber > fold > rewire > arc-coil > daisy-chain > ramjet > triphammer > magnum > scatter > rapid > ricochet > pierce > split > airshot > kick > leech > light > backblast > banker > landing > execute > slingshot > redline > breach > shatter > deadlock > backfire > capacitor > reserve-cell > countershot > reprisal > rivet > fracture > tether > snapback > cinder > crosswind > flashpoint > slipstream > thermal-runaway > wallrunner > air-brake","https://caleb-guyer.github.io/recoil-foundry/?test=branches&combo=precision.cutting-torch.pulse-chamber.rewire.daisy-chain.triphammer&v=2.74.0","https://caleb-guyer.github.io/recoil-foundry/?test=branches&combo=precision.cutting-torch.pulse-chamber.rewire.daisy-chain.triphammer&room=boss&v=2.74.0","https://caleb-guyer.github.io/recoil-foundry/?test=branches&combo=precision.cutting-torch.pulse-chamber.rewire.daisy-chain.triphammer&mirror=1&v=2.74.0"
"precision.cutting-torch.pulse-chamber.rewire.short-circuit.wrecking-ball","Precision","Cutting Torch","Pulse Chamber + Rewire + Short Circuit + Wrecking Ball","undefined","45","Deadeye > Cutting Torch > Burst fire > Pulse Chamber > Fold > Rewire > Arc Coil > Short Circuit > Ramjet > Wrecking Ball > Heavy hitter > Scattershot > Hair trigger > Bank shot > Punch through > Splinter > Airshot > Kickback > Bloodwork > Light frame > Backblast > Banker > Landing shot > Executioner > Slingshot > Redline > Breach > Shatter > Deadlock > Backfire > Capacitor > Reserve cell > Countershot > Reprisal > Rivet > Fracture > Tether rounds > Snapback > Cinder rounds > Crosswind > Flashpoint > Slipstream > Thermal Runaway > Wallrunner > Air Brake","deadeye > cutting-torch > burst > pulse-chamber > fold > rewire > arc-coil > short-circuit > ramjet > wrecking-ball > magnum > scatter > rapid > ricochet > pierce > split > airshot > kick > leech > light > backblast > banker > landing > execute > slingshot > redline > breach > shatter > deadlock > backfire > capacitor > reserve-cell > countershot > reprisal > rivet > fracture > tether > snapback > cinder > crosswind > flashpoint > slipstream > thermal-runaway > wallrunner > air-brake","https://caleb-guyer.github.io/recoil-foundry/?test=branches&combo=precision.cutting-torch.pulse-chamber.rewire.short-circuit.wrecking-ball&v=2.74.0","https://caleb-guyer.github.io/recoil-foundry/?test=branches&combo=precision.cutting-torch.pulse-chamber.rewire.short-circuit.wrecking-ball&room=boss&v=2.74.0","https://caleb-guyer.github.io/recoil-foundry/?test=branches&combo=precision.cutting-torch.pulse-chamber.rewire.short-circuit.wrecking-ball&mirror=1&v=2.74.0"
"precision.cutting-torch.pulse-chamber.rewire.short-circuit.triphammer","Precision","Cutting Torch","Pulse Chamber + Rewire + Short Circuit + Triphammer","undefined","45","Deadeye > Cutting Torch > Burst fire > Pulse Chamber > Fold > Rewire > Arc Coil > Short Circuit > Ramjet > Triphammer > Heavy hitter > Scattershot > Hair trigger > Bank shot > Punch through > Splinter > Airshot > Kickback > Bloodwork > Light frame > Backblast > Banker > Landing shot > Executioner > Slingshot > Redline > Breach > Shatter > Deadlock > Backfire > Capacitor > Reserve cell > Countershot > Reprisal > Rivet > Fracture > Tether rounds > Snapback > Cinder rounds > Crosswind > Flashpoint > Slipstream > Thermal Runaway > Wallrunner > Air Brake","deadeye > cutting-torch > burst > pulse-chamber > fold > rewire > arc-coil > short-circuit > ramjet > triphammer > magnum > scatter > rapid > ricochet > pierce > split > airshot > kick > leech > light > backblast > banker > landing > execute > slingshot > redline > breach > shatter > deadlock > backfire > capacitor > reserve-cell > countershot > reprisal > rivet > fracture > tether > snapback > cinder > crosswind > flashpoint > slipstream > thermal-runaway > wallrunner > air-brake","https://caleb-guyer.github.io/recoil-foundry/?test=branches&combo=precision.cutting-torch.pulse-chamber.rewire.short-circuit.triphammer&v=2.74.0","https://caleb-guyer.github.io/recoil-foundry/?test=branches&combo=precision.cutting-torch.pulse-chamber.rewire.short-circuit.triphammer&room=boss&v=2.74.0","https://caleb-guyer.github.io/recoil-foundry/?test=branches&combo=precision.cutting-torch.pulse-chamber.rewire.short-circuit.triphammer&mirror=1&v=2.74.0"
"precision.cutting-torch.pulse-chamber.relay-gate.daisy-chain.wrecking-ball","Precision","Cutting Torch","Pulse Chamber + Relay Gate + Daisy Chain + Wrecking Ball","Resonator","46","Deadeye > Cutting Torch > Burst fire > Pulse Chamber > Fold > Relay Gate > Arc Coil > Daisy Chain > Ramjet > Wrecking Ball > Resonator > Heavy hitter > Scattershot > Hair trigger > Bank shot > Punch through > Splinter > Airshot > Kickback > Bloodwork > Light frame > Backblast > Banker > Landing shot > Executioner > Slingshot > Redline > Breach > Shatter > Deadlock > Backfire > Capacitor > Reserve cell > Countershot > Reprisal > Rivet > Fracture > Tether rounds > Snapback > Cinder rounds > Crosswind > Flashpoint > Slipstream > Thermal Runaway > Wallrunner > Air Brake","deadeye > cutting-torch > burst > pulse-chamber > fold > relay-gate > arc-coil > daisy-chain > ramjet > wrecking-ball > resonator > magnum > scatter > rapid > ricochet > pierce > split > airshot > kick > leech > light > backblast > banker > landing > execute > slingshot > redline > breach > shatter > deadlock > backfire > capacitor > reserve-cell > countershot > reprisal > rivet > fracture > tether > snapback > cinder > crosswind > flashpoint > slipstream > thermal-runaway > wallrunner > air-brake","https://caleb-guyer.github.io/recoil-foundry/?test=branches&combo=precision.cutting-torch.pulse-chamber.relay-gate.daisy-chain.wrecking-ball&v=2.74.0","https://caleb-guyer.github.io/recoil-foundry/?test=branches&combo=precision.cutting-torch.pulse-chamber.relay-gate.daisy-chain.wrecking-ball&room=boss&v=2.74.0","https://caleb-guyer.github.io/recoil-foundry/?test=branches&combo=precision.cutting-torch.pulse-chamber.relay-gate.daisy-chain.wrecking-ball&mirror=1&v=2.74.0"
"precision.cutting-torch.pulse-chamber.relay-gate.daisy-chain.triphammer","Precision","Cutting Torch","Pulse Chamber + Relay Gate + Daisy Chain + Triphammer","Resonator","46","Deadeye > Cutting Torch > Burst fire > Pulse Chamber > Fold > Relay Gate > Arc Coil > Daisy Chain > Ramjet > Triphammer > Resonator > Heavy hitter > Scattershot > Hair trigger > Bank shot > Punch through > Splinter > Airshot > Kickback > Bloodwork > Light frame > Backblast > Banker > Landing shot > Executioner > Slingshot > Redline > Breach > Shatter > Deadlock > Backfire > Capacitor > Reserve cell > Countershot > Reprisal > Rivet > Fracture > Tether rounds > Snapback > Cinder rounds > Crosswind > Flashpoint > Slipstream > Thermal Runaway > Wallrunner > Air Brake","deadeye > cutting-torch > burst > pulse-chamber > fold > relay-gate > arc-coil > daisy-chain > ramjet > triphammer > resonator > magnum > scatter > rapid > ricochet > pierce > split > airshot > kick > leech > light > backblast > banker > landing > execute > slingshot > redline > breach > shatter > deadlock > backfire > capacitor > reserve-cell > countershot > reprisal > rivet > fracture > tether > snapback > cinder > crosswind > flashpoint > slipstream > thermal-runaway > wallrunner > air-brake","https://caleb-guyer.github.io/recoil-foundry/?test=branches&combo=precision.cutting-torch.pulse-chamber.relay-gate.daisy-chain.triphammer&v=2.74.0","https://caleb-guyer.github.io/recoil-foundry/?test=branches&combo=precision.cutting-torch.pulse-chamber.relay-gate.daisy-chain.triphammer&room=boss&v=2.74.0","https://caleb-guyer.github.io/recoil-foundry/?test=branches&combo=precision.cutting-torch.pulse-chamber.relay-gate.daisy-chain.triphammer&mirror=1&v=2.74.0"
"precision.cutting-torch.pulse-chamber.relay-gate.short-circuit.wrecking-ball","Precision","Cutting Torch","Pulse Chamber + Relay Gate + Short Circuit + Wrecking Ball","Resonator","46","Deadeye > Cutting Torch > Burst fire > Pulse Chamber > Fold > Relay Gate > Arc Coil > Short Circuit > Ramjet > Wrecking Ball > Resonator > Heavy hitter > Scattershot > Hair trigger > Bank shot > Punch through > Splinter > Airshot > Kickback > Bloodwork > Light frame > Backblast > Banker > Landing shot > Executioner > Slingshot > Redline > Breach > Shatter > Deadlock > Backfire > Capacitor > Reserve cell > Countershot > Reprisal > Rivet > Fracture > Tether rounds > Snapback > Cinder rounds > Crosswind > Flashpoint > Slipstream > Thermal Runaway > Wallrunner > Air Brake","deadeye > cutting-torch > burst > pulse-chamber > fold > relay-gate > arc-coil > short-circuit > ramjet > wrecking-ball > resonator > magnum > scatter > rapid > ricochet > pierce > split > airshot > kick > leech > light > backblast > banker > landing > execute > slingshot > redline > breach > shatter > deadlock > backfire > capacitor > reserve-cell > countershot > reprisal > rivet > fracture > tether > snapback > cinder > crosswind > flashpoint > slipstream > thermal-runaway > wallrunner > air-brake","https://caleb-guyer.github.io/recoil-foundry/?test=branches&combo=precision.cutting-torch.pulse-chamber.relay-gate.short-circuit.wrecking-ball&v=2.74.0","https://caleb-guyer.github.io/recoil-foundry/?test=branches&combo=precision.cutting-torch.pulse-chamber.relay-gate.short-circuit.wrecking-ball&room=boss&v=2.74.0","https://caleb-guyer.github.io/recoil-foundry/?test=branches&combo=precision.cutting-torch.pulse-chamber.relay-gate.short-circuit.wrecking-ball&mirror=1&v=2.74.0"
"precision.cutting-torch.pulse-chamber.relay-gate.short-circuit.triphammer","Precision","Cutting Torch","Pulse Chamber + Relay Gate + Short Circuit + Triphammer","Resonator","46","Deadeye > Cutting Torch > Burst fire > Pulse Chamber > Fold > Relay Gate > Arc Coil > Short Circuit > Ramjet > Triphammer > Resonator > Heavy hitter > Scattershot > Hair trigger > Bank shot > Punch through > Splinter > Airshot > Kickback > Bloodwork > Light frame > Backblast > Banker > Landing shot > Executioner > Slingshot > Redline > Breach > Shatter > Deadlock > Backfire > Capacitor > Reserve cell > Countershot > Reprisal > Rivet > Fracture > Tether rounds > Snapback > Cinder rounds > Crosswind > Flashpoint > Slipstream > Thermal Runaway > Wallrunner > Air Brake","deadeye > cutting-torch > burst > pulse-chamber > fold > relay-gate > arc-coil > short-circuit > ramjet > triphammer > resonator > magnum > scatter > rapid > ricochet > pierce > split > airshot > kick > leech > light > backblast > banker > landing > execute > slingshot > redline > breach > shatter > deadlock > backfire > capacitor > reserve-cell > countershot > reprisal > rivet > fracture > tether > snapback > cinder > crosswind > flashpoint > slipstream > thermal-runaway > wallrunner > air-brake","https://caleb-guyer.github.io/recoil-foundry/?test=branches&combo=precision.cutting-torch.pulse-chamber.relay-gate.short-circuit.triphammer&v=2.74.0","https://caleb-guyer.github.io/recoil-foundry/?test=branches&combo=precision.cutting-torch.pulse-chamber.relay-gate.short-circuit.triphammer&room=boss&v=2.74.0","https://caleb-guyer.github.io/recoil-foundry/?test=branches&combo=precision.cutting-torch.pulse-chamber.relay-gate.short-circuit.triphammer&mirror=1&v=2.74.0"
"precision.cutting-torch.charge-lens.rewire.daisy-chain.wrecking-ball","Precision","Cutting Torch","Charge Lens + Rewire + Daisy Chain + Wrecking Ball","undefined","45","Deadeye > Cutting Torch > Charge Lens > Fold > Rewire > Arc Coil > Daisy Chain > Ramjet > Wrecking Ball > Heavy hitter > Scattershot > Hair trigger > Bank shot > Punch through > Splinter > Airshot > Kickback > Bloodwork > Light frame > Burst fire > Backblast > Banker > Landing shot > Executioner > Slingshot > Redline > Breach > Shatter > Deadlock > Backfire > Capacitor > Reserve cell > Countershot > Reprisal > Rivet > Fracture > Tether rounds > Snapback > Cinder rounds > Crosswind > Flashpoint > Slipstream > Thermal Runaway > Wallrunner > Air Brake","deadeye > cutting-torch > charge-lens > fold > rewire > arc-coil > daisy-chain > ramjet > wrecking-ball > magnum > scatter > rapid > ricochet > pierce > split > airshot > kick > leech > light > burst > backblast > banker > landing > execute > slingshot > redline > breach > shatter > deadlock > backfire > capacitor > reserve-cell > countershot > reprisal > rivet > fracture > tether > snapback > cinder > crosswind > flashpoint > slipstream > thermal-runaway > wallrunner > air-brake","https://caleb-guyer.github.io/recoil-foundry/?test=branches&combo=precision.cutting-torch.charge-lens.rewire.daisy-chain.wrecking-ball&v=2.74.0","https://caleb-guyer.github.io/recoil-foundry/?test=branches&combo=precision.cutting-torch.charge-lens.rewire.daisy-chain.wrecking-ball&room=boss&v=2.74.0","https://caleb-guyer.github.io/recoil-foundry/?test=branches&combo=precision.cutting-torch.charge-lens.rewire.daisy-chain.wrecking-ball&mirror=1&v=2.74.0"
"precision.cutting-torch.charge-lens.rewire.daisy-chain.triphammer","Precision","Cutting Torch","Charge Lens + Rewire + Daisy Chain + Triphammer","undefined","45","Deadeye > Cutting Torch > Charge Lens > Fold > Rewire > Arc Coil > Daisy Chain > Ramjet > Triphammer > Heavy hitter > Scattershot > Hair trigger > Bank shot > Punch through > Splinter > Airshot > Kickback > Bloodwork > Light frame > Burst fire > Backblast > Banker > Landing shot > Executioner > Slingshot > Redline > Breach > Shatter > Deadlock > Backfire > Capacitor > Reserve cell > Countershot > Reprisal > Rivet > Fracture > Tether rounds > Snapback > Cinder rounds > Crosswind > Flashpoint > Slipstream > Thermal Runaway > Wallrunner > Air Brake","deadeye > cutting-torch > charge-lens > fold > rewire > arc-coil > daisy-chain > ramjet > triphammer > magnum > scatter > rapid > ricochet > pierce > split > airshot > kick > leech > light > burst > backblast > banker > landing > execute > slingshot > redline > breach > shatter > deadlock > backfire > capacitor > reserve-cell > countershot > reprisal > rivet > fracture > tether > snapback > cinder > crosswind > flashpoint > slipstream > thermal-runaway > wallrunner > air-brake","https://caleb-guyer.github.io/recoil-foundry/?test=branches&combo=precision.cutting-torch.charge-lens.rewire.daisy-chain.triphammer&v=2.74.0","https://caleb-guyer.github.io/recoil-foundry/?test=branches&combo=precision.cutting-torch.charge-lens.rewire.daisy-chain.triphammer&room=boss&v=2.74.0","https://caleb-guyer.github.io/recoil-foundry/?test=branches&combo=precision.cutting-torch.charge-lens.rewire.daisy-chain.triphammer&mirror=1&v=2.74.0"
"precision.cutting-torch.charge-lens.rewire.short-circuit.wrecking-ball","Precision","Cutting Torch","Charge Lens + Rewire + Short Circuit + Wrecking Ball","undefined","45","Deadeye > Cutting Torch > Charge Lens > Fold > Rewire > Arc Coil > Short Circuit > Ramjet > Wrecking Ball > Heavy hitter > Scattershot > Hair trigger > Bank shot > Punch through > Splinter > Airshot > Kickback > Bloodwork > Light frame > Burst fire > Backblast > Banker > Landing shot > Executioner > Slingshot > Redline > Breach > Shatter > Deadlock > Backfire > Capacitor > Reserve cell > Countershot > Reprisal > Rivet > Fracture > Tether rounds > Snapback > Cinder rounds > Crosswind > Flashpoint > Slipstream > Thermal Runaway > Wallrunner > Air Brake","deadeye > cutting-torch > charge-lens > fold > rewire > arc-coil > short-circuit > ramjet > wrecking-ball > magnum > scatter > rapid > ricochet > pierce > split > airshot > kick > leech > light > burst > backblast > banker > landing > execute > slingshot > redline > breach > shatter > deadlock > backfire > capacitor > reserve-cell > countershot > reprisal > rivet > fracture > tether > snapback > cinder > crosswind > flashpoint > slipstream > thermal-runaway > wallrunner > air-brake","https://caleb-guyer.github.io/recoil-foundry/?test=branches&combo=precision.cutting-torch.charge-lens.rewire.short-circuit.wrecking-ball&v=2.74.0","https://caleb-guyer.github.io/recoil-foundry/?test=branches&combo=precision.cutting-torch.charge-lens.rewire.short-circuit.wrecking-ball&room=boss&v=2.74.0","https://caleb-guyer.github.io/recoil-foundry/?test=branches&combo=precision.cutting-torch.charge-lens.rewire.short-circuit.wrecking-ball&mirror=1&v=2.74.0"
"precision.cutting-torch.charge-lens.rewire.short-circuit.triphammer","Precision","Cutting Torch","Charge Lens + Rewire + Short Circuit + Triphammer","undefined","45","Deadeye > Cutting Torch > Charge Lens > Fold > Rewire > Arc Coil > Short Circuit > Ramjet > Triphammer > Heavy hitter > Scattershot > Hair trigger > Bank shot > Punch through > Splinter > Airshot > Kickback > Bloodwork > Light frame > Burst fire > Backblast > Banker > Landing shot > Executioner > Slingshot > Redline > Breach > Shatter > Deadlock > Backfire > Capacitor > Reserve cell > Countershot > Reprisal > Rivet > Fracture > Tether rounds > Snapback > Cinder rounds > Crosswind > Flashpoint > Slipstream > Thermal Runaway > Wallrunner > Air Brake","deadeye > cutting-torch > charge-lens > fold > rewire > arc-coil > short-circuit > ramjet > triphammer > magnum > scatter > rapid > ricochet > pierce > split > airshot > kick > leech > light > burst > backblast > banker > landing > execute > slingshot > redline > breach > shatter > deadlock > backfire > capacitor > reserve-cell > countershot > reprisal > rivet > fracture > tether > snapback > cinder > crosswind > flashpoint > slipstream > thermal-runaway > wallrunner > air-brake","https://caleb-guyer.github.io/recoil-foundry/?test=branches&combo=precision.cutting-torch.charge-lens.rewire.short-circuit.triphammer&v=2.74.0","https://caleb-guyer.github.io/recoil-foundry/?test=branches&combo=precision.cutting-torch.charge-lens.rewire.short-circuit.triphammer&room=boss&v=2.74.0","https://caleb-guyer.github.io/recoil-foundry/?test=branches&combo=precision.cutting-torch.charge-lens.rewire.short-circuit.triphammer&mirror=1&v=2.74.0"
"precision.cutting-torch.charge-lens.relay-gate.daisy-chain.wrecking-ball","Precision","Cutting Torch","Charge Lens + Relay Gate + Daisy Chain + Wrecking Ball","undefined","45","Deadeye > Cutting Torch > Charge Lens > Fold > Relay Gate > Arc Coil > Daisy Chain > Ramjet > Wrecking Ball > Heavy hitter > Scattershot > Hair trigger > Bank shot > Punch through > Splinter > Airshot > Kickback > Bloodwork > Light frame > Burst fire > Backblast > Banker > Landing shot > Executioner > Slingshot > Redline > Breach > Shatter > Deadlock > Backfire > Capacitor > Reserve cell > Countershot > Reprisal > Rivet > Fracture > Tether rounds > Snapback > Cinder rounds > Crosswind > Flashpoint > Slipstream > Thermal Runaway > Wallrunner > Air Brake","deadeye > cutting-torch > charge-lens > fold > relay-gate > arc-coil > daisy-chain > ramjet > wrecking-ball > magnum > scatter > rapid > ricochet > pierce > split > airshot > kick > leech > light > burst > backblast > banker > landing > execute > slingshot > redline > breach > shatter > deadlock > backfire > capacitor > reserve-cell > countershot > reprisal > rivet > fracture > tether > snapback > cinder > crosswind > flashpoint > slipstream > thermal-runaway > wallrunner > air-brake","https://caleb-guyer.github.io/recoil-foundry/?test=branches&combo=precision.cutting-torch.charge-lens.relay-gate.daisy-chain.wrecking-ball&v=2.74.0","https://caleb-guyer.github.io/recoil-foundry/?test=branches&combo=precision.cutting-torch.charge-lens.relay-gate.daisy-chain.wrecking-ball&room=boss&v=2.74.0","https://caleb-guyer.github.io/recoil-foundry/?test=branches&combo=precision.cutting-torch.charge-lens.relay-gate.daisy-chain.wrecking-ball&mirror=1&v=2.74.0"
"precision.cutting-torch.charge-lens.relay-gate.daisy-chain.triphammer","Precision","Cutting Torch","Charge Lens + Relay Gate + Daisy Chain + Triphammer","undefined","45","Deadeye > Cutting Torch > Charge Lens > Fold > Relay Gate > Arc Coil > Daisy Chain > Ramjet > Triphammer > Heavy hitter > Scattershot > Hair trigger > Bank shot > Punch through > Splinter > Airshot > Kickback > Bloodwork > Light frame > Burst fire > Backblast > Banker > Landing shot > Executioner > Slingshot > Redline > Breach > Shatter > Deadlock > Backfire > Capacitor > Reserve cell > Countershot > Reprisal > Rivet > Fracture > Tether rounds > Snapback > Cinder rounds > Crosswind > Flashpoint > Slipstream > Thermal Runaway > Wallrunner > Air Brake","deadeye > cutting-torch > charge-lens > fold > relay-gate > arc-coil > daisy-chain > ramjet > triphammer > magnum > scatter > rapid > ricochet > pierce > split > airshot > kick > leech > light > burst > backblast > banker > landing > execute > slingshot > redline > breach > shatter > deadlock > backfire > capacitor > reserve-cell > countershot > reprisal > rivet > fracture > tether > snapback > cinder > crosswind > flashpoint > slipstream > thermal-runaway > wallrunner > air-brake","https://caleb-guyer.github.io/recoil-foundry/?test=branches&combo=precision.cutting-torch.charge-lens.relay-gate.daisy-chain.triphammer&v=2.74.0","https://caleb-guyer.github.io/recoil-foundry/?test=branches&combo=precision.cutting-torch.charge-lens.relay-gate.daisy-chain.triphammer&room=boss&v=2.74.0","https://caleb-guyer.github.io/recoil-foundry/?test=branches&combo=precision.cutting-torch.charge-lens.relay-gate.daisy-chain.triphammer&mirror=1&v=2.74.0"
"precision.cutting-torch.charge-lens.relay-gate.short-circuit.wrecking-ball","Precision","Cutting Torch","Charge Lens + Relay Gate + Short Circuit + Wrecking Ball","undefined","45","Deadeye > Cutting Torch > Charge Lens > Fold > Relay Gate > Arc Coil > Short Circuit > Ramjet > Wrecking Ball > Heavy hitter > Scattershot > Hair trigger > Bank shot > Punch through > Splinter > Airshot > Kickback > Bloodwork > Light frame > Burst fire > Backblast > Banker > Landing shot > Executioner > Slingshot > Redline > Breach > Shatter > Deadlock > Backfire > Capacitor > Reserve cell > Countershot > Reprisal > Rivet > Fracture > Tether rounds > Snapback > Cinder rounds > Crosswind > Flashpoint > Slipstream > Thermal Runaway > Wallrunner > Air Brake","deadeye > cutting-torch > charge-lens > fold > relay-gate > arc-coil > short-circuit > ramjet > wrecking-ball > magnum > scatter > rapid > ricochet > pierce > split > airshot > kick > leech > light > burst > backblast > banker > landing > execute > slingshot > redline > breach > shatter > deadlock > backfire > capacitor > reserve-cell > countershot > reprisal > rivet > fracture > tether > snapback > cinder > crosswind > flashpoint > slipstream > thermal-runaway > wallrunner > air-brake","https://caleb-guyer.github.io/recoil-foundry/?test=branches&combo=precision.cutting-torch.charge-lens.relay-gate.short-circuit.wrecking-ball&v=2.74.0","https://caleb-guyer.github.io/recoil-foundry/?test=branches&combo=precision.cutting-torch.charge-lens.relay-gate.short-circuit.wrecking-ball&room=boss&v=2.74.0","https://caleb-guyer.github.io/recoil-foundry/?test=branches&combo=precision.cutting-torch.charge-lens.relay-gate.short-circuit.wrecking-ball&mirror=1&v=2.74.0"
"precision.cutting-torch.charge-lens.relay-gate.short-circuit.triphammer","Precision","Cutting Torch","Charge Lens + Relay Gate + Short Circuit + Triphammer","undefined","45","Deadeye > Cutting Torch > Charge Lens > Fold > Relay Gate > Arc Coil > Short Circuit > Ramjet > Triphammer > Heavy hitter > Scattershot > Hair trigger > Bank shot > Punch through > Splinter > Airshot > Kickback > Bloodwork > Light frame > Burst fire > Backblast > Banker > Landing shot > Executioner > Slingshot > Redline > Breach > Shatter > Deadlock > Backfire > Capacitor > Reserve cell > Countershot > Reprisal > Rivet > Fracture > Tether rounds > Snapback > Cinder rounds > Crosswind > Flashpoint > Slipstream > Thermal Runaway > Wallrunner > Air Brake","deadeye > cutting-torch > charge-lens > fold > relay-gate > arc-coil > short-circuit > ramjet > triphammer > magnum > scatter > rapid > ricochet > pierce > split > airshot > kick > leech > light > burst > backblast > banker > landing > execute > slingshot > redline > breach > shatter > deadlock > backfire > capacitor > reserve-cell > countershot > reprisal > rivet > fracture > tether > snapback > cinder > crosswind > flashpoint > slipstream > thermal-runaway > wallrunner > air-brake","https://caleb-guyer.github.io/recoil-foundry/?test=branches&combo=precision.cutting-torch.charge-lens.relay-gate.short-circuit.triphammer&v=2.74.0","https://caleb-guyer.github.io/recoil-foundry/?test=branches&combo=precision.cutting-torch.charge-lens.relay-gate.short-circuit.triphammer&room=boss&v=2.74.0","https://caleb-guyer.github.io/recoil-foundry/?test=branches&combo=precision.cutting-torch.charge-lens.relay-gate.short-circuit.triphammer&mirror=1&v=2.74.0"
"precision.cutting-torch.prism-array.rewire.daisy-chain.wrecking-ball","Precision","Cutting Torch","Prism Array + Rewire + Daisy Chain + Wrecking Ball","undefined","45","Deadeye > Cutting Torch > Prism Array > Fold > Rewire > Arc Coil > Daisy Chain > Ramjet > Wrecking Ball > Heavy hitter > Scattershot > Hair trigger > Bank shot > Punch through > Splinter > Airshot > Kickback > Bloodwork > Light frame > Burst fire > Backblast > Banker > Landing shot > Executioner > Slingshot > Redline > Breach > Shatter > Deadlock > Backfire > Capacitor > Reserve cell > Countershot > Reprisal > Rivet > Fracture > Tether rounds > Snapback > Cinder rounds > Crosswind > Flashpoint > Slipstream > Thermal Runaway > Wallrunner > Air Brake","deadeye > cutting-torch > prism-array > fold > rewire > arc-coil > daisy-chain > ramjet > wrecking-ball > magnum > scatter > rapid > ricochet > pierce > split > airshot > kick > leech > light > burst > backblast > banker > landing > execute > slingshot > redline > breach > shatter > deadlock > backfire > capacitor > reserve-cell > countershot > reprisal > rivet > fracture > tether > snapback > cinder > crosswind > flashpoint > slipstream > thermal-runaway > wallrunner > air-brake","https://caleb-guyer.github.io/recoil-foundry/?test=branches&combo=precision.cutting-torch.prism-array.rewire.daisy-chain.wrecking-ball&v=2.74.0","https://caleb-guyer.github.io/recoil-foundry/?test=branches&combo=precision.cutting-torch.prism-array.rewire.daisy-chain.wrecking-ball&room=boss&v=2.74.0","https://caleb-guyer.github.io/recoil-foundry/?test=branches&combo=precision.cutting-torch.prism-array.rewire.daisy-chain.wrecking-ball&mirror=1&v=2.74.0"
"precision.cutting-torch.prism-array.rewire.daisy-chain.triphammer","Precision","Cutting Torch","Prism Array + Rewire + Daisy Chain + Triphammer","undefined","45","Deadeye > Cutting Torch > Prism Array > Fold > Rewire > Arc Coil > Daisy Chain > Ramjet > Triphammer > Heavy hitter > Scattershot > Hair trigger > Bank shot > Punch through > Splinter > Airshot > Kickback > Bloodwork > Light frame > Burst fire > Backblast > Banker > Landing shot > Executioner > Slingshot > Redline > Breach > Shatter > Deadlock > Backfire > Capacitor > Reserve cell > Countershot > Reprisal > Rivet > Fracture > Tether rounds > Snapback > Cinder rounds > Crosswind > Flashpoint > Slipstream > Thermal Runaway > Wallrunner > Air Brake","deadeye > cutting-torch > prism-array > fold > rewire > arc-coil > daisy-chain > ramjet > triphammer > magnum > scatter > rapid > ricochet > pierce > split > airshot > kick > leech > light > burst > backblast > banker > landing > execute > slingshot > redline > breach > shatter > deadlock > backfire > capacitor > reserve-cell > countershot > reprisal > rivet > fracture > tether > snapback > cinder > crosswind > flashpoint > slipstream > thermal-runaway > wallrunner > air-brake","https://caleb-guyer.github.io/recoil-foundry/?test=branches&combo=precision.cutting-torch.prism-array.rewire.daisy-chain.triphammer&v=2.74.0","https://caleb-guyer.github.io/recoil-foundry/?test=branches&combo=precision.cutting-torch.prism-array.rewire.daisy-chain.triphammer&room=boss&v=2.74.0","https://caleb-guyer.github.io/recoil-foundry/?test=branches&combo=precision.cutting-torch.prism-array.rewire.daisy-chain.triphammer&mirror=1&v=2.74.0"
"precision.cutting-torch.prism-array.rewire.short-circuit.wrecking-ball","Precision","Cutting Torch","Prism Array + Rewire + Short Circuit + Wrecking Ball","undefined","45","Deadeye > Cutting Torch > Prism Array > Fold > Rewire > Arc Coil > Short Circuit > Ramjet > Wrecking Ball > Heavy hitter > Scattershot > Hair trigger > Bank shot > Punch through > Splinter > Airshot > Kickback > Bloodwork > Light frame > Burst fire > Backblast > Banker > Landing shot > Executioner > Slingshot > Redline > Breach > Shatter > Deadlock > Backfire > Capacitor > Reserve cell > Countershot > Reprisal > Rivet > Fracture > Tether rounds > Snapback > Cinder rounds > Crosswind > Flashpoint > Slipstream > Thermal Runaway > Wallrunner > Air Brake","deadeye > cutting-torch > prism-array > fold > rewire > arc-coil > short-circuit > ramjet > wrecking-ball > magnum > scatter > rapid > ricochet > pierce > split > airshot > kick > leech > light > burst > backblast > banker > landing > execute > slingshot > redline > breach > shatter > deadlock > backfire > capacitor > reserve-cell > countershot > reprisal > rivet > fracture > tether > snapback > cinder > crosswind > flashpoint > slipstream > thermal-runaway > wallrunner > air-brake","https://caleb-guyer.github.io/recoil-foundry/?test=branches&combo=precision.cutting-torch.prism-array.rewire.short-circuit.wrecking-ball&v=2.74.0","https://caleb-guyer.github.io/recoil-foundry/?test=branches&combo=precision.cutting-torch.prism-array.rewire.short-circuit.wrecking-ball&room=boss&v=2.74.0","https://caleb-guyer.github.io/recoil-foundry/?test=branches&combo=precision.cutting-torch.prism-array.rewire.short-circuit.wrecking-ball&mirror=1&v=2.74.0"
"precision.cutting-torch.prism-array.rewire.short-circuit.triphammer","Precision","Cutting Torch","Prism Array + Rewire + Short Circuit + Triphammer","undefined","45","Deadeye > Cutting Torch > Prism Array > Fold > Rewire > Arc Coil > Short Circuit > Ramjet > Triphammer > Heavy hitter > Scattershot > Hair trigger > Bank shot > Punch through > Splinter > Airshot > Kickback > Bloodwork > Light frame > Burst fire > Backblast > Banker > Landing shot > Executioner > Slingshot > Redline > Breach > Shatter > Deadlock > Backfire > Capacitor > Reserve cell > Countershot > Reprisal > Rivet > Fracture > Tether rounds > Snapback > Cinder rounds > Crosswind > Flashpoint > Slipstream > Thermal Runaway > Wallrunner > Air Brake","deadeye > cutting-torch > prism-array > fold > rewire > arc-coil > short-circuit > ramjet > triphammer > magnum > scatter > rapid > ricochet > pierce > split > airshot > kick > leech > light > burst > backblast > banker > landing > execute > slingshot > redline > breach > shatter > deadlock > backfire > capacitor > reserve-cell > countershot > reprisal > rivet > fracture > tether > snapback > cinder > crosswind > flashpoint > slipstream > thermal-runaway > wallrunner > air-brake","https://caleb-guyer.github.io/recoil-foundry/?test=branches&combo=precision.cutting-torch.prism-array.rewire.short-circuit.triphammer&v=2.74.0","https://caleb-guyer.github.io/recoil-foundry/?test=branches&combo=precision.cutting-torch.prism-array.rewire.short-circuit.triphammer&room=boss&v=2.74.0","https://caleb-guyer.github.io/recoil-foundry/?test=branches&combo=precision.cutting-torch.prism-array.rewire.short-circuit.triphammer&mirror=1&v=2.74.0"
"precision.cutting-torch.prism-array.relay-gate.daisy-chain.wrecking-ball","Precision","Cutting Torch","Prism Array + Relay Gate + Daisy Chain + Wrecking Ball","undefined","45","Deadeye > Cutting Torch > Prism Array > Fold > Relay Gate > Arc Coil > Daisy Chain > Ramjet > Wrecking Ball > Heavy hitter > Scattershot > Hair trigger > Bank shot > Punch through > Splinter > Airshot > Kickback > Bloodwork > Light frame > Burst fire > Backblast > Banker > Landing shot > Executioner > Slingshot > Redline > Breach > Shatter > Deadlock > Backfire > Capacitor > Reserve cell > Countershot > Reprisal > Rivet > Fracture > Tether rounds > Snapback > Cinder rounds > Crosswind > Flashpoint > Slipstream > Thermal Runaway > Wallrunner > Air Brake","deadeye > cutting-torch > prism-array > fold > relay-gate > arc-coil > daisy-chain > ramjet > wrecking-ball > magnum > scatter > rapid > ricochet > pierce > split > airshot > kick > leech > light > burst > backblast > banker > landing > execute > slingshot > redline > breach > shatter > deadlock > backfire > capacitor > reserve-cell > countershot > reprisal > rivet > fracture > tether > snapback > cinder > crosswind > flashpoint > slipstream > thermal-runaway > wallrunner > air-brake","https://caleb-guyer.github.io/recoil-foundry/?test=branches&combo=precision.cutting-torch.prism-array.relay-gate.daisy-chain.wrecking-ball&v=2.74.0","https://caleb-guyer.github.io/recoil-foundry/?test=branches&combo=precision.cutting-torch.prism-array.relay-gate.daisy-chain.wrecking-ball&room=boss&v=2.74.0","https://caleb-guyer.github.io/recoil-foundry/?test=branches&combo=precision.cutting-torch.prism-array.relay-gate.daisy-chain.wrecking-ball&mirror=1&v=2.74.0"
"precision.cutting-torch.prism-array.relay-gate.daisy-chain.triphammer","Precision","Cutting Torch","Prism Array + Relay Gate + Daisy Chain + Triphammer","undefined","45","Deadeye > Cutting Torch > Prism Array > Fold > Relay Gate > Arc Coil > Daisy Chain > Ramjet > Triphammer > Heavy hitter > Scattershot > Hair trigger > Bank shot > Punch through > Splinter > Airshot > Kickback > Bloodwork > Light frame > Burst fire > Backblast > Banker > Landing shot > Executioner > Slingshot > Redline > Breach > Shatter > Deadlock > Backfire > Capacitor > Reserve cell > Countershot > Reprisal > Rivet > Fracture > Tether rounds > Snapback > Cinder rounds > Crosswind > Flashpoint > Slipstream > Thermal Runaway > Wallrunner > Air Brake","deadeye > cutting-torch > prism-array > fold > relay-gate > arc-coil > daisy-chain > ramjet > triphammer > magnum > scatter > rapid > ricochet > pierce > split > airshot > kick > leech > light > burst > backblast > banker > landing > execute > slingshot > redline > breach > shatter > deadlock > backfire > capacitor > reserve-cell > countershot > reprisal > rivet > fracture > tether > snapback > cinder > crosswind > flashpoint > slipstream > thermal-runaway > wallrunner > air-brake","https://caleb-guyer.github.io/recoil-foundry/?test=branches&combo=precision.cutting-torch.prism-array.relay-gate.daisy-chain.triphammer&v=2.74.0","https://caleb-guyer.github.io/recoil-foundry/?test=branches&combo=precision.cutting-torch.prism-array.relay-gate.daisy-chain.triphammer&room=boss&v=2.74.0","https://caleb-guyer.github.io/recoil-foundry/?test=branches&combo=precision.cutting-torch.prism-array.relay-gate.daisy-chain.triphammer&mirror=1&v=2.74.0"
"precision.cutting-torch.prism-array.relay-gate.short-circuit.wrecking-ball","Precision","Cutting Torch","Prism Array + Relay Gate + Short Circuit + Wrecking Ball","undefined","45","Deadeye > Cutting Torch > Prism Array > Fold > Relay Gate > Arc Coil > Short Circuit > Ramjet > Wrecking Ball > Heavy hitter > Scattershot > Hair trigger > Bank shot > Punch through > Splinter > Airshot > Kickback > Bloodwork > Light frame > Burst fire > Backblast > Banker > Landing shot > Executioner > Slingshot > Redline > Breach > Shatter > Deadlock > Backfire > Capacitor > Reserve cell > Countershot > Reprisal > Rivet > Fracture > Tether rounds > Snapback > Cinder rounds > Crosswind > Flashpoint > Slipstream > Thermal Runaway > Wallrunner > Air Brake","deadeye > cutting-torch > prism-array > fold > relay-gate > arc-coil > short-circuit > ramjet > wrecking-ball > magnum > scatter > rapid > ricochet > pierce > split > airshot > kick > leech > light > burst > backblast > banker > landing > execute > slingshot > redline > breach > shatter > deadlock > backfire > capacitor > reserve-cell > countershot > reprisal > rivet > fracture > tether > snapback > cinder > crosswind > flashpoint > slipstream > thermal-runaway > wallrunner > air-brake","https://caleb-guyer.github.io/recoil-foundry/?test=branches&combo=precision.cutting-torch.prism-array.relay-gate.short-circuit.wrecking-ball&v=2.74.0","https://caleb-guyer.github.io/recoil-foundry/?test=branches&combo=precision.cutting-torch.prism-array.relay-gate.short-circuit.wrecking-ball&room=boss&v=2.74.0","https://caleb-guyer.github.io/recoil-foundry/?test=branches&combo=precision.cutting-torch.prism-array.relay-gate.short-circuit.wrecking-ball&mirror=1&v=2.74.0"
"precision.cutting-torch.prism-array.relay-gate.short-circuit.triphammer","Precision","Cutting Torch","Prism Array + Relay Gate + Short Circuit + Triphammer","undefined","45","Deadeye > Cutting Torch > Prism Array > Fold > Relay Gate > Arc Coil > Short Circuit > Ramjet > Triphammer > Heavy hitter > Scattershot > Hair trigger > Bank shot > Punch through > Splinter > Airshot > Kickback > Bloodwork > Light frame > Burst fire > Backblast > Banker > Landing shot > Executioner > Slingshot > Redline > Breach > Shatter > Deadlock > Backfire > Capacitor > Reserve cell > Countershot > Reprisal > Rivet > Fracture > Tether rounds > Snapback > Cinder rounds > Crosswind > Flashpoint > Slipstream > Thermal Runaway > Wallrunner > Air Brake","deadeye > cutting-torch > prism-array > fold > relay-gate > arc-coil > short-circuit > ramjet > triphammer > magnum > scatter > rapid > ricochet > pierce > split > airshot > kick > leech > light > burst > backblast > banker > landing > execute > slingshot > redline > breach > shatter > deadlock > backfire > capacitor > reserve-cell > countershot > reprisal > rivet > fracture > tether > snapback > cinder > crosswind > flashpoint > slipstream > thermal-runaway > wallrunner > air-brake","https://caleb-guyer.github.io/recoil-foundry/?test=branches&combo=precision.cutting-torch.prism-array.relay-gate.short-circuit.triphammer&v=2.74.0","https://caleb-guyer.github.io/recoil-foundry/?test=branches&combo=precision.cutting-torch.prism-array.relay-gate.short-circuit.triphammer&room=boss&v=2.74.0","https://caleb-guyer.github.io/recoil-foundry/?test=branches&combo=precision.cutting-torch.prism-array.relay-gate.short-circuit.triphammer&mirror=1&v=2.74.0"
"precision.rail-spike.rewire.daisy-chain.wrecking-ball.corner-cutter","Precision","Rail spike","Rewire + Daisy Chain + Wrecking Ball + Corner Cutter","Rail spike","48","Deadeye > Capacitor > Rail spike > Fold > Rewire > Arc Coil > Daisy Chain > Ramjet > Wrecking Ball > Grindshot > Corner Cutter > Heavy hitter > Scattershot > Hair trigger > Bank shot > Punch through > Splinter > Airshot > Kickback > Bloodwork > Light frame > Burst fire > Backblast > Banker > Landing shot > Executioner > Slingshot > Redline > Breach > Shatter > Deadlock > Backfire > Recall > Homecoming > Reserve cell > Countershot > Reprisal > Rivet > Fracture > Tether rounds > Snapback > Cinder rounds > Crosswind > Flashpoint > Slipstream > Retrace > Wallrunner > Air Brake","deadeye > capacitor > rail-spike > fold > rewire > arc-coil > daisy-chain > ramjet > wrecking-ball > grindshot > corner-cutter > magnum > scatter > rapid > ricochet > pierce > split > airshot > kick > leech > light > burst > backblast > banker > landing > execute > slingshot > redline > breach > shatter > deadlock > backfire > recall > homecoming > reserve-cell > countershot > reprisal > rivet > fracture > tether > snapback > cinder > crosswind > flashpoint > slipstream > retrace > wallrunner > air-brake","https://caleb-guyer.github.io/recoil-foundry/?test=branches&combo=precision.rail-spike.rewire.daisy-chain.wrecking-ball.corner-cutter&v=2.74.0","https://caleb-guyer.github.io/recoil-foundry/?test=branches&combo=precision.rail-spike.rewire.daisy-chain.wrecking-ball.corner-cutter&room=boss&v=2.74.0","https://caleb-guyer.github.io/recoil-foundry/?test=branches&combo=precision.rail-spike.rewire.daisy-chain.wrecking-ball.corner-cutter&mirror=1&v=2.74.0"
"precision.rail-spike.rewire.daisy-chain.wrecking-ball.crosscut","Precision","Rail spike","Rewire + Daisy Chain + Wrecking Ball + Crosscut","Rail spike","48","Deadeye > Capacitor > Rail spike > Fold > Rewire > Arc Coil > Daisy Chain > Ramjet > Wrecking Ball > Grindshot > Crosscut > Heavy hitter > Scattershot > Hair trigger > Bank shot > Punch through > Splinter > Airshot > Kickback > Bloodwork > Light frame > Burst fire > Backblast > Banker > Landing shot > Executioner > Slingshot > Redline > Breach > Shatter > Deadlock > Backfire > Recall > Homecoming > Reserve cell > Countershot > Reprisal > Rivet > Fracture > Tether rounds > Snapback > Cinder rounds > Crosswind > Flashpoint > Slipstream > Retrace > Wallrunner > Air Brake","deadeye > capacitor > rail-spike > fold > rewire > arc-coil > daisy-chain > ramjet > wrecking-ball > grindshot > crosscut > magnum > scatter > rapid > ricochet > pierce > split > airshot > kick > leech > light > burst > backblast > banker > landing > execute > slingshot > redline > breach > shatter > deadlock > backfire > recall > homecoming > reserve-cell > countershot > reprisal > rivet > fracture > tether > snapback > cinder > crosswind > flashpoint > slipstream > retrace > wallrunner > air-brake","https://caleb-guyer.github.io/recoil-foundry/?test=branches&combo=precision.rail-spike.rewire.daisy-chain.wrecking-ball.crosscut&v=2.74.0","https://caleb-guyer.github.io/recoil-foundry/?test=branches&combo=precision.rail-spike.rewire.daisy-chain.wrecking-ball.crosscut&room=boss&v=2.74.0","https://caleb-guyer.github.io/recoil-foundry/?test=branches&combo=precision.rail-spike.rewire.daisy-chain.wrecking-ball.crosscut&mirror=1&v=2.74.0"
"precision.rail-spike.rewire.daisy-chain.triphammer.corner-cutter","Precision","Rail spike","Rewire + Daisy Chain + Triphammer + Corner Cutter","Rail spike","48","Deadeye > Capacitor > Rail spike > Fold > Rewire > Arc Coil > Daisy Chain > Ramjet > Triphammer > Grindshot > Corner Cutter > Heavy hitter > Scattershot > Hair trigger > Bank shot > Punch through > Splinter > Airshot > Kickback > Bloodwork > Light frame > Burst fire > Backblast > Banker > Landing shot > Executioner > Slingshot > Redline > Breach > Shatter > Deadlock > Backfire > Recall > Homecoming > Reserve cell > Countershot > Reprisal > Rivet > Fracture > Tether rounds > Snapback > Cinder rounds > Crosswind > Flashpoint > Slipstream > Retrace > Wallrunner > Air Brake","deadeye > capacitor > rail-spike > fold > rewire > arc-coil > daisy-chain > ramjet > triphammer > grindshot > corner-cutter > magnum > scatter > rapid > ricochet > pierce > split > airshot > kick > leech > light > burst > backblast > banker > landing > execute > slingshot > redline > breach > shatter > deadlock > backfire > recall > homecoming > reserve-cell > countershot > reprisal > rivet > fracture > tether > snapback > cinder > crosswind > flashpoint > slipstream > retrace > wallrunner > air-brake","https://caleb-guyer.github.io/recoil-foundry/?test=branches&combo=precision.rail-spike.rewire.daisy-chain.triphammer.corner-cutter&v=2.74.0","https://caleb-guyer.github.io/recoil-foundry/?test=branches&combo=precision.rail-spike.rewire.daisy-chain.triphammer.corner-cutter&room=boss&v=2.74.0","https://caleb-guyer.github.io/recoil-foundry/?test=branches&combo=precision.rail-spike.rewire.daisy-chain.triphammer.corner-cutter&mirror=1&v=2.74.0"
"precision.rail-spike.rewire.daisy-chain.triphammer.crosscut","Precision","Rail spike","Rewire + Daisy Chain + Triphammer + Crosscut","Rail spike","48","Deadeye > Capacitor > Rail spike > Fold > Rewire > Arc Coil > Daisy Chain > Ramjet > Triphammer > Grindshot > Crosscut > Heavy hitter > Scattershot > Hair trigger > Bank shot > Punch through > Splinter > Airshot > Kickback > Bloodwork > Light frame > Burst fire > Backblast > Banker > Landing shot > Executioner > Slingshot > Redline > Breach > Shatter > Deadlock > Backfire > Recall > Homecoming > Reserve cell > Countershot > Reprisal > Rivet > Fracture > Tether rounds > Snapback > Cinder rounds > Crosswind > Flashpoint > Slipstream > Retrace > Wallrunner > Air Brake","deadeye > capacitor > rail-spike > fold > rewire > arc-coil > daisy-chain > ramjet > triphammer > grindshot > crosscut > magnum > scatter > rapid > ricochet > pierce > split > airshot > kick > leech > light > burst > backblast > banker > landing > execute > slingshot > redline > breach > shatter > deadlock > backfire > recall > homecoming > reserve-cell > countershot > reprisal > rivet > fracture > tether > snapback > cinder > crosswind > flashpoint > slipstream > retrace > wallrunner > air-brake","https://caleb-guyer.github.io/recoil-foundry/?test=branches&combo=precision.rail-spike.rewire.daisy-chain.triphammer.crosscut&v=2.74.0","https://caleb-guyer.github.io/recoil-foundry/?test=branches&combo=precision.rail-spike.rewire.daisy-chain.triphammer.crosscut&room=boss&v=2.74.0","https://caleb-guyer.github.io/recoil-foundry/?test=branches&combo=precision.rail-spike.rewire.daisy-chain.triphammer.crosscut&mirror=1&v=2.74.0"
"precision.rail-spike.rewire.short-circuit.wrecking-ball.corner-cutter","Precision","Rail spike","Rewire + Short Circuit + Wrecking Ball + Corner Cutter","Rail spike","48","Deadeye > Capacitor > Rail spike > Fold > Rewire > Arc Coil > Short Circuit > Ramjet > Wrecking Ball > Grindshot > Corner Cutter > Heavy hitter > Scattershot > Hair trigger > Bank shot > Punch through > Splinter > Airshot > Kickback > Bloodwork > Light frame > Burst fire > Backblast > Banker > Landing shot > Executioner > Slingshot > Redline > Breach > Shatter > Deadlock > Backfire > Recall > Homecoming > Reserve cell > Countershot > Reprisal > Rivet > Fracture > Tether rounds > Snapback > Cinder rounds > Crosswind > Flashpoint > Slipstream > Retrace > Wallrunner > Air Brake","deadeye > capacitor > rail-spike > fold > rewire > arc-coil > short-circuit > ramjet > wrecking-ball > grindshot > corner-cutter > magnum > scatter > rapid > ricochet > pierce > split > airshot > kick > leech > light > burst > backblast > banker > landing > execute > slingshot > redline > breach > shatter > deadlock > backfire > recall > homecoming > reserve-cell > countershot > reprisal > rivet > fracture > tether > snapback > cinder > crosswind > flashpoint > slipstream > retrace > wallrunner > air-brake","https://caleb-guyer.github.io/recoil-foundry/?test=branches&combo=precision.rail-spike.rewire.short-circuit.wrecking-ball.corner-cutter&v=2.74.0","https://caleb-guyer.github.io/recoil-foundry/?test=branches&combo=precision.rail-spike.rewire.short-circuit.wrecking-ball.corner-cutter&room=boss&v=2.74.0","https://caleb-guyer.github.io/recoil-foundry/?test=branches&combo=precision.rail-spike.rewire.short-circuit.wrecking-ball.corner-cutter&mirror=1&v=2.74.0"
"precision.rail-spike.rewire.short-circuit.wrecking-ball.crosscut","Precision","Rail spike","Rewire + Short Circuit + Wrecking Ball + Crosscut","Rail spike","48","Deadeye > Capacitor > Rail spike > Fold > Rewire > Arc Coil > Short Circuit > Ramjet > Wrecking Ball > Grindshot > Crosscut > Heavy hitter > Scattershot > Hair trigger > Bank shot > Punch through > Splinter > Airshot > Kickback > Bloodwork > Light frame > Burst fire > Backblast > Banker > Landing shot > Executioner > Slingshot > Redline > Breach > Shatter > Deadlock > Backfire > Recall > Homecoming > Reserve cell > Countershot > Reprisal > Rivet > Fracture > Tether rounds > Snapback > Cinder rounds > Crosswind > Flashpoint > Slipstream > Retrace > Wallrunner > Air Brake","deadeye > capacitor > rail-spike > fold > rewire > arc-coil > short-circuit > ramjet > wrecking-ball > grindshot > crosscut > magnum > scatter > rapid > ricochet > pierce > split > airshot > kick > leech > light > burst > backblast > banker > landing > execute > slingshot > redline > breach > shatter > deadlock > backfire > recall > homecoming > reserve-cell > countershot > reprisal > rivet > fracture > tether > snapback > cinder > crosswind > flashpoint > slipstream > retrace > wallrunner > air-brake","https://caleb-guyer.github.io/recoil-foundry/?test=branches&combo=precision.rail-spike.rewire.short-circuit.wrecking-ball.crosscut&v=2.74.0","https://caleb-guyer.github.io/recoil-foundry/?test=branches&combo=precision.rail-spike.rewire.short-circuit.wrecking-ball.crosscut&room=boss&v=2.74.0","https://caleb-guyer.github.io/recoil-foundry/?test=branches&combo=precision.rail-spike.rewire.short-circuit.wrecking-ball.crosscut&mirror=1&v=2.74.0"
"precision.rail-spike.rewire.short-circuit.triphammer.corner-cutter","Precision","Rail spike","Rewire + Short Circuit + Triphammer + Corner Cutter","Rail spike","48","Deadeye > Capacitor > Rail spike > Fold > Rewire > Arc Coil > Short Circuit > Ramjet > Triphammer > Grindshot > Corner Cutter > Heavy hitter > Scattershot > Hair trigger > Bank shot > Punch through > Splinter > Airshot > Kickback > Bloodwork > Light frame > Burst fire > Backblast > Banker > Landing shot > Executioner > Slingshot > Redline > Breach > Shatter > Deadlock > Backfire > Recall > Homecoming > Reserve cell > Countershot > Reprisal > Rivet > Fracture > Tether rounds > Snapback > Cinder rounds > Crosswind > Flashpoint > Slipstream > Retrace > Wallrunner > Air Brake","deadeye > capacitor > rail-spike > fold > rewire > arc-coil > short-circuit > ramjet > triphammer > grindshot > corner-cutter > magnum > scatter > rapid > ricochet > pierce > split > airshot > kick > leech > light > burst > backblast > banker > landing > execute > slingshot > redline > breach > shatter > deadlock > backfire > recall > homecoming > reserve-cell > countershot > reprisal > rivet > fracture > tether > snapback > cinder > crosswind > flashpoint > slipstream > retrace > wallrunner > air-brake","https://caleb-guyer.github.io/recoil-foundry/?test=branches&combo=precision.rail-spike.rewire.short-circuit.triphammer.corner-cutter&v=2.74.0","https://caleb-guyer.github.io/recoil-foundry/?test=branches&combo=precision.rail-spike.rewire.short-circuit.triphammer.corner-cutter&room=boss&v=2.74.0","https://caleb-guyer.github.io/recoil-foundry/?test=branches&combo=precision.rail-spike.rewire.short-circuit.triphammer.corner-cutter&mirror=1&v=2.74.0"
"precision.rail-spike.rewire.short-circuit.triphammer.crosscut","Precision","Rail spike","Rewire + Short Circuit + Triphammer + Crosscut","Rail spike","48","Deadeye > Capacitor > Rail spike > Fold > Rewire > Arc Coil > Short Circuit > Ramjet > Triphammer > Grindshot > Crosscut > Heavy hitter > Scattershot > Hair trigger > Bank shot > Punch through > Splinter > Airshot > Kickback > Bloodwork > Light frame > Burst fire > Backblast > Banker > Landing shot > Executioner > Slingshot > Redline > Breach > Shatter > Deadlock > Backfire > Recall > Homecoming > Reserve cell > Countershot > Reprisal > Rivet > Fracture > Tether rounds > Snapback > Cinder rounds > Crosswind > Flashpoint > Slipstream > Retrace > Wallrunner > Air Brake","deadeye > capacitor > rail-spike > fold > rewire > arc-coil > short-circuit > ramjet > triphammer > grindshot > crosscut > magnum > scatter > rapid > ricochet > pierce > split > airshot > kick > leech > light > burst > backblast > banker > landing > execute > slingshot > redline > breach > shatter > deadlock > backfire > recall > homecoming > reserve-cell > countershot > reprisal > rivet > fracture > tether > snapback > cinder > crosswind > flashpoint > slipstream > retrace > wallrunner > air-brake","https://caleb-guyer.github.io/recoil-foundry/?test=branches&combo=precision.rail-spike.rewire.short-circuit.triphammer.crosscut&v=2.74.0","https://caleb-guyer.github.io/recoil-foundry/?test=branches&combo=precision.rail-spike.rewire.short-circuit.triphammer.crosscut&room=boss&v=2.74.0","https://caleb-guyer.github.io/recoil-foundry/?test=branches&combo=precision.rail-spike.rewire.short-circuit.triphammer.crosscut&mirror=1&v=2.74.0"
"precision.rail-spike.relay-gate.daisy-chain.wrecking-ball.corner-cutter","Precision","Rail spike","Relay Gate + Daisy Chain + Wrecking Ball + Corner Cutter","Rail spike","48","Deadeye > Capacitor > Rail spike > Fold > Relay Gate > Arc Coil > Daisy Chain > Ramjet > Wrecking Ball > Grindshot > Corner Cutter > Heavy hitter > Scattershot > Hair trigger > Bank shot > Punch through > Splinter > Airshot > Kickback > Bloodwork > Light frame > Burst fire > Backblast > Banker > Landing shot > Executioner > Slingshot > Redline > Breach > Shatter > Deadlock > Backfire > Recall > Homecoming > Reserve cell > Countershot > Reprisal > Rivet > Fracture > Tether rounds > Snapback > Cinder rounds > Crosswind > Flashpoint > Slipstream > Retrace > Wallrunner > Air Brake","deadeye > capacitor > rail-spike > fold > relay-gate > arc-coil > daisy-chain > ramjet > wrecking-ball > grindshot > corner-cutter > magnum > scatter > rapid > ricochet > pierce > split > airshot > kick > leech > light > burst > backblast > banker > landing > execute > slingshot > redline > breach > shatter > deadlock > backfire > recall > homecoming > reserve-cell > countershot > reprisal > rivet > fracture > tether > snapback > cinder > crosswind > flashpoint > slipstream > retrace > wallrunner > air-brake","https://caleb-guyer.github.io/recoil-foundry/?test=branches&combo=precision.rail-spike.relay-gate.daisy-chain.wrecking-ball.corner-cutter&v=2.74.0","https://caleb-guyer.github.io/recoil-foundry/?test=branches&combo=precision.rail-spike.relay-gate.daisy-chain.wrecking-ball.corner-cutter&room=boss&v=2.74.0","https://caleb-guyer.github.io/recoil-foundry/?test=branches&combo=precision.rail-spike.relay-gate.daisy-chain.wrecking-ball.corner-cutter&mirror=1&v=2.74.0"
"precision.rail-spike.relay-gate.daisy-chain.wrecking-ball.crosscut","Precision","Rail spike","Relay Gate + Daisy Chain + Wrecking Ball + Crosscut","Rail spike","48","Deadeye > Capacitor > Rail spike > Fold > Relay Gate > Arc Coil > Daisy Chain > Ramjet > Wrecking Ball > Grindshot > Crosscut > Heavy hitter > Scattershot > Hair trigger > Bank shot > Punch through > Splinter > Airshot > Kickback > Bloodwork > Light frame > Burst fire > Backblast > Banker > Landing shot > Executioner > Slingshot > Redline > Breach > Shatter > Deadlock > Backfire > Recall > Homecoming > Reserve cell > Countershot > Reprisal > Rivet > Fracture > Tether rounds > Snapback > Cinder rounds > Crosswind > Flashpoint > Slipstream > Retrace > Wallrunner > Air Brake","deadeye > capacitor > rail-spike > fold > relay-gate > arc-coil > daisy-chain > ramjet > wrecking-ball > grindshot > crosscut > magnum > scatter > rapid > ricochet > pierce > split > airshot > kick > leech > light > burst > backblast > banker > landing > execute > slingshot > redline > breach > shatter > deadlock > backfire > recall > homecoming > reserve-cell > countershot > reprisal > rivet > fracture > tether > snapback > cinder > crosswind > flashpoint > slipstream > retrace > wallrunner > air-brake","https://caleb-guyer.github.io/recoil-foundry/?test=branches&combo=precision.rail-spike.relay-gate.daisy-chain.wrecking-ball.crosscut&v=2.74.0","https://caleb-guyer.github.io/recoil-foundry/?test=branches&combo=precision.rail-spike.relay-gate.daisy-chain.wrecking-ball.crosscut&room=boss&v=2.74.0","https://caleb-guyer.github.io/recoil-foundry/?test=branches&combo=precision.rail-spike.relay-gate.daisy-chain.wrecking-ball.crosscut&mirror=1&v=2.74.0"
"precision.rail-spike.relay-gate.daisy-chain.triphammer.corner-cutter","Precision","Rail spike","Relay Gate + Daisy Chain + Triphammer + Corner Cutter","Rail spike","48","Deadeye > Capacitor > Rail spike > Fold > Relay Gate > Arc Coil > Daisy Chain > Ramjet > Triphammer > Grindshot > Corner Cutter > Heavy hitter > Scattershot > Hair trigger > Bank shot > Punch through > Splinter > Airshot > Kickback > Bloodwork > Light frame > Burst fire > Backblast > Banker > Landing shot > Executioner > Slingshot > Redline > Breach > Shatter > Deadlock > Backfire > Recall > Homecoming > Reserve cell > Countershot > Reprisal > Rivet > Fracture > Tether rounds > Snapback > Cinder rounds > Crosswind > Flashpoint > Slipstream > Retrace > Wallrunner > Air Brake","deadeye > capacitor > rail-spike > fold > relay-gate > arc-coil > daisy-chain > ramjet > triphammer > grindshot > corner-cutter > magnum > scatter > rapid > ricochet > pierce > split > airshot > kick > leech > light > burst > backblast > banker > landing > execute > slingshot > redline > breach > shatter > deadlock > backfire > recall > homecoming > reserve-cell > countershot > reprisal > rivet > fracture > tether > snapback > cinder > crosswind > flashpoint > slipstream > retrace > wallrunner > air-brake","https://caleb-guyer.github.io/recoil-foundry/?test=branches&combo=precision.rail-spike.relay-gate.daisy-chain.triphammer.corner-cutter&v=2.74.0","https://caleb-guyer.github.io/recoil-foundry/?test=branches&combo=precision.rail-spike.relay-gate.daisy-chain.triphammer.corner-cutter&room=boss&v=2.74.0","https://caleb-guyer.github.io/recoil-foundry/?test=branches&combo=precision.rail-spike.relay-gate.daisy-chain.triphammer.corner-cutter&mirror=1&v=2.74.0"
"precision.rail-spike.relay-gate.daisy-chain.triphammer.crosscut","Precision","Rail spike","Relay Gate + Daisy Chain + Triphammer + Crosscut","Rail spike","48","Deadeye > Capacitor > Rail spike > Fold > Relay Gate > Arc Coil > Daisy Chain > Ramjet > Triphammer > Grindshot > Crosscut > Heavy hitter > Scattershot > Hair trigger > Bank shot > Punch through > Splinter > Airshot > Kickback > Bloodwork > Light frame > Burst fire > Backblast > Banker > Landing shot > Executioner > Slingshot > Redline > Breach > Shatter > Deadlock > Backfire > Recall > Homecoming > Reserve cell > Countershot > Reprisal > Rivet > Fracture > Tether rounds > Snapback > Cinder rounds > Crosswind > Flashpoint > Slipstream > Retrace > Wallrunner > Air Brake","deadeye > capacitor > rail-spike > fold > relay-gate > arc-coil > daisy-chain > ramjet > triphammer > grindshot > crosscut > magnum > scatter > rapid > ricochet > pierce > split > airshot > kick > leech > light > burst > backblast > banker > landing > execute > slingshot > redline > breach > shatter > deadlock > backfire > recall > homecoming > reserve-cell > countershot > reprisal > rivet > fracture > tether > snapback > cinder > crosswind > flashpoint > slipstream > retrace > wallrunner > air-brake","https://caleb-guyer.github.io/recoil-foundry/?test=branches&combo=precision.rail-spike.relay-gate.daisy-chain.triphammer.crosscut&v=2.74.0","https://caleb-guyer.github.io/recoil-foundry/?test=branches&combo=precision.rail-spike.relay-gate.daisy-chain.triphammer.crosscut&room=boss&v=2.74.0","https://caleb-guyer.github.io/recoil-foundry/?test=branches&combo=precision.rail-spike.relay-gate.daisy-chain.triphammer.crosscut&mirror=1&v=2.74.0"
"precision.rail-spike.relay-gate.short-circuit.wrecking-ball.corner-cutter","Precision","Rail spike","Relay Gate + Short Circuit + Wrecking Ball + Corner Cutter","Rail spike","48","Deadeye > Capacitor > Rail spike > Fold > Relay Gate > Arc Coil > Short Circuit > Ramjet > Wrecking Ball > Grindshot > Corner Cutter > Heavy hitter > Scattershot > Hair trigger > Bank shot > Punch through > Splinter > Airshot > Kickback > Bloodwork > Light frame > Burst fire > Backblast > Banker > Landing shot > Executioner > Slingshot > Redline > Breach > Shatter > Deadlock > Backfire > Recall > Homecoming > Reserve cell > Countershot > Reprisal > Rivet > Fracture > Tether rounds > Snapback > Cinder rounds > Crosswind > Flashpoint > Slipstream > Retrace > Wallrunner > Air Brake","deadeye > capacitor > rail-spike > fold > relay-gate > arc-coil > short-circuit > ramjet > wrecking-ball > grindshot > corner-cutter > magnum > scatter > rapid > ricochet > pierce > split > airshot > kick > leech > light > burst > backblast > banker > landing > execute > slingshot > redline > breach > shatter > deadlock > backfire > recall > homecoming > reserve-cell > countershot > reprisal > rivet > fracture > tether > snapback > cinder > crosswind > flashpoint > slipstream > retrace > wallrunner > air-brake","https://caleb-guyer.github.io/recoil-foundry/?test=branches&combo=precision.rail-spike.relay-gate.short-circuit.wrecking-ball.corner-cutter&v=2.74.0","https://caleb-guyer.github.io/recoil-foundry/?test=branches&combo=precision.rail-spike.relay-gate.short-circuit.wrecking-ball.corner-cutter&room=boss&v=2.74.0","https://caleb-guyer.github.io/recoil-foundry/?test=branches&combo=precision.rail-spike.relay-gate.short-circuit.wrecking-ball.corner-cutter&mirror=1&v=2.74.0"
"precision.rail-spike.relay-gate.short-circuit.wrecking-ball.crosscut","Precision","Rail spike","Relay Gate + Short Circuit + Wrecking Ball + Crosscut","Rail spike","48","Deadeye > Capacitor > Rail spike > Fold > Relay Gate > Arc Coil > Short Circuit > Ramjet > Wrecking Ball > Grindshot > Crosscut > Heavy hitter > Scattershot > Hair trigger > Bank shot > Punch through > Splinter > Airshot > Kickback > Bloodwork > Light frame > Burst fire > Backblast > Banker > Landing shot > Executioner > Slingshot > Redline > Breach > Shatter > Deadlock > Backfire > Recall > Homecoming > Reserve cell > Countershot > Reprisal > Rivet > Fracture > Tether rounds > Snapback > Cinder rounds > Crosswind > Flashpoint > Slipstream > Retrace > Wallrunner > Air Brake","deadeye > capacitor > rail-spike > fold > relay-gate > arc-coil > short-circuit > ramjet > wrecking-ball > grindshot > crosscut > magnum > scatter > rapid > ricochet > pierce > split > airshot > kick > leech > light > burst > backblast > banker > landing > execute > slingshot > redline > breach > shatter > deadlock > backfire > recall > homecoming > reserve-cell > countershot > reprisal > rivet > fracture > tether > snapback > cinder > crosswind > flashpoint > slipstream > retrace > wallrunner > air-brake","https://caleb-guyer.github.io/recoil-foundry/?test=branches&combo=precision.rail-spike.relay-gate.short-circuit.wrecking-ball.crosscut&v=2.74.0","https://caleb-guyer.github.io/recoil-foundry/?test=branches&combo=precision.rail-spike.relay-gate.short-circuit.wrecking-ball.crosscut&room=boss&v=2.74.0","https://caleb-guyer.github.io/recoil-foundry/?test=branches&combo=precision.rail-spike.relay-gate.short-circuit.wrecking-ball.crosscut&mirror=1&v=2.74.0"
"precision.rail-spike.relay-gate.short-circuit.triphammer.corner-cutter","Precision","Rail spike","Relay Gate + Short Circuit + Triphammer + Corner Cutter","Rail spike","48","Deadeye > Capacitor > Rail spike > Fold > Relay Gate > Arc Coil > Short Circuit > Ramjet > Triphammer > Grindshot > Corner Cutter > Heavy hitter > Scattershot > Hair trigger > Bank shot > Punch through > Splinter > Airshot > Kickback > Bloodwork > Light frame > Burst fire > Backblast > Banker > Landing shot > Executioner > Slingshot > Redline > Breach > Shatter > Deadlock > Backfire > Recall > Homecoming > Reserve cell > Countershot > Reprisal > Rivet > Fracture > Tether rounds > Snapback > Cinder rounds > Crosswind > Flashpoint > Slipstream > Retrace > Wallrunner > Air Brake","deadeye > capacitor > rail-spike > fold > relay-gate > arc-coil > short-circuit > ramjet > triphammer > grindshot > corner-cutter > magnum > scatter > rapid > ricochet > pierce > split > airshot > kick > leech > light > burst > backblast > banker > landing > execute > slingshot > redline > breach > shatter > deadlock > backfire > recall > homecoming > reserve-cell > countershot > reprisal > rivet > fracture > tether > snapback > cinder > crosswind > flashpoint > slipstream > retrace > wallrunner > air-brake","https://caleb-guyer.github.io/recoil-foundry/?test=branches&combo=precision.rail-spike.relay-gate.short-circuit.triphammer.corner-cutter&v=2.74.0","https://caleb-guyer.github.io/recoil-foundry/?test=branches&combo=precision.rail-spike.relay-gate.short-circuit.triphammer.corner-cutter&room=boss&v=2.74.0","https://caleb-guyer.github.io/recoil-foundry/?test=branches&combo=precision.rail-spike.relay-gate.short-circuit.triphammer.corner-cutter&mirror=1&v=2.74.0"
"precision.rail-spike.relay-gate.short-circuit.triphammer.crosscut","Precision","Rail spike","Relay Gate + Short Circuit + Triphammer + Crosscut","Rail spike","48","Deadeye > Capacitor > Rail spike > Fold > Relay Gate > Arc Coil > Short Circuit > Ramjet > Triphammer > Grindshot > Crosscut > Heavy hitter > Scattershot > Hair trigger > Bank shot > Punch through > Splinter > Airshot > Kickback > Bloodwork > Light frame > Burst fire > Backblast > Banker > Landing shot > Executioner > Slingshot > Redline > Breach > Shatter > Deadlock > Backfire > Recall > Homecoming > Reserve cell > Countershot > Reprisal > Rivet > Fracture > Tether rounds > Snapback > Cinder rounds > Crosswind > Flashpoint > Slipstream > Retrace > Wallrunner > Air Brake","deadeye > capacitor > rail-spike > fold > relay-gate > arc-coil > short-circuit > ramjet > triphammer > grindshot > crosscut > magnum > scatter > rapid > ricochet > pierce > split > airshot > kick > leech > light > burst > backblast > banker > landing > execute > slingshot > redline > breach > shatter > deadlock > backfire > recall > homecoming > reserve-cell > countershot > reprisal > rivet > fracture > tether > snapback > cinder > crosswind > flashpoint > slipstream > retrace > wallrunner > air-brake","https://caleb-guyer.github.io/recoil-foundry/?test=branches&combo=precision.rail-spike.relay-gate.short-circuit.triphammer.crosscut&v=2.74.0","https://caleb-guyer.github.io/recoil-foundry/?test=branches&combo=precision.rail-spike.relay-gate.short-circuit.triphammer.crosscut&room=boss&v=2.74.0","https://caleb-guyer.github.io/recoil-foundry/?test=branches&combo=precision.rail-spike.relay-gate.short-circuit.triphammer.crosscut&mirror=1&v=2.74.0"
"precision.mass-driver.drop-forge.rewire.daisy-chain.wrecking-ball.corner-cutter","Precision","Mass Driver","Drop Forge + Rewire + Daisy Chain + Wrecking Ball + Corner Cutter","undefined","51","Deadeye > Mass Driver > Drop Forge > Fold > Rewire > Arc Coil > Daisy Chain > Ramjet > Wrecking Ball > Grindshot > Corner Cutter > Heavy hitter > Scattershot > Hair trigger > Bank shot > Punch through > Splinter > Airshot > Kickback > Bloodwork > Light frame > Burst fire > Backblast > Banker > Landing shot > Executioner > Slingshot > Redline > Breach > Shatter > Deadlock > Backfire > Recall > Homecoming > Capacitor > Reserve cell > Countershot > Reprisal > Rivet > Fracture > Tether rounds > Snapback > Cinder rounds > Crosswind > Flashpoint > Slipstream > Vector rounds > Afterburner > Retrace > Wallrunner > Air Brake","deadeye > mass-driver > drop-forge > fold > rewire > arc-coil > daisy-chain > ramjet > wrecking-ball > grindshot > corner-cutter > magnum > scatter > rapid > ricochet > pierce > split > airshot > kick > leech > light > burst > backblast > banker > landing > execute > slingshot > redline > breach > shatter > deadlock > backfire > recall > homecoming > capacitor > reserve-cell > countershot > reprisal > rivet > fracture > tether > snapback > cinder > crosswind > flashpoint > slipstream > vector > afterburner > retrace > wallrunner > air-brake","https://caleb-guyer.github.io/recoil-foundry/?test=branches&combo=precision.mass-driver.drop-forge.rewire.daisy-chain.wrecking-ball.corner-cutter&v=2.74.0","https://caleb-guyer.github.io/recoil-foundry/?test=branches&combo=precision.mass-driver.drop-forge.rewire.daisy-chain.wrecking-ball.corner-cutter&room=boss&v=2.74.0","https://caleb-guyer.github.io/recoil-foundry/?test=branches&combo=precision.mass-driver.drop-forge.rewire.daisy-chain.wrecking-ball.corner-cutter&mirror=1&v=2.74.0"
"precision.mass-driver.drop-forge.rewire.daisy-chain.wrecking-ball.crosscut","Precision","Mass Driver","Drop Forge + Rewire + Daisy Chain + Wrecking Ball + Crosscut","undefined","51","Deadeye > Mass Driver > Drop Forge > Fold > Rewire > Arc Coil > Daisy Chain > Ramjet > Wrecking Ball > Grindshot > Crosscut > Heavy hitter > Scattershot > Hair trigger > Bank shot > Punch through > Splinter > Airshot > Kickback > Bloodwork > Light frame > Burst fire > Backblast > Banker > Landing shot > Executioner > Slingshot > Redline > Breach > Shatter > Deadlock > Backfire > Recall > Homecoming > Capacitor > Reserve cell > Countershot > Reprisal > Rivet > Fracture > Tether rounds > Snapback > Cinder rounds > Crosswind > Flashpoint > Slipstream > Vector rounds > Afterburner > Retrace > Wallrunner > Air Brake","deadeye > mass-driver > drop-forge > fold > rewire > arc-coil > daisy-chain > ramjet > wrecking-ball > grindshot > crosscut > magnum > scatter > rapid > ricochet > pierce > split > airshot > kick > leech > light > burst > backblast > banker > landing > execute > slingshot > redline > breach > shatter > deadlock > backfire > recall > homecoming > capacitor > reserve-cell > countershot > reprisal > rivet > fracture > tether > snapback > cinder > crosswind > flashpoint > slipstream > vector > afterburner > retrace > wallrunner > air-brake","https://caleb-guyer.github.io/recoil-foundry/?test=branches&combo=precision.mass-driver.drop-forge.rewire.daisy-chain.wrecking-ball.crosscut&v=2.74.0","https://caleb-guyer.github.io/recoil-foundry/?test=branches&combo=precision.mass-driver.drop-forge.rewire.daisy-chain.wrecking-ball.crosscut&room=boss&v=2.74.0","https://caleb-guyer.github.io/recoil-foundry/?test=branches&combo=precision.mass-driver.drop-forge.rewire.daisy-chain.wrecking-ball.crosscut&mirror=1&v=2.74.0"
"precision.mass-driver.drop-forge.rewire.daisy-chain.triphammer.corner-cutter","Precision","Mass Driver","Drop Forge + Rewire + Daisy Chain + Triphammer + Corner Cutter","undefined","51","Deadeye > Mass Driver > Drop Forge > Fold > Rewire > Arc Coil > Daisy Chain > Ramjet > Triphammer > Grindshot > Corner Cutter > Heavy hitter > Scattershot > Hair trigger > Bank shot > Punch through > Splinter > Airshot > Kickback > Bloodwork > Light frame > Burst fire > Backblast > Banker > Landing shot > Executioner > Slingshot > Redline > Breach > Shatter > Deadlock > Backfire > Recall > Homecoming > Capacitor > Reserve cell > Countershot > Reprisal > Rivet > Fracture > Tether rounds > Snapback > Cinder rounds > Crosswind > Flashpoint > Slipstream > Vector rounds > Afterburner > Retrace > Wallrunner > Air Brake","deadeye > mass-driver > drop-forge > fold > rewire > arc-coil > daisy-chain > ramjet > triphammer > grindshot > corner-cutter > magnum > scatter > rapid > ricochet > pierce > split > airshot > kick > leech > light > burst > backblast > banker > landing > execute > slingshot > redline > breach > shatter > deadlock > backfire > recall > homecoming > capacitor > reserve-cell > countershot > reprisal > rivet > fracture > tether > snapback > cinder > crosswind > flashpoint > slipstream > vector > afterburner > retrace > wallrunner > air-brake","https://caleb-guyer.github.io/recoil-foundry/?test=branches&combo=precision.mass-driver.drop-forge.rewire.daisy-chain.triphammer.corner-cutter&v=2.74.0","https://caleb-guyer.github.io/recoil-foundry/?test=branches&combo=precision.mass-driver.drop-forge.rewire.daisy-chain.triphammer.corner-cutter&room=boss&v=2.74.0","https://caleb-guyer.github.io/recoil-foundry/?test=branches&combo=precision.mass-driver.drop-forge.rewire.daisy-chain.triphammer.corner-cutter&mirror=1&v=2.74.0"
"precision.mass-driver.drop-forge.rewire.daisy-chain.triphammer.crosscut","Precision","Mass Driver","Drop Forge + Rewire + Daisy Chain + Triphammer + Crosscut","undefined","51","Deadeye > Mass Driver > Drop Forge > Fold > Rewire > Arc Coil > Daisy Chain > Ramjet > Triphammer > Grindshot > Crosscut > Heavy hitter > Scattershot > Hair trigger > Bank shot > Punch through > Splinter > Airshot > Kickback > Bloodwork > Light frame > Burst fire > Backblast > Banker > Landing shot > Executioner > Slingshot > Redline > Breach > Shatter > Deadlock > Backfire > Recall > Homecoming > Capacitor > Reserve cell > Countershot > Reprisal > Rivet > Fracture > Tether rounds > Snapback > Cinder rounds > Crosswind > Flashpoint > Slipstream > Vector rounds > Afterburner > Retrace > Wallrunner > Air Brake","deadeye > mass-driver > drop-forge > fold > rewire > arc-coil > daisy-chain > ramjet > triphammer > grindshot > crosscut > magnum > scatter > rapid > ricochet > pierce > split > airshot > kick > leech > light > burst > backblast > banker > landing > execute > slingshot > redline > breach > shatter > deadlock > backfire > recall > homecoming > capacitor > reserve-cell > countershot > reprisal > rivet > fracture > tether > snapback > cinder > crosswind > flashpoint > slipstream > vector > afterburner > retrace > wallrunner > air-brake","https://caleb-guyer.github.io/recoil-foundry/?test=branches&combo=precision.mass-driver.drop-forge.rewire.daisy-chain.triphammer.crosscut&v=2.74.0","https://caleb-guyer.github.io/recoil-foundry/?test=branches&combo=precision.mass-driver.drop-forge.rewire.daisy-chain.triphammer.crosscut&room=boss&v=2.74.0","https://caleb-guyer.github.io/recoil-foundry/?test=branches&combo=precision.mass-driver.drop-forge.rewire.daisy-chain.triphammer.crosscut&mirror=1&v=2.74.0"
"precision.mass-driver.drop-forge.rewire.short-circuit.wrecking-ball.corner-cutter","Precision","Mass Driver","Drop Forge + Rewire + Short Circuit + Wrecking Ball + Corner Cutter","undefined","51","Deadeye > Mass Driver > Drop Forge > Fold > Rewire > Arc Coil > Short Circuit > Ramjet > Wrecking Ball > Grindshot > Corner Cutter > Heavy hitter > Scattershot > Hair trigger > Bank shot > Punch through > Splinter > Airshot > Kickback > Bloodwork > Light frame > Burst fire > Backblast > Banker > Landing shot > Executioner > Slingshot > Redline > Breach > Shatter > Deadlock > Backfire > Recall > Homecoming > Capacitor > Reserve cell > Countershot > Reprisal > Rivet > Fracture > Tether rounds > Snapback > Cinder rounds > Crosswind > Flashpoint > Slipstream > Vector rounds > Afterburner > Retrace > Wallrunner > Air Brake","deadeye > mass-driver > drop-forge > fold > rewire > arc-coil > short-circuit > ramjet > wrecking-ball > grindshot > corner-cutter > magnum > scatter > rapid > ricochet > pierce > split > airshot > kick > leech > light > burst > backblast > banker > landing > execute > slingshot > redline > breach > shatter > deadlock > backfire > recall > homecoming > capacitor > reserve-cell > countershot > reprisal > rivet > fracture > tether > snapback > cinder > crosswind > flashpoint > slipstream > vector > afterburner > retrace > wallrunner > air-brake","https://caleb-guyer.github.io/recoil-foundry/?test=branches&combo=precision.mass-driver.drop-forge.rewire.short-circuit.wrecking-ball.corner-cutter&v=2.74.0","https://caleb-guyer.github.io/recoil-foundry/?test=branches&combo=precision.mass-driver.drop-forge.rewire.short-circuit.wrecking-ball.corner-cutter&room=boss&v=2.74.0","https://caleb-guyer.github.io/recoil-foundry/?test=branches&combo=precision.mass-driver.drop-forge.rewire.short-circuit.wrecking-ball.corner-cutter&mirror=1&v=2.74.0"
"precision.mass-driver.drop-forge.rewire.short-circuit.wrecking-ball.crosscut","Precision","Mass Driver","Drop Forge + Rewire + Short Circuit + Wrecking Ball + Crosscut","undefined","51","Deadeye > Mass Driver > Drop Forge > Fold > Rewire > Arc Coil > Short Circuit > Ramjet > Wrecking Ball > Grindshot > Crosscut > Heavy hitter > Scattershot > Hair trigger > Bank shot > Punch through > Splinter > Airshot > Kickback > Bloodwork > Light frame > Burst fire > Backblast > Banker > Landing shot > Executioner > Slingshot > Redline > Breach > Shatter > Deadlock > Backfire > Recall > Homecoming > Capacitor > Reserve cell > Countershot > Reprisal > Rivet > Fracture > Tether rounds > Snapback > Cinder rounds > Crosswind > Flashpoint > Slipstream > Vector rounds > Afterburner > Retrace > Wallrunner > Air Brake","deadeye > mass-driver > drop-forge > fold > rewire > arc-coil > short-circuit > ramjet > wrecking-ball > grindshot > crosscut > magnum > scatter > rapid > ricochet > pierce > split > airshot > kick > leech > light > burst > backblast > banker > landing > execute > slingshot > redline > breach > shatter > deadlock > backfire > recall > homecoming > capacitor > reserve-cell > countershot > reprisal > rivet > fracture > tether > snapback > cinder > crosswind > flashpoint > slipstream > vector > afterburner > retrace > wallrunner > air-brake","https://caleb-guyer.github.io/recoil-foundry/?test=branches&combo=precision.mass-driver.drop-forge.rewire.short-circuit.wrecking-ball.crosscut&v=2.74.0","https://caleb-guyer.github.io/recoil-foundry/?test=branches&combo=precision.mass-driver.drop-forge.rewire.short-circuit.wrecking-ball.crosscut&room=boss&v=2.74.0","https://caleb-guyer.github.io/recoil-foundry/?test=branches&combo=precision.mass-driver.drop-forge.rewire.short-circuit.wrecking-ball.crosscut&mirror=1&v=2.74.0"
"precision.mass-driver.drop-forge.rewire.short-circuit.triphammer.corner-cutter","Precision","Mass Driver","Drop Forge + Rewire + Short Circuit + Triphammer + Corner Cutter","undefined","51","Deadeye > Mass Driver > Drop Forge > Fold > Rewire > Arc Coil > Short Circuit > Ramjet > Triphammer > Grindshot > Corner Cutter > Heavy hitter > Scattershot > Hair trigger > Bank shot > Punch through > Splinter > Airshot > Kickback > Bloodwork > Light frame > Burst fire > Backblast > Banker > Landing shot > Executioner > Slingshot > Redline > Breach > Shatter > Deadlock > Backfire > Recall > Homecoming > Capacitor > Reserve cell > Countershot > Reprisal > Rivet > Fracture > Tether rounds > Snapback > Cinder rounds > Crosswind > Flashpoint > Slipstream > Vector rounds > Afterburner > Retrace > Wallrunner > Air Brake","deadeye > mass-driver > drop-forge > fold > rewire > arc-coil > short-circuit > ramjet > triphammer > grindshot > corner-cutter > magnum > scatter > rapid > ricochet > pierce > split > airshot > kick > leech > light > burst > backblast > banker > landing > execute > slingshot > redline > breach > shatter > deadlock > backfire > recall > homecoming > capacitor > reserve-cell > countershot > reprisal > rivet > fracture > tether > snapback > cinder > crosswind > flashpoint > slipstream > vector > afterburner > retrace > wallrunner > air-brake","https://caleb-guyer.github.io/recoil-foundry/?test=branches&combo=precision.mass-driver.drop-forge.rewire.short-circuit.triphammer.corner-cutter&v=2.74.0","https://caleb-guyer.github.io/recoil-foundry/?test=branches&combo=precision.mass-driver.drop-forge.rewire.short-circuit.triphammer.corner-cutter&room=boss&v=2.74.0","https://caleb-guyer.github.io/recoil-foundry/?test=branches&combo=precision.mass-driver.drop-forge.rewire.short-circuit.triphammer.corner-cutter&mirror=1&v=2.74.0"
"precision.mass-driver.drop-forge.rewire.short-circuit.triphammer.crosscut","Precision","Mass Driver","Drop Forge + Rewire + Short Circuit + Triphammer + Crosscut","undefined","51","Deadeye > Mass Driver > Drop Forge > Fold > Rewire > Arc Coil > Short Circuit > Ramjet > Triphammer > Grindshot > Crosscut > Heavy hitter > Scattershot > Hair trigger > Bank shot > Punch through > Splinter > Airshot > Kickback > Bloodwork > Light frame > Burst fire > Backblast > Banker > Landing shot > Executioner > Slingshot > Redline > Breach > Shatter > Deadlock > Backfire > Recall > Homecoming > Capacitor > Reserve cell > Countershot > Reprisal > Rivet > Fracture > Tether rounds > Snapback > Cinder rounds > Crosswind > Flashpoint > Slipstream > Vector rounds > Afterburner > Retrace > Wallrunner > Air Brake","deadeye > mass-driver > drop-forge > fold > rewire > arc-coil > short-circuit > ramjet > triphammer > grindshot > crosscut > magnum > scatter > rapid > ricochet > pierce > split > airshot > kick > leech > light > burst > backblast > banker > landing > execute > slingshot > redline > breach > shatter > deadlock > backfire > recall > homecoming > capacitor > reserve-cell > countershot > reprisal > rivet > fracture > tether > snapback > cinder > crosswind > flashpoint > slipstream > vector > afterburner > retrace > wallrunner > air-brake","https://caleb-guyer.github.io/recoil-foundry/?test=branches&combo=precision.mass-driver.drop-forge.rewire.short-circuit.triphammer.crosscut&v=2.74.0","https://caleb-guyer.github.io/recoil-foundry/?test=branches&combo=precision.mass-driver.drop-forge.rewire.short-circuit.triphammer.crosscut&room=boss&v=2.74.0","https://caleb-guyer.github.io/recoil-foundry/?test=branches&combo=precision.mass-driver.drop-forge.rewire.short-circuit.triphammer.crosscut&mirror=1&v=2.74.0"
"precision.mass-driver.drop-forge.relay-gate.daisy-chain.wrecking-ball.corner-cutter","Precision","Mass Driver","Drop Forge + Relay Gate + Daisy Chain + Wrecking Ball + Corner Cutter","undefined","51","Deadeye > Mass Driver > Drop Forge > Fold > Relay Gate > Arc Coil > Daisy Chain > Ramjet > Wrecking Ball > Grindshot > Corner Cutter > Heavy hitter > Scattershot > Hair trigger > Bank shot > Punch through > Splinter > Airshot > Kickback > Bloodwork > Light frame > Burst fire > Backblast > Banker > Landing shot > Executioner > Slingshot > Redline > Breach > Shatter > Deadlock > Backfire > Recall > Homecoming > Capacitor > Reserve cell > Countershot > Reprisal > Rivet > Fracture > Tether rounds > Snapback > Cinder rounds > Crosswind > Flashpoint > Slipstream > Vector rounds > Afterburner > Retrace > Wallrunner > Air Brake","deadeye > mass-driver > drop-forge > fold > relay-gate > arc-coil > daisy-chain > ramjet > wrecking-ball > grindshot > corner-cutter > magnum > scatter > rapid > ricochet > pierce > split > airshot > kick > leech > light > burst > backblast > banker > landing > execute > slingshot > redline > breach > shatter > deadlock > backfire > recall > homecoming > capacitor > reserve-cell > countershot > reprisal > rivet > fracture > tether > snapback > cinder > crosswind > flashpoint > slipstream > vector > afterburner > retrace > wallrunner > air-brake","https://caleb-guyer.github.io/recoil-foundry/?test=branches&combo=precision.mass-driver.drop-forge.relay-gate.daisy-chain.wrecking-ball.corner-cutter&v=2.74.0","https://caleb-guyer.github.io/recoil-foundry/?test=branches&combo=precision.mass-driver.drop-forge.relay-gate.daisy-chain.wrecking-ball.corner-cutter&room=boss&v=2.74.0","https://caleb-guyer.github.io/recoil-foundry/?test=branches&combo=precision.mass-driver.drop-forge.relay-gate.daisy-chain.wrecking-ball.corner-cutter&mirror=1&v=2.74.0"
"precision.mass-driver.drop-forge.relay-gate.daisy-chain.wrecking-ball.crosscut","Precision","Mass Driver","Drop Forge + Relay Gate + Daisy Chain + Wrecking Ball + Crosscut","undefined","51","Deadeye > Mass Driver > Drop Forge > Fold > Relay Gate > Arc Coil > Daisy Chain > Ramjet > Wrecking Ball > Grindshot > Crosscut > Heavy hitter > Scattershot > Hair trigger > Bank shot > Punch through > Splinter > Airshot > Kickback > Bloodwork > Light frame > Burst fire > Backblast > Banker > Landing shot > Executioner > Slingshot > Redline > Breach > Shatter > Deadlock > Backfire > Recall > Homecoming > Capacitor > Reserve cell > Countershot > Reprisal > Rivet > Fracture > Tether rounds > Snapback > Cinder rounds > Crosswind > Flashpoint > Slipstream > Vector rounds > Afterburner > Retrace > Wallrunner > Air Brake","deadeye > mass-driver > drop-forge > fold > relay-gate > arc-coil > daisy-chain > ramjet > wrecking-ball > grindshot > crosscut > magnum > scatter > rapid > ricochet > pierce > split > airshot > kick > leech > light > burst > backblast > banker > landing > execute > slingshot > redline > breach > shatter > deadlock > backfire > recall > homecoming > capacitor > reserve-cell > countershot > reprisal > rivet > fracture > tether > snapback > cinder > crosswind > flashpoint > slipstream > vector > afterburner > retrace > wallrunner > air-brake","https://caleb-guyer.github.io/recoil-foundry/?test=branches&combo=precision.mass-driver.drop-forge.relay-gate.daisy-chain.wrecking-ball.crosscut&v=2.74.0","https://caleb-guyer.github.io/recoil-foundry/?test=branches&combo=precision.mass-driver.drop-forge.relay-gate.daisy-chain.wrecking-ball.crosscut&room=boss&v=2.74.0","https://caleb-guyer.github.io/recoil-foundry/?test=branches&combo=precision.mass-driver.drop-forge.relay-gate.daisy-chain.wrecking-ball.crosscut&mirror=1&v=2.74.0"
"precision.mass-driver.drop-forge.relay-gate.daisy-chain.triphammer.corner-cutter","Precision","Mass Driver","Drop Forge + Relay Gate + Daisy Chain + Triphammer + Corner Cutter","undefined","51","Deadeye > Mass Driver > Drop Forge > Fold > Relay Gate > Arc Coil > Daisy Chain > Ramjet > Triphammer > Grindshot > Corner Cutter > Heavy hitter > Scattershot > Hair trigger > Bank shot > Punch through > Splinter > Airshot > Kickback > Bloodwork > Light frame > Burst fire > Backblast > Banker > Landing shot > Executioner > Slingshot > Redline > Breach > Shatter > Deadlock > Backfire > Recall > Homecoming > Capacitor > Reserve cell > Countershot > Reprisal > Rivet > Fracture > Tether rounds > Snapback > Cinder rounds > Crosswind > Flashpoint > Slipstream > Vector rounds > Afterburner > Retrace > Wallrunner > Air Brake","deadeye > mass-driver > drop-forge > fold > relay-gate > arc-coil > daisy-chain > ramjet > triphammer > grindshot > corner-cutter > magnum > scatter > rapid > ricochet > pierce > split > airshot > kick > leech > light > burst > backblast > banker > landing > execute > slingshot > redline > breach > shatter > deadlock > backfire > recall > homecoming > capacitor > reserve-cell > countershot > reprisal > rivet > fracture > tether > snapback > cinder > crosswind > flashpoint > slipstream > vector > afterburner > retrace > wallrunner > air-brake","https://caleb-guyer.github.io/recoil-foundry/?test=branches&combo=precision.mass-driver.drop-forge.relay-gate.daisy-chain.triphammer.corner-cutter&v=2.74.0","https://caleb-guyer.github.io/recoil-foundry/?test=branches&combo=precision.mass-driver.drop-forge.relay-gate.daisy-chain.triphammer.corner-cutter&room=boss&v=2.74.0","https://caleb-guyer.github.io/recoil-foundry/?test=branches&combo=precision.mass-driver.drop-forge.relay-gate.daisy-chain.triphammer.corner-cutter&mirror=1&v=2.74.0"
"precision.mass-driver.drop-forge.relay-gate.daisy-chain.triphammer.crosscut","Precision","Mass Driver","Drop Forge + Relay Gate + Daisy Chain + Triphammer + Crosscut","undefined","51","Deadeye > Mass Driver > Drop Forge > Fold > Relay Gate > Arc Coil > Daisy Chain > Ramjet > Triphammer > Grindshot > Crosscut > Heavy hitter > Scattershot > Hair trigger > Bank shot > Punch through > Splinter > Airshot > Kickback > Bloodwork > Light frame > Burst fire > Backblast > Banker > Landing shot > Executioner > Slingshot > Redline > Breach > Shatter > Deadlock > Backfire > Recall > Homecoming > Capacitor > Reserve cell > Countershot > Reprisal > Rivet > Fracture > Tether rounds > Snapback > Cinder rounds > Crosswind > Flashpoint > Slipstream > Vector rounds > Afterburner > Retrace > Wallrunner > Air Brake","deadeye > mass-driver > drop-forge > fold > relay-gate > arc-coil > daisy-chain > ramjet > triphammer > grindshot > crosscut > magnum > scatter > rapid > ricochet > pierce > split > airshot > kick > leech > light > burst > backblast > banker > landing > execute > slingshot > redline > breach > shatter > deadlock > backfire > recall > homecoming > capacitor > reserve-cell > countershot > reprisal > rivet > fracture > tether > snapback > cinder > crosswind > flashpoint > slipstream > vector > afterburner > retrace > wallrunner > air-brake","https://caleb-guyer.github.io/recoil-foundry/?test=branches&combo=precision.mass-driver.drop-forge.relay-gate.daisy-chain.triphammer.crosscut&v=2.74.0","https://caleb-guyer.github.io/recoil-foundry/?test=branches&combo=precision.mass-driver.drop-forge.relay-gate.daisy-chain.triphammer.crosscut&room=boss&v=2.74.0","https://caleb-guyer.github.io/recoil-foundry/?test=branches&combo=precision.mass-driver.drop-forge.relay-gate.daisy-chain.triphammer.crosscut&mirror=1&v=2.74.0"
"precision.mass-driver.drop-forge.relay-gate.short-circuit.wrecking-ball.corner-cutter","Precision","Mass Driver","Drop Forge + Relay Gate + Short Circuit + Wrecking Ball + Corner Cutter","undefined","51","Deadeye > Mass Driver > Drop Forge > Fold > Relay Gate > Arc Coil > Short Circuit > Ramjet > Wrecking Ball > Grindshot > Corner Cutter > Heavy hitter > Scattershot > Hair trigger > Bank shot > Punch through > Splinter > Airshot > Kickback > Bloodwork > Light frame > Burst fire > Backblast > Banker > Landing shot > Executioner > Slingshot > Redline > Breach > Shatter > Deadlock > Backfire > Recall > Homecoming > Capacitor > Reserve cell > Countershot > Reprisal > Rivet > Fracture > Tether rounds > Snapback > Cinder rounds > Crosswind > Flashpoint > Slipstream > Vector rounds > Afterburner > Retrace > Wallrunner > Air Brake","deadeye > mass-driver > drop-forge > fold > relay-gate > arc-coil > short-circuit > ramjet > wrecking-ball > grindshot > corner-cutter > magnum > scatter > rapid > ricochet > pierce > split > airshot > kick > leech > light > burst > backblast > banker > landing > execute > slingshot > redline > breach > shatter > deadlock > backfire > recall > homecoming > capacitor > reserve-cell > countershot > reprisal > rivet > fracture > tether > snapback > cinder > crosswind > flashpoint > slipstream > vector > afterburner > retrace > wallrunner > air-brake","https://caleb-guyer.github.io/recoil-foundry/?test=branches&combo=precision.mass-driver.drop-forge.relay-gate.short-circuit.wrecking-ball.corner-cutter&v=2.74.0","https://caleb-guyer.github.io/recoil-foundry/?test=branches&combo=precision.mass-driver.drop-forge.relay-gate.short-circuit.wrecking-ball.corner-cutter&room=boss&v=2.74.0","https://caleb-guyer.github.io/recoil-foundry/?test=branches&combo=precision.mass-driver.drop-forge.relay-gate.short-circuit.wrecking-ball.corner-cutter&mirror=1&v=2.74.0"
"precision.mass-driver.drop-forge.relay-gate.short-circuit.wrecking-ball.crosscut","Precision","Mass Driver","Drop Forge + Relay Gate + Short Circuit + Wrecking Ball + Crosscut","undefined","51","Deadeye > Mass Driver > Drop Forge > Fold > Relay Gate > Arc Coil > Short Circuit > Ramjet > Wrecking Ball > Grindshot > Crosscut > Heavy hitter > Scattershot > Hair trigger > Bank shot > Punch through > Splinter > Airshot > Kickback > Bloodwork > Light frame > Burst fire > Backblast > Banker > Landing shot > Executioner > Slingshot > Redline > Breach > Shatter > Deadlock > Backfire > Recall > Homecoming > Capacitor > Reserve cell > Countershot > Reprisal > Rivet > Fracture > Tether rounds > Snapback > Cinder rounds > Crosswind > Flashpoint > Slipstream > Vector rounds > Afterburner > Retrace > Wallrunner > Air Brake","deadeye > mass-driver > drop-forge > fold > relay-gate > arc-coil > short-circuit > ramjet > wrecking-ball > grindshot > crosscut > magnum > scatter > rapid > ricochet > pierce > split > airshot > kick > leech > light > burst > backblast > banker > landing > execute > slingshot > redline > breach > shatter > deadlock > backfire > recall > homecoming > capacitor > reserve-cell > countershot > reprisal > rivet > fracture > tether > snapback > cinder > crosswind > flashpoint > slipstream > vector > afterburner > retrace > wallrunner > air-brake","https://caleb-guyer.github.io/recoil-foundry/?test=branches&combo=precision.mass-driver.drop-forge.relay-gate.short-circuit.wrecking-ball.crosscut&v=2.74.0","https://caleb-guyer.github.io/recoil-foundry/?test=branches&combo=precision.mass-driver.drop-forge.relay-gate.short-circuit.wrecking-ball.crosscut&room=boss&v=2.74.0","https://caleb-guyer.github.io/recoil-foundry/?test=branches&combo=precision.mass-driver.drop-forge.relay-gate.short-circuit.wrecking-ball.crosscut&mirror=1&v=2.74.0"
"precision.mass-driver.drop-forge.relay-gate.short-circuit.triphammer.corner-cutter","Precision","Mass Driver","Drop Forge + Relay Gate + Short Circuit + Triphammer + Corner Cutter","undefined","51","Deadeye > Mass Driver > Drop Forge > Fold > Relay Gate > Arc Coil > Short Circuit > Ramjet > Triphammer > Grindshot > Corner Cutter > Heavy hitter > Scattershot > Hair trigger > Bank shot > Punch through > Splinter > Airshot > Kickback > Bloodwork > Light frame > Burst fire > Backblast > Banker > Landing shot > Executioner > Slingshot > Redline > Breach > Shatter > Deadlock > Backfire > Recall > Homecoming > Capacitor > Reserve cell > Countershot > Reprisal > Rivet > Fracture > Tether rounds > Snapback > Cinder rounds > Crosswind > Flashpoint > Slipstream > Vector rounds > Afterburner > Retrace > Wallrunner > Air Brake","deadeye > mass-driver > drop-forge > fold > relay-gate > arc-coil > short-circuit > ramjet > triphammer > grindshot > corner-cutter > magnum > scatter > rapid > ricochet > pierce > split > airshot > kick > leech > light > burst > backblast > banker > landing > execute > slingshot > redline > breach > shatter > deadlock > backfire > recall > homecoming > capacitor > reserve-cell > countershot > reprisal > rivet > fracture > tether > snapback > cinder > crosswind > flashpoint > slipstream > vector > afterburner > retrace > wallrunner > air-brake","https://caleb-guyer.github.io/recoil-foundry/?test=branches&combo=precision.mass-driver.drop-forge.relay-gate.short-circuit.triphammer.corner-cutter&v=2.74.0","https://caleb-guyer.github.io/recoil-foundry/?test=branches&combo=precision.mass-driver.drop-forge.relay-gate.short-circuit.triphammer.corner-cutter&room=boss&v=2.74.0","https://caleb-guyer.github.io/recoil-foundry/?test=branches&combo=precision.mass-driver.drop-forge.relay-gate.short-circuit.triphammer.corner-cutter&mirror=1&v=2.74.0"
"precision.mass-driver.drop-forge.relay-gate.short-circuit.triphammer.crosscut","Precision","Mass Driver","Drop Forge + Relay Gate + Short Circuit + Triphammer + Crosscut","undefined","51","Deadeye > Mass Driver > Drop Forge > Fold > Relay Gate > Arc Coil > Short Circuit > Ramjet > Triphammer > Grindshot > Crosscut > Heavy hitter > Scattershot > Hair trigger > Bank shot > Punch through > Splinter > Airshot > Kickback > Bloodwork > Light frame > Burst fire > Backblast > Banker > Landing shot > Executioner > Slingshot > Redline > Breach > Shatter > Deadlock > Backfire > Recall > Homecoming > Capacitor > Reserve cell > Countershot > Reprisal > Rivet > Fracture > Tether rounds > Snapback > Cinder rounds > Crosswind > Flashpoint > Slipstream > Vector rounds > Afterburner > Retrace > Wallrunner > Air Brake","deadeye > mass-driver > drop-forge > fold > relay-gate > arc-coil > short-circuit > ramjet > triphammer > grindshot > crosscut > magnum > scatter > rapid > ricochet > pierce > split > airshot > kick > leech > light > burst > backblast > banker > landing > execute > slingshot > redline > breach > shatter > deadlock > backfire > recall > homecoming > capacitor > reserve-cell > countershot > reprisal > rivet > fracture > tether > snapback > cinder > crosswind > flashpoint > slipstream > vector > afterburner > retrace > wallrunner > air-brake","https://caleb-guyer.github.io/recoil-foundry/?test=branches&combo=precision.mass-driver.drop-forge.relay-gate.short-circuit.triphammer.crosscut&v=2.74.0","https://caleb-guyer.github.io/recoil-foundry/?test=branches&combo=precision.mass-driver.drop-forge.relay-gate.short-circuit.triphammer.crosscut&room=boss&v=2.74.0","https://caleb-guyer.github.io/recoil-foundry/?test=branches&combo=precision.mass-driver.drop-forge.relay-gate.short-circuit.triphammer.crosscut&mirror=1&v=2.74.0"
"precision.mass-driver.skid-plate.rewire.daisy-chain.wrecking-ball.corner-cutter","Precision","Mass Driver","Skid Plate + Rewire + Daisy Chain + Wrecking Ball + Corner Cutter","undefined","51","Deadeye > Mass Driver > Skid Plate > Fold > Rewire > Arc Coil > Daisy Chain > Ramjet > Wrecking Ball > Grindshot > Corner Cutter > Heavy hitter > Scattershot > Hair trigger > Bank shot > Punch through > Splinter > Airshot > Kickback > Bloodwork > Light frame > Burst fire > Backblast > Banker > Landing shot > Executioner > Slingshot > Redline > Breach > Shatter > Deadlock > Backfire > Recall > Homecoming > Capacitor > Reserve cell > Countershot > Reprisal > Rivet > Fracture > Tether rounds > Snapback > Cinder rounds > Crosswind > Flashpoint > Slipstream > Vector rounds > Afterburner > Retrace > Wallrunner > Air Brake","deadeye > mass-driver > skid-plate > fold > rewire > arc-coil > daisy-chain > ramjet > wrecking-ball > grindshot > corner-cutter > magnum > scatter > rapid > ricochet > pierce > split > airshot > kick > leech > light > burst > backblast > banker > landing > execute > slingshot > redline > breach > shatter > deadlock > backfire > recall > homecoming > capacitor > reserve-cell > countershot > reprisal > rivet > fracture > tether > snapback > cinder > crosswind > flashpoint > slipstream > vector > afterburner > retrace > wallrunner > air-brake","https://caleb-guyer.github.io/recoil-foundry/?test=branches&combo=precision.mass-driver.skid-plate.rewire.daisy-chain.wrecking-ball.corner-cutter&v=2.74.0","https://caleb-guyer.github.io/recoil-foundry/?test=branches&combo=precision.mass-driver.skid-plate.rewire.daisy-chain.wrecking-ball.corner-cutter&room=boss&v=2.74.0","https://caleb-guyer.github.io/recoil-foundry/?test=branches&combo=precision.mass-driver.skid-plate.rewire.daisy-chain.wrecking-ball.corner-cutter&mirror=1&v=2.74.0"
"precision.mass-driver.skid-plate.rewire.daisy-chain.wrecking-ball.crosscut","Precision","Mass Driver","Skid Plate + Rewire + Daisy Chain + Wrecking Ball + Crosscut","Flywheel","52","Deadeye > Mass Driver > Skid Plate > Fold > Rewire > Arc Coil > Daisy Chain > Ramjet > Wrecking Ball > Grindshot > Crosscut > Flywheel > Heavy hitter > Scattershot > Hair trigger > Bank shot > Punch through > Splinter > Airshot > Kickback > Bloodwork > Light frame > Burst fire > Backblast > Banker > Landing shot > Executioner > Slingshot > Redline > Breach > Shatter > Deadlock > Backfire > Recall > Homecoming > Capacitor > Reserve cell > Countershot > Reprisal > Rivet > Fracture > Tether rounds > Snapback > Cinder rounds > Crosswind > Flashpoint > Slipstream > Vector rounds > Afterburner > Retrace > Wallrunner > Air Brake","deadeye > mass-driver > skid-plate > fold > rewire > arc-coil > daisy-chain > ramjet > wrecking-ball > grindshot > crosscut > flywheel > magnum > scatter > rapid > ricochet > pierce > split > airshot > kick > leech > light > burst > backblast > banker > landing > execute > slingshot > redline > breach > shatter > deadlock > backfire > recall > homecoming > capacitor > reserve-cell > countershot > reprisal > rivet > fracture > tether > snapback > cinder > crosswind > flashpoint > slipstream > vector > afterburner > retrace > wallrunner > air-brake","https://caleb-guyer.github.io/recoil-foundry/?test=branches&combo=precision.mass-driver.skid-plate.rewire.daisy-chain.wrecking-ball.crosscut&v=2.74.0","https://caleb-guyer.github.io/recoil-foundry/?test=branches&combo=precision.mass-driver.skid-plate.rewire.daisy-chain.wrecking-ball.crosscut&room=boss&v=2.74.0","https://caleb-guyer.github.io/recoil-foundry/?test=branches&combo=precision.mass-driver.skid-plate.rewire.daisy-chain.wrecking-ball.crosscut&mirror=1&v=2.74.0"
"precision.mass-driver.skid-plate.rewire.daisy-chain.triphammer.corner-cutter","Precision","Mass Driver","Skid Plate + Rewire + Daisy Chain + Triphammer + Corner Cutter","undefined","51","Deadeye > Mass Driver > Skid Plate > Fold > Rewire > Arc Coil > Daisy Chain > Ramjet > Triphammer > Grindshot > Corner Cutter > Heavy hitter > Scattershot > Hair trigger > Bank shot > Punch through > Splinter > Airshot > Kickback > Bloodwork > Light frame > Burst fire > Backblast > Banker > Landing shot > Executioner > Slingshot > Redline > Breach > Shatter > Deadlock > Backfire > Recall > Homecoming > Capacitor > Reserve cell > Countershot > Reprisal > Rivet > Fracture > Tether rounds > Snapback > Cinder rounds > Crosswind > Flashpoint > Slipstream > Vector rounds > Afterburner > Retrace > Wallrunner > Air Brake","deadeye > mass-driver > skid-plate > fold > rewire > arc-coil > daisy-chain > ramjet > triphammer > grindshot > corner-cutter > magnum > scatter > rapid > ricochet > pierce > split > airshot > kick > leech > light > burst > backblast > banker > landing > execute > slingshot > redline > breach > shatter > deadlock > backfire > recall > homecoming > capacitor > reserve-cell > countershot > reprisal > rivet > fracture > tether > snapback > cinder > crosswind > flashpoint > slipstream > vector > afterburner > retrace > wallrunner > air-brake","https://caleb-guyer.github.io/recoil-foundry/?test=branches&combo=precision.mass-driver.skid-plate.rewire.daisy-chain.triphammer.corner-cutter&v=2.74.0","https://caleb-guyer.github.io/recoil-foundry/?test=branches&combo=precision.mass-driver.skid-plate.rewire.daisy-chain.triphammer.corner-cutter&room=boss&v=2.74.0","https://caleb-guyer.github.io/recoil-foundry/?test=branches&combo=precision.mass-driver.skid-plate.rewire.daisy-chain.triphammer.corner-cutter&mirror=1&v=2.74.0"
"precision.mass-driver.skid-plate.rewire.daisy-chain.triphammer.crosscut","Precision","Mass Driver","Skid Plate + Rewire + Daisy Chain + Triphammer + Crosscut","Flywheel","52","Deadeye > Mass Driver > Skid Plate > Fold > Rewire > Arc Coil > Daisy Chain > Ramjet > Triphammer > Grindshot > Crosscut > Flywheel > Heavy hitter > Scattershot > Hair trigger > Bank shot > Punch through > Splinter > Airshot > Kickback > Bloodwork > Light frame > Burst fire > Backblast > Banker > Landing shot > Executioner > Slingshot > Redline > Breach > Shatter > Deadlock > Backfire > Recall > Homecoming > Capacitor > Reserve cell > Countershot > Reprisal > Rivet > Fracture > Tether rounds > Snapback > Cinder rounds > Crosswind > Flashpoint > Slipstream > Vector rounds > Afterburner > Retrace > Wallrunner > Air Brake","deadeye > mass-driver > skid-plate > fold > rewire > arc-coil > daisy-chain > ramjet > triphammer > grindshot > crosscut > flywheel > magnum > scatter > rapid > ricochet > pierce > split > airshot > kick > leech > light > burst > backblast > banker > landing > execute > slingshot > redline > breach > shatter > deadlock > backfire > recall > homecoming > capacitor > reserve-cell > countershot > reprisal > rivet > fracture > tether > snapback > cinder > crosswind > flashpoint > slipstream > vector > afterburner > retrace > wallrunner > air-brake","https://caleb-guyer.github.io/recoil-foundry/?test=branches&combo=precision.mass-driver.skid-plate.rewire.daisy-chain.triphammer.crosscut&v=2.74.0","https://caleb-guyer.github.io/recoil-foundry/?test=branches&combo=precision.mass-driver.skid-plate.rewire.daisy-chain.triphammer.crosscut&room=boss&v=2.74.0","https://caleb-guyer.github.io/recoil-foundry/?test=branches&combo=precision.mass-driver.skid-plate.rewire.daisy-chain.triphammer.crosscut&mirror=1&v=2.74.0"
"precision.mass-driver.skid-plate.rewire.short-circuit.wrecking-ball.corner-cutter","Precision","Mass Driver","Skid Plate + Rewire + Short Circuit + Wrecking Ball + Corner Cutter","undefined","51","Deadeye > Mass Driver > Skid Plate > Fold > Rewire > Arc Coil > Short Circuit > Ramjet > Wrecking Ball > Grindshot > Corner Cutter > Heavy hitter > Scattershot > Hair trigger > Bank shot > Punch through > Splinter > Airshot > Kickback > Bloodwork > Light frame > Burst fire > Backblast > Banker > Landing shot > Executioner > Slingshot > Redline > Breach > Shatter > Deadlock > Backfire > Recall > Homecoming > Capacitor > Reserve cell > Countershot > Reprisal > Rivet > Fracture > Tether rounds > Snapback > Cinder rounds > Crosswind > Flashpoint > Slipstream > Vector rounds > Afterburner > Retrace > Wallrunner > Air Brake","deadeye > mass-driver > skid-plate > fold > rewire > arc-coil > short-circuit > ramjet > wrecking-ball > grindshot > corner-cutter > magnum > scatter > rapid > ricochet > pierce > split > airshot > kick > leech > light > burst > backblast > banker > landing > execute > slingshot > redline > breach > shatter > deadlock > backfire > recall > homecoming > capacitor > reserve-cell > countershot > reprisal > rivet > fracture > tether > snapback > cinder > crosswind > flashpoint > slipstream > vector > afterburner > retrace > wallrunner > air-brake","https://caleb-guyer.github.io/recoil-foundry/?test=branches&combo=precision.mass-driver.skid-plate.rewire.short-circuit.wrecking-ball.corner-cutter&v=2.74.0","https://caleb-guyer.github.io/recoil-foundry/?test=branches&combo=precision.mass-driver.skid-plate.rewire.short-circuit.wrecking-ball.corner-cutter&room=boss&v=2.74.0","https://caleb-guyer.github.io/recoil-foundry/?test=branches&combo=precision.mass-driver.skid-plate.rewire.short-circuit.wrecking-ball.corner-cutter&mirror=1&v=2.74.0"
"precision.mass-driver.skid-plate.rewire.short-circuit.wrecking-ball.crosscut","Precision","Mass Driver","Skid Plate + Rewire + Short Circuit + Wrecking Ball + Crosscut","Flywheel","52","Deadeye > Mass Driver > Skid Plate > Fold > Rewire > Arc Coil > Short Circuit > Ramjet > Wrecking Ball > Grindshot > Crosscut > Flywheel > Heavy hitter > Scattershot > Hair trigger > Bank shot > Punch through > Splinter > Airshot > Kickback > Bloodwork > Light frame > Burst fire > Backblast > Banker > Landing shot > Executioner > Slingshot > Redline > Breach > Shatter > Deadlock > Backfire > Recall > Homecoming > Capacitor > Reserve cell > Countershot > Reprisal > Rivet > Fracture > Tether rounds > Snapback > Cinder rounds > Crosswind > Flashpoint > Slipstream > Vector rounds > Afterburner > Retrace > Wallrunner > Air Brake","deadeye > mass-driver > skid-plate > fold > rewire > arc-coil > short-circuit > ramjet > wrecking-ball > grindshot > crosscut > flywheel > magnum > scatter > rapid > ricochet > pierce > split > airshot > kick > leech > light > burst > backblast > banker > landing > execute > slingshot > redline > breach > shatter > deadlock > backfire > recall > homecoming > capacitor > reserve-cell > countershot > reprisal > rivet > fracture > tether > snapback > cinder > crosswind > flashpoint > slipstream > vector > afterburner > retrace > wallrunner > air-brake","https://caleb-guyer.github.io/recoil-foundry/?test=branches&combo=precision.mass-driver.skid-plate.rewire.short-circuit.wrecking-ball.crosscut&v=2.74.0","https://caleb-guyer.github.io/recoil-foundry/?test=branches&combo=precision.mass-driver.skid-plate.rewire.short-circuit.wrecking-ball.crosscut&room=boss&v=2.74.0","https://caleb-guyer.github.io/recoil-foundry/?test=branches&combo=precision.mass-driver.skid-plate.rewire.short-circuit.wrecking-ball.crosscut&mirror=1&v=2.74.0"
"precision.mass-driver.skid-plate.rewire.short-circuit.triphammer.corner-cutter","Precision","Mass Driver","Skid Plate + Rewire + Short Circuit + Triphammer + Corner Cutter","undefined","51","Deadeye > Mass Driver > Skid Plate > Fold > Rewire > Arc Coil > Short Circuit > Ramjet > Triphammer > Grindshot > Corner Cutter > Heavy hitter > Scattershot > Hair trigger > Bank shot > Punch through > Splinter > Airshot > Kickback > Bloodwork > Light frame > Burst fire > Backblast > Banker > Landing shot > Executioner > Slingshot > Redline > Breach > Shatter > Deadlock > Backfire > Recall > Homecoming > Capacitor > Reserve cell > Countershot > Reprisal > Rivet > Fracture > Tether rounds > Snapback > Cinder rounds > Crosswind > Flashpoint > Slipstream > Vector rounds > Afterburner > Retrace > Wallrunner > Air Brake","deadeye > mass-driver > skid-plate > fold > rewire > arc-coil > short-circuit > ramjet > triphammer > grindshot > corner-cutter > magnum > scatter > rapid > ricochet > pierce > split > airshot > kick > leech > light > burst > backblast > banker > landing > execute > slingshot > redline > breach > shatter > deadlock > backfire > recall > homecoming > capacitor > reserve-cell > countershot > reprisal > rivet > fracture > tether > snapback > cinder > crosswind > flashpoint > slipstream > vector > afterburner > retrace > wallrunner > air-brake","https://caleb-guyer.github.io/recoil-foundry/?test=branches&combo=precision.mass-driver.skid-plate.rewire.short-circuit.triphammer.corner-cutter&v=2.74.0","https://caleb-guyer.github.io/recoil-foundry/?test=branches&combo=precision.mass-driver.skid-plate.rewire.short-circuit.triphammer.corner-cutter&room=boss&v=2.74.0","https://caleb-guyer.github.io/recoil-foundry/?test=branches&combo=precision.mass-driver.skid-plate.rewire.short-circuit.triphammer.corner-cutter&mirror=1&v=2.74.0"
"precision.mass-driver.skid-plate.rewire.short-circuit.triphammer.crosscut","Precision","Mass Driver","Skid Plate + Rewire + Short Circuit + Triphammer + Crosscut","Flywheel","52","Deadeye > Mass Driver > Skid Plate > Fold > Rewire > Arc Coil > Short Circuit > Ramjet > Triphammer > Grindshot > Crosscut > Flywheel > Heavy hitter > Scattershot > Hair trigger > Bank shot > Punch through > Splinter > Airshot > Kickback > Bloodwork > Light frame > Burst fire > Backblast > Banker > Landing shot > Executioner > Slingshot > Redline > Breach > Shatter > Deadlock > Backfire > Recall > Homecoming > Capacitor > Reserve cell > Countershot > Reprisal > Rivet > Fracture > Tether rounds > Snapback > Cinder rounds > Crosswind > Flashpoint > Slipstream > Vector rounds > Afterburner > Retrace > Wallrunner > Air Brake","deadeye > mass-driver > skid-plate > fold > rewire > arc-coil > short-circuit > ramjet > triphammer > grindshot > crosscut > flywheel > magnum > scatter > rapid > ricochet > pierce > split > airshot > kick > leech > light > burst > backblast > banker > landing > execute > slingshot > redline > breach > shatter > deadlock > backfire > recall > homecoming > capacitor > reserve-cell > countershot > reprisal > rivet > fracture > tether > snapback > cinder > crosswind > flashpoint > slipstream > vector > afterburner > retrace > wallrunner > air-brake","https://caleb-guyer.github.io/recoil-foundry/?test=branches&combo=precision.mass-driver.skid-plate.rewire.short-circuit.triphammer.crosscut&v=2.74.0","https://caleb-guyer.github.io/recoil-foundry/?test=branches&combo=precision.mass-driver.skid-plate.rewire.short-circuit.triphammer.crosscut&room=boss&v=2.74.0","https://caleb-guyer.github.io/recoil-foundry/?test=branches&combo=precision.mass-driver.skid-plate.rewire.short-circuit.triphammer.crosscut&mirror=1&v=2.74.0"
"precision.mass-driver.skid-plate.relay-gate.daisy-chain.wrecking-ball.corner-cutter","Precision","Mass Driver","Skid Plate + Relay Gate + Daisy Chain + Wrecking Ball + Corner Cutter","undefined","51","Deadeye > Mass Driver > Skid Plate > Fold > Relay Gate > Arc Coil > Daisy Chain > Ramjet > Wrecking Ball > Grindshot > Corner Cutter > Heavy hitter > Scattershot > Hair trigger > Bank shot > Punch through > Splinter > Airshot > Kickback > Bloodwork > Light frame > Burst fire > Backblast > Banker > Landing shot > Executioner > Slingshot > Redline > Breach > Shatter > Deadlock > Backfire > Recall > Homecoming > Capacitor > Reserve cell > Countershot > Reprisal > Rivet > Fracture > Tether rounds > Snapback > Cinder rounds > Crosswind > Flashpoint > Slipstream > Vector rounds > Afterburner > Retrace > Wallrunner > Air Brake","deadeye > mass-driver > skid-plate > fold > relay-gate > arc-coil > daisy-chain > ramjet > wrecking-ball > grindshot > corner-cutter > magnum > scatter > rapid > ricochet > pierce > split > airshot > kick > leech > light > burst > backblast > banker > landing > execute > slingshot > redline > breach > shatter > deadlock > backfire > recall > homecoming > capacitor > reserve-cell > countershot > reprisal > rivet > fracture > tether > snapback > cinder > crosswind > flashpoint > slipstream > vector > afterburner > retrace > wallrunner > air-brake","https://caleb-guyer.github.io/recoil-foundry/?test=branches&combo=precision.mass-driver.skid-plate.relay-gate.daisy-chain.wrecking-ball.corner-cutter&v=2.74.0","https://caleb-guyer.github.io/recoil-foundry/?test=branches&combo=precision.mass-driver.skid-plate.relay-gate.daisy-chain.wrecking-ball.corner-cutter&room=boss&v=2.74.0","https://caleb-guyer.github.io/recoil-foundry/?test=branches&combo=precision.mass-driver.skid-plate.relay-gate.daisy-chain.wrecking-ball.corner-cutter&mirror=1&v=2.74.0"
"precision.mass-driver.skid-plate.relay-gate.daisy-chain.wrecking-ball.crosscut","Precision","Mass Driver","Skid Plate + Relay Gate + Daisy Chain + Wrecking Ball + Crosscut","Flywheel","52","Deadeye > Mass Driver > Skid Plate > Fold > Relay Gate > Arc Coil > Daisy Chain > Ramjet > Wrecking Ball > Grindshot > Crosscut > Flywheel > Heavy hitter > Scattershot > Hair trigger > Bank shot > Punch through > Splinter > Airshot > Kickback > Bloodwork > Light frame > Burst fire > Backblast > Banker > Landing shot > Executioner > Slingshot > Redline > Breach > Shatter > Deadlock > Backfire > Recall > Homecoming > Capacitor > Reserve cell > Countershot > Reprisal > Rivet > Fracture > Tether rounds > Snapback > Cinder rounds > Crosswind > Flashpoint > Slipstream > Vector rounds > Afterburner > Retrace > Wallrunner > Air Brake","deadeye > mass-driver > skid-plate > fold > relay-gate > arc-coil > daisy-chain > ramjet > wrecking-ball > grindshot > crosscut > flywheel > magnum > scatter > rapid > ricochet > pierce > split > airshot > kick > leech > light > burst > backblast > banker > landing > execute > slingshot > redline > breach > shatter > deadlock > backfire > recall > homecoming > capacitor > reserve-cell > countershot > reprisal > rivet > fracture > tether > snapback > cinder > crosswind > flashpoint > slipstream > vector > afterburner > retrace > wallrunner > air-brake","https://caleb-guyer.github.io/recoil-foundry/?test=branches&combo=precision.mass-driver.skid-plate.relay-gate.daisy-chain.wrecking-ball.crosscut&v=2.74.0","https://caleb-guyer.github.io/recoil-foundry/?test=branches&combo=precision.mass-driver.skid-plate.relay-gate.daisy-chain.wrecking-ball.crosscut&room=boss&v=2.74.0","https://caleb-guyer.github.io/recoil-foundry/?test=branches&combo=precision.mass-driver.skid-plate.relay-gate.daisy-chain.wrecking-ball.crosscut&mirror=1&v=2.74.0"
"precision.mass-driver.skid-plate.relay-gate.daisy-chain.triphammer.corner-cutter","Precision","Mass Driver","Skid Plate + Relay Gate + Daisy Chain + Triphammer + Corner Cutter","undefined","51","Deadeye > Mass Driver > Skid Plate > Fold > Relay Gate > Arc Coil > Daisy Chain > Ramjet > Triphammer > Grindshot > Corner Cutter > Heavy hitter > Scattershot > Hair trigger > Bank shot > Punch through > Splinter > Airshot > Kickback > Bloodwork > Light frame > Burst fire > Backblast > Banker > Landing shot > Executioner > Slingshot > Redline > Breach > Shatter > Deadlock > Backfire > Recall > Homecoming > Capacitor > Reserve cell > Countershot > Reprisal > Rivet > Fracture > Tether rounds > Snapback > Cinder rounds > Crosswind > Flashpoint > Slipstream > Vector rounds > Afterburner > Retrace > Wallrunner > Air Brake","deadeye > mass-driver > skid-plate > fold > relay-gate > arc-coil > daisy-chain > ramjet > triphammer > grindshot > corner-cutter > magnum > scatter > rapid > ricochet > pierce > split > airshot > kick > leech > light > burst > backblast > banker > landing > execute > slingshot > redline > breach > shatter > deadlock > backfire > recall > homecoming > capacitor > reserve-cell > countershot > reprisal > rivet > fracture > tether > snapback > cinder > crosswind > flashpoint > slipstream > vector > afterburner > retrace > wallrunner > air-brake","https://caleb-guyer.github.io/recoil-foundry/?test=branches&combo=precision.mass-driver.skid-plate.relay-gate.daisy-chain.triphammer.corner-cutter&v=2.74.0","https://caleb-guyer.github.io/recoil-foundry/?test=branches&combo=precision.mass-driver.skid-plate.relay-gate.daisy-chain.triphammer.corner-cutter&room=boss&v=2.74.0","https://caleb-guyer.github.io/recoil-foundry/?test=branches&combo=precision.mass-driver.skid-plate.relay-gate.daisy-chain.triphammer.corner-cutter&mirror=1&v=2.74.0"
"precision.mass-driver.skid-plate.relay-gate.daisy-chain.triphammer.crosscut","Precision","Mass Driver","Skid Plate + Relay Gate + Daisy Chain + Triphammer + Crosscut","Flywheel","52","Deadeye > Mass Driver > Skid Plate > Fold > Relay Gate > Arc Coil > Daisy Chain > Ramjet > Triphammer > Grindshot > Crosscut > Flywheel > Heavy hitter > Scattershot > Hair trigger > Bank shot > Punch through > Splinter > Airshot > Kickback > Bloodwork > Light frame > Burst fire > Backblast > Banker > Landing shot > Executioner > Slingshot > Redline > Breach > Shatter > Deadlock > Backfire > Recall > Homecoming > Capacitor > Reserve cell > Countershot > Reprisal > Rivet > Fracture > Tether rounds > Snapback > Cinder rounds > Crosswind > Flashpoint > Slipstream > Vector rounds > Afterburner > Retrace > Wallrunner > Air Brake","deadeye > mass-driver > skid-plate > fold > relay-gate > arc-coil > daisy-chain > ramjet > triphammer > grindshot > crosscut > flywheel > magnum > scatter > rapid > ricochet > pierce > split > airshot > kick > leech > light > burst > backblast > banker > landing > execute > slingshot > redline > breach > shatter > deadlock > backfire > recall > homecoming > capacitor > reserve-cell > countershot > reprisal > rivet > fracture > tether > snapback > cinder > crosswind > flashpoint > slipstream > vector > afterburner > retrace > wallrunner > air-brake","https://caleb-guyer.github.io/recoil-foundry/?test=branches&combo=precision.mass-driver.skid-plate.relay-gate.daisy-chain.triphammer.crosscut&v=2.74.0","https://caleb-guyer.github.io/recoil-foundry/?test=branches&combo=precision.mass-driver.skid-plate.relay-gate.daisy-chain.triphammer.crosscut&room=boss&v=2.74.0","https://caleb-guyer.github.io/recoil-foundry/?test=branches&combo=precision.mass-driver.skid-plate.relay-gate.daisy-chain.triphammer.crosscut&mirror=1&v=2.74.0"
"precision.mass-driver.skid-plate.relay-gate.short-circuit.wrecking-ball.corner-cutter","Precision","Mass Driver","Skid Plate + Relay Gate + Short Circuit + Wrecking Ball + Corner Cutter","undefined","51","Deadeye > Mass Driver > Skid Plate > Fold > Relay Gate > Arc Coil > Short Circuit > Ramjet > Wrecking Ball > Grindshot > Corner Cutter > Heavy hitter > Scattershot > Hair trigger > Bank shot > Punch through > Splinter > Airshot > Kickback > Bloodwork > Light frame > Burst fire > Backblast > Banker > Landing shot > Executioner > Slingshot > Redline > Breach > Shatter > Deadlock > Backfire > Recall > Homecoming > Capacitor > Reserve cell > Countershot > Reprisal > Rivet > Fracture > Tether rounds > Snapback > Cinder rounds > Crosswind > Flashpoint > Slipstream > Vector rounds > Afterburner > Retrace > Wallrunner > Air Brake","deadeye > mass-driver > skid-plate > fold > relay-gate > arc-coil > short-circuit > ramjet > wrecking-ball > grindshot > corner-cutter > magnum > scatter > rapid > ricochet > pierce > split > airshot > kick > leech > light > burst > backblast > banker > landing > execute > slingshot > redline > breach > shatter > deadlock > backfire > recall > homecoming > capacitor > reserve-cell > countershot > reprisal > rivet > fracture > tether > snapback > cinder > crosswind > flashpoint > slipstream > vector > afterburner > retrace > wallrunner > air-brake","https://caleb-guyer.github.io/recoil-foundry/?test=branches&combo=precision.mass-driver.skid-plate.relay-gate.short-circuit.wrecking-ball.corner-cutter&v=2.74.0","https://caleb-guyer.github.io/recoil-foundry/?test=branches&combo=precision.mass-driver.skid-plate.relay-gate.short-circuit.wrecking-ball.corner-cutter&room=boss&v=2.74.0","https://caleb-guyer.github.io/recoil-foundry/?test=branches&combo=precision.mass-driver.skid-plate.relay-gate.short-circuit.wrecking-ball.corner-cutter&mirror=1&v=2.74.0"
"precision.mass-driver.skid-plate.relay-gate.short-circuit.wrecking-ball.crosscut","Precision","Mass Driver","Skid Plate + Relay Gate + Short Circuit + Wrecking Ball + Crosscut","Flywheel","52","Deadeye > Mass Driver > Skid Plate > Fold > Relay Gate > Arc Coil > Short Circuit > Ramjet > Wrecking Ball > Grindshot > Crosscut > Flywheel > Heavy hitter > Scattershot > Hair trigger > Bank shot > Punch through > Splinter > Airshot > Kickback > Bloodwork > Light frame > Burst fire > Backblast > Banker > Landing shot > Executioner > Slingshot > Redline > Breach > Shatter > Deadlock > Backfire > Recall > Homecoming > Capacitor > Reserve cell > Countershot > Reprisal > Rivet > Fracture > Tether rounds > Snapback > Cinder rounds > Crosswind > Flashpoint > Slipstream > Vector rounds > Afterburner > Retrace > Wallrunner > Air Brake","deadeye > mass-driver > skid-plate > fold > relay-gate > arc-coil > short-circuit > ramjet > wrecking-ball > grindshot > crosscut > flywheel > magnum > scatter > rapid > ricochet > pierce > split > airshot > kick > leech > light > burst > backblast > banker > landing > execute > slingshot > redline > breach > shatter > deadlock > backfire > recall > homecoming > capacitor > reserve-cell > countershot > reprisal > rivet > fracture > tether > snapback > cinder > crosswind > flashpoint > slipstream > vector > afterburner > retrace > wallrunner > air-brake","https://caleb-guyer.github.io/recoil-foundry/?test=branches&combo=precision.mass-driver.skid-plate.relay-gate.short-circuit.wrecking-ball.crosscut&v=2.74.0","https://caleb-guyer.github.io/recoil-foundry/?test=branches&combo=precision.mass-driver.skid-plate.relay-gate.short-circuit.wrecking-ball.crosscut&room=boss&v=2.74.0","https://caleb-guyer.github.io/recoil-foundry/?test=branches&combo=precision.mass-driver.skid-plate.relay-gate.short-circuit.wrecking-ball.crosscut&mirror=1&v=2.74.0"
"precision.mass-driver.skid-plate.relay-gate.short-circuit.triphammer.corner-cutter","Precision","Mass Driver","Skid Plate + Relay Gate + Short Circuit + Triphammer + Corner Cutter","undefined","51","Deadeye > Mass Driver > Skid Plate > Fold > Relay Gate > Arc Coil > Short Circuit > Ramjet > Triphammer > Grindshot > Corner Cutter > Heavy hitter > Scattershot > Hair trigger > Bank shot > Punch through > Splinter > Airshot > Kickback > Bloodwork > Light frame > Burst fire > Backblast > Banker > Landing shot > Executioner > Slingshot > Redline > Breach > Shatter > Deadlock > Backfire > Recall > Homecoming > Capacitor > Reserve cell > Countershot > Reprisal > Rivet > Fracture > Tether rounds > Snapback > Cinder rounds > Crosswind > Flashpoint > Slipstream > Vector rounds > Afterburner > Retrace > Wallrunner > Air Brake","deadeye > mass-driver > skid-plate > fold > relay-gate > arc-coil > short-circuit > ramjet > triphammer > grindshot > corner-cutter > magnum > scatter > rapid > ricochet > pierce > split > airshot > kick > leech > light > burst > backblast > banker > landing > execute > slingshot > redline > breach > shatter > deadlock > backfire > recall > homecoming > capacitor > reserve-cell > countershot > reprisal > rivet > fracture > tether > snapback > cinder > crosswind > flashpoint > slipstream > vector > afterburner > retrace > wallrunner > air-brake","https://caleb-guyer.github.io/recoil-foundry/?test=branches&combo=precision.mass-driver.skid-plate.relay-gate.short-circuit.triphammer.corner-cutter&v=2.74.0","https://caleb-guyer.github.io/recoil-foundry/?test=branches&combo=precision.mass-driver.skid-plate.relay-gate.short-circuit.triphammer.corner-cutter&room=boss&v=2.74.0","https://caleb-guyer.github.io/recoil-foundry/?test=branches&combo=precision.mass-driver.skid-plate.relay-gate.short-circuit.triphammer.corner-cutter&mirror=1&v=2.74.0"
"precision.mass-driver.skid-plate.relay-gate.short-circuit.triphammer.crosscut","Precision","Mass Driver","Skid Plate + Relay Gate + Short Circuit + Triphammer + Crosscut","Flywheel","52","Deadeye > Mass Driver > Skid Plate > Fold > Relay Gate > Arc Coil > Short Circuit > Ramjet > Triphammer > Grindshot > Crosscut > Flywheel > Heavy hitter > Scattershot > Hair trigger > Bank shot > Punch through > Splinter > Airshot > Kickback > Bloodwork > Light frame > Burst fire > Backblast > Banker > Landing shot > Executioner > Slingshot > Redline > Breach > Shatter > Deadlock > Backfire > Recall > Homecoming > Capacitor > Reserve cell > Countershot > Reprisal > Rivet > Fracture > Tether rounds > Snapback > Cinder rounds > Crosswind > Flashpoint > Slipstream > Vector rounds > Afterburner > Retrace > Wallrunner > Air Brake","deadeye > mass-driver > skid-plate > fold > relay-gate > arc-coil > short-circuit > ramjet > triphammer > grindshot > crosscut > flywheel > magnum > scatter > rapid > ricochet > pierce > split > airshot > kick > leech > light > burst > backblast > banker > landing > execute > slingshot > redline > breach > shatter > deadlock > backfire > recall > homecoming > capacitor > reserve-cell > countershot > reprisal > rivet > fracture > tether > snapback > cinder > crosswind > flashpoint > slipstream > vector > afterburner > retrace > wallrunner > air-brake","https://caleb-guyer.github.io/recoil-foundry/?test=branches&combo=precision.mass-driver.skid-plate.relay-gate.short-circuit.triphammer.crosscut&v=2.74.0","https://caleb-guyer.github.io/recoil-foundry/?test=branches&combo=precision.mass-driver.skid-plate.relay-gate.short-circuit.triphammer.crosscut&room=boss&v=2.74.0","https://caleb-guyer.github.io/recoil-foundry/?test=branches&combo=precision.mass-driver.skid-plate.relay-gate.short-circuit.triphammer.crosscut&mirror=1&v=2.74.0"
"bullet-hell.mass-driver.convergence.parallax.drop-forge.rewire.daisy-chain.wrecking-ball.corner-cutter","Bullet hell","Mass Driver","Convergence + Parallax + Drop Forge + Rewire + Daisy Chain + Wrecking Ball + Corner Cutter","Orbit","52","Crossfire > Mass Driver > Convergence > Afterimage > Parallax > Drop Forge > Fold > Rewire > Arc Coil > Daisy Chain > Ramjet > Wrecking Ball > Grindshot > Corner Cutter > Recall > Orbit > Heavy hitter > Scattershot > Hair trigger > Bank shot > Punch through > Splinter > Airshot > Kickback > Bloodwork > Light frame > Burst fire > Backblast > Banker > Landing shot > Death bloom > Slingshot > Redline > Breach > Shatter > Backfire > Homecoming > Capacitor > Reserve cell > Countershot > Reprisal > Tether rounds > Snapback > Cinder rounds > Crosswind > Flashpoint > Slipstream > Vector rounds > Afterburner > Retrace > Wallrunner > Air Brake","crossfire > mass-driver > convergence > afterimage > parallax > drop-forge > fold > rewire > arc-coil > daisy-chain > ramjet > wrecking-ball > grindshot > corner-cutter > recall > orbit > magnum > scatter > rapid > ricochet > pierce > split > airshot > kick > leech > light > burst > backblast > banker > landing > bloom > slingshot > redline > breach > shatter > backfire > homecoming > capacitor > reserve-cell > countershot > reprisal > tether > snapback > cinder > crosswind > flashpoint > slipstream > vector > afterburner > retrace > wallrunner > air-brake","https://caleb-guyer.github.io/recoil-foundry/?test=branches&combo=bullet-hell.mass-driver.convergence.parallax.drop-forge.rewire.daisy-chain.wrecking-ball.corner-cutter&v=2.74.0","https://caleb-guyer.github.io/recoil-foundry/?test=branches&combo=bullet-hell.mass-driver.convergence.parallax.drop-forge.rewire.daisy-chain.wrecking-ball.corner-cutter&room=boss&v=2.74.0","https://caleb-guyer.github.io/recoil-foundry/?test=branches&combo=bullet-hell.mass-driver.convergence.parallax.drop-forge.rewire.daisy-chain.wrecking-ball.corner-cutter&mirror=1&v=2.74.0"
"bullet-hell.mass-driver.convergence.parallax.drop-forge.rewire.daisy-chain.wrecking-ball.crosscut","Bullet hell","Mass Driver","Convergence + Parallax + Drop Forge + Rewire + Daisy Chain + Wrecking Ball + Crosscut","Orbit","52","Crossfire > Mass Driver > Convergence > Afterimage > Parallax > Drop Forge > Fold > Rewire > Arc Coil > Daisy Chain > Ramjet > Wrecking Ball > Grindshot > Crosscut > Recall > Orbit > Heavy hitter > Scattershot > Hair trigger > Bank shot > Punch through > Splinter > Airshot > Kickback > Bloodwork > Light frame > Burst fire > Backblast > Banker > Landing shot > Death bloom > Slingshot > Redline > Breach > Shatter > Backfire > Homecoming > Capacitor > Reserve cell > Countershot > Reprisal > Tether rounds > Snapback > Cinder rounds > Crosswind > Flashpoint > Slipstream > Vector rounds > Afterburner > Retrace > Wallrunner > Air Brake","crossfire > mass-driver > convergence > afterimage > parallax > drop-forge > fold > rewire > arc-coil > daisy-chain > ramjet > wrecking-ball > grindshot > crosscut > recall > orbit > magnum > scatter > rapid > ricochet > pierce > split > airshot > kick > leech > light > burst > backblast > banker > landing > bloom > slingshot > redline > breach > shatter > backfire > homecoming > capacitor > reserve-cell > countershot > reprisal > tether > snapback > cinder > crosswind > flashpoint > slipstream > vector > afterburner > retrace > wallrunner > air-brake","https://caleb-guyer.github.io/recoil-foundry/?test=branches&combo=bullet-hell.mass-driver.convergence.parallax.drop-forge.rewire.daisy-chain.wrecking-ball.crosscut&v=2.74.0","https://caleb-guyer.github.io/recoil-foundry/?test=branches&combo=bullet-hell.mass-driver.convergence.parallax.drop-forge.rewire.daisy-chain.wrecking-ball.crosscut&room=boss&v=2.74.0","https://caleb-guyer.github.io/recoil-foundry/?test=branches&combo=bullet-hell.mass-driver.convergence.parallax.drop-forge.rewire.daisy-chain.wrecking-ball.crosscut&mirror=1&v=2.74.0"
"bullet-hell.mass-driver.convergence.parallax.drop-forge.rewire.daisy-chain.triphammer.corner-cutter","Bullet hell","Mass Driver","Convergence + Parallax + Drop Forge + Rewire + Daisy Chain + Triphammer + Corner Cutter","Orbit","52","Crossfire > Mass Driver > Convergence > Afterimage > Parallax > Drop Forge > Fold > Rewire > Arc Coil > Daisy Chain > Ramjet > Triphammer > Grindshot > Corner Cutter > Recall > Orbit > Heavy hitter > Scattershot > Hair trigger > Bank shot > Punch through > Splinter > Airshot > Kickback > Bloodwork > Light frame > Burst fire > Backblast > Banker > Landing shot > Death bloom > Slingshot > Redline > Breach > Shatter > Backfire > Homecoming > Capacitor > Reserve cell > Countershot > Reprisal > Tether rounds > Snapback > Cinder rounds > Crosswind > Flashpoint > Slipstream > Vector rounds > Afterburner > Retrace > Wallrunner > Air Brake","crossfire > mass-driver > convergence > afterimage > parallax > drop-forge > fold > rewire > arc-coil > daisy-chain > ramjet > triphammer > grindshot > corner-cutter > recall > orbit > magnum > scatter > rapid > ricochet > pierce > split > airshot > kick > leech > light > burst > backblast > banker > landing > bloom > slingshot > redline > breach > shatter > backfire > homecoming > capacitor > reserve-cell > countershot > reprisal > tether > snapback > cinder > crosswind > flashpoint > slipstream > vector > afterburner > retrace > wallrunner > air-brake","https://caleb-guyer.github.io/recoil-foundry/?test=branches&combo=bullet-hell.mass-driver.convergence.parallax.drop-forge.rewire.daisy-chain.triphammer.corner-cutter&v=2.74.0","https://caleb-guyer.github.io/recoil-foundry/?test=branches&combo=bullet-hell.mass-driver.convergence.parallax.drop-forge.rewire.daisy-chain.triphammer.corner-cutter&room=boss&v=2.74.0","https://caleb-guyer.github.io/recoil-foundry/?test=branches&combo=bullet-hell.mass-driver.convergence.parallax.drop-forge.rewire.daisy-chain.triphammer.corner-cutter&mirror=1&v=2.74.0"
"bullet-hell.mass-driver.convergence.parallax.drop-forge.rewire.daisy-chain.triphammer.crosscut","Bullet hell","Mass Driver","Convergence + Parallax + Drop Forge + Rewire + Daisy Chain + Triphammer + Crosscut","Orbit","52","Crossfire > Mass Driver > Convergence > Afterimage > Parallax > Drop Forge > Fold > Rewire > Arc Coil > Daisy Chain > Ramjet > Triphammer > Grindshot > Crosscut > Recall > Orbit > Heavy hitter > Scattershot > Hair trigger > Bank shot > Punch through > Splinter > Airshot > Kickback > Bloodwork > Light frame > Burst fire > Backblast > Banker > Landing shot > Death bloom > Slingshot > Redline > Breach > Shatter > Backfire > Homecoming > Capacitor > Reserve cell > Countershot > Reprisal > Tether rounds > Snapback > Cinder rounds > Crosswind > Flashpoint > Slipstream > Vector rounds > Afterburner > Retrace > Wallrunner > Air Brake","crossfire > mass-driver > convergence > afterimage > parallax > drop-forge > fold > rewire > arc-coil > daisy-chain > ramjet > triphammer > grindshot > crosscut > recall > orbit > magnum > scatter > rapid > ricochet > pierce > split > airshot > kick > leech > light > burst > backblast > banker > landing > bloom > slingshot > redline > breach > shatter > backfire > homecoming > capacitor > reserve-cell > countershot > reprisal > tether > snapback > cinder > crosswind > flashpoint > slipstream > vector > afterburner > retrace > wallrunner > air-brake","https://caleb-guyer.github.io/recoil-foundry/?test=branches&combo=bullet-hell.mass-driver.convergence.parallax.drop-forge.rewire.daisy-chain.triphammer.crosscut&v=2.74.0","https://caleb-guyer.github.io/recoil-foundry/?test=branches&combo=bullet-hell.mass-driver.convergence.parallax.drop-forge.rewire.daisy-chain.triphammer.crosscut&room=boss&v=2.74.0","https://caleb-guyer.github.io/recoil-foundry/?test=branches&combo=bullet-hell.mass-driver.convergence.parallax.drop-forge.rewire.daisy-chain.triphammer.crosscut&mirror=1&v=2.74.0"
"bullet-hell.mass-driver.convergence.parallax.drop-forge.rewire.short-circuit.wrecking-ball.corner-cutter","Bullet hell","Mass Driver","Convergence + Parallax + Drop Forge + Rewire + Short Circuit + Wrecking Ball + Corner Cutter","Orbit","52","Crossfire > Mass Driver > Convergence > Afterimage > Parallax > Drop Forge > Fold > Rewire > Arc Coil > Short Circuit > Ramjet > Wrecking Ball > Grindshot > Corner Cutter > Recall > Orbit > Heavy hitter > Scattershot > Hair trigger > Bank shot > Punch through > Splinter > Airshot > Kickback > Bloodwork > Light frame > Burst fire > Backblast > Banker > Landing shot > Death bloom > Slingshot > Redline > Breach > Shatter > Backfire > Homecoming > Capacitor > Reserve cell > Countershot > Reprisal > Tether rounds > Snapback > Cinder rounds > Crosswind > Flashpoint > Slipstream > Vector rounds > Afterburner > Retrace > Wallrunner > Air Brake","crossfire > mass-driver > convergence > afterimage > parallax > drop-forge > fold > rewire > arc-coil > short-circuit > ramjet > wrecking-ball > grindshot > corner-cutter > recall > orbit > magnum > scatter > rapid > ricochet > pierce > split > airshot > kick > leech > light > burst > backblast > banker > landing > bloom > slingshot > redline > breach > shatter > backfire > homecoming > capacitor > reserve-cell > countershot > reprisal > tether > snapback > cinder > crosswind > flashpoint > slipstream > vector > afterburner > retrace > wallrunner > air-brake","https://caleb-guyer.github.io/recoil-foundry/?test=branches&combo=bullet-hell.mass-driver.convergence.parallax.drop-forge.rewire.short-circuit.wrecking-ball.corner-cutter&v=2.74.0","https://caleb-guyer.github.io/recoil-foundry/?test=branches&combo=bullet-hell.mass-driver.convergence.parallax.drop-forge.rewire.short-circuit.wrecking-ball.corner-cutter&room=boss&v=2.74.0","https://caleb-guyer.github.io/recoil-foundry/?test=branches&combo=bullet-hell.mass-driver.convergence.parallax.drop-forge.rewire.short-circuit.wrecking-ball.corner-cutter&mirror=1&v=2.74.0"
"bullet-hell.mass-driver.convergence.parallax.drop-forge.rewire.short-circuit.wrecking-ball.crosscut","Bullet hell","Mass Driver","Convergence + Parallax + Drop Forge + Rewire + Short Circuit + Wrecking Ball + Crosscut","Orbit","52","Crossfire > Mass Driver > Convergence > Afterimage > Parallax > Drop Forge > Fold > Rewire > Arc Coil > Short Circuit > Ramjet > Wrecking Ball > Grindshot > Crosscut > Recall > Orbit > Heavy hitter > Scattershot > Hair trigger > Bank shot > Punch through > Splinter > Airshot > Kickback > Bloodwork > Light frame > Burst fire > Backblast > Banker > Landing shot > Death bloom > Slingshot > Redline > Breach > Shatter > Backfire > Homecoming > Capacitor > Reserve cell > Countershot > Reprisal > Tether rounds > Snapback > Cinder rounds > Crosswind > Flashpoint > Slipstream > Vector rounds > Afterburner > Retrace > Wallrunner > Air Brake","crossfire > mass-driver > convergence > afterimage > parallax > drop-forge > fold > rewire > arc-coil > short-circuit > ramjet > wrecking-ball > grindshot > crosscut > recall > orbit > magnum > scatter > rapid > ricochet > pierce > split > airshot > kick > leech > light > burst > backblast > banker > landing > bloom > slingshot > redline > breach > shatter > backfire > homecoming > capacitor > reserve-cell > countershot > reprisal > tether > snapback > cinder > crosswind > flashpoint > slipstream > vector > afterburner > retrace > wallrunner > air-brake","https://caleb-guyer.github.io/recoil-foundry/?test=branches&combo=bullet-hell.mass-driver.convergence.parallax.drop-forge.rewire.short-circuit.wrecking-ball.crosscut&v=2.74.0","https://caleb-guyer.github.io/recoil-foundry/?test=branches&combo=bullet-hell.mass-driver.convergence.parallax.drop-forge.rewire.short-circuit.wrecking-ball.crosscut&room=boss&v=2.74.0","https://caleb-guyer.github.io/recoil-foundry/?test=branches&combo=bullet-hell.mass-driver.convergence.parallax.drop-forge.rewire.short-circuit.wrecking-ball.crosscut&mirror=1&v=2.74.0"
"bullet-hell.mass-driver.convergence.parallax.drop-forge.rewire.short-circuit.triphammer.corner-cutter","Bullet hell","Mass Driver","Convergence + Parallax + Drop Forge + Rewire + Short Circuit + Triphammer + Corner Cutter","Orbit","52","Crossfire > Mass Driver > Convergence > Afterimage > Parallax > Drop Forge > Fold > Rewire > Arc Coil > Short Circuit > Ramjet > Triphammer > Grindshot > Corner Cutter > Recall > Orbit > Heavy hitter > Scattershot > Hair trigger > Bank shot > Punch through > Splinter > Airshot > Kickback > Bloodwork > Light frame > Burst fire > Backblast > Banker > Landing shot > Death bloom > Slingshot > Redline > Breach > Shatter > Backfire > Homecoming > Capacitor > Reserve cell > Countershot > Reprisal > Tether rounds > Snapback > Cinder rounds > Crosswind > Flashpoint > Slipstream > Vector rounds > Afterburner > Retrace > Wallrunner > Air Brake","crossfire > mass-driver > convergence > afterimage > parallax > drop-forge > fold > rewire > arc-coil > short-circuit > ramjet > triphammer > grindshot > corner-cutter > recall > orbit > magnum > scatter > rapid > ricochet > pierce > split > airshot > kick > leech > light > burst > backblast > banker > landing > bloom > slingshot > redline > breach > shatter > backfire > homecoming > capacitor > reserve-cell > countershot > reprisal > tether > snapback > cinder > crosswind > flashpoint > slipstream > vector > afterburner > retrace > wallrunner > air-brake","https://caleb-guyer.github.io/recoil-foundry/?test=branches&combo=bullet-hell.mass-driver.convergence.parallax.drop-forge.rewire.short-circuit.triphammer.corner-cutter&v=2.74.0","https://caleb-guyer.github.io/recoil-foundry/?test=branches&combo=bullet-hell.mass-driver.convergence.parallax.drop-forge.rewire.short-circuit.triphammer.corner-cutter&room=boss&v=2.74.0","https://caleb-guyer.github.io/recoil-foundry/?test=branches&combo=bullet-hell.mass-driver.convergence.parallax.drop-forge.rewire.short-circuit.triphammer.corner-cutter&mirror=1&v=2.74.0"
"bullet-hell.mass-driver.convergence.parallax.drop-forge.rewire.short-circuit.triphammer.crosscut","Bullet hell","Mass Driver","Convergence + Parallax + Drop Forge + Rewire + Short Circuit + Triphammer + Crosscut","Orbit","52","Crossfire > Mass Driver > Convergence > Afterimage > Parallax > Drop Forge > Fold > Rewire > Arc Coil > Short Circuit > Ramjet > Triphammer > Grindshot > Crosscut > Recall > Orbit > Heavy hitter > Scattershot > Hair trigger > Bank shot > Punch through > Splinter > Airshot > Kickback > Bloodwork > Light frame > Burst fire > Backblast > Banker > Landing shot > Death bloom > Slingshot > Redline > Breach > Shatter > Backfire > Homecoming > Capacitor > Reserve cell > Countershot > Reprisal > Tether rounds > Snapback > Cinder rounds > Crosswind > Flashpoint > Slipstream > Vector rounds > Afterburner > Retrace > Wallrunner > Air Brake","crossfire > mass-driver > convergence > afterimage > parallax > drop-forge > fold > rewire > arc-coil > short-circuit > ramjet > triphammer > grindshot > crosscut > recall > orbit > magnum > scatter > rapid > ricochet > pierce > split > airshot > kick > leech > light > burst > backblast > banker > landing > bloom > slingshot > redline > breach > shatter > backfire > homecoming > capacitor > reserve-cell > countershot > reprisal > tether > snapback > cinder > crosswind > flashpoint > slipstream > vector > afterburner > retrace > wallrunner > air-brake","https://caleb-guyer.github.io/recoil-foundry/?test=branches&combo=bullet-hell.mass-driver.convergence.parallax.drop-forge.rewire.short-circuit.triphammer.crosscut&v=2.74.0","https://caleb-guyer.github.io/recoil-foundry/?test=branches&combo=bullet-hell.mass-driver.convergence.parallax.drop-forge.rewire.short-circuit.triphammer.crosscut&room=boss&v=2.74.0","https://caleb-guyer.github.io/recoil-foundry/?test=branches&combo=bullet-hell.mass-driver.convergence.parallax.drop-forge.rewire.short-circuit.triphammer.crosscut&mirror=1&v=2.74.0"
"bullet-hell.mass-driver.convergence.parallax.drop-forge.relay-gate.daisy-chain.wrecking-ball.corner-cutter","Bullet hell","Mass Driver","Convergence + Parallax + Drop Forge + Relay Gate + Daisy Chain + Wrecking Ball + Corner Cutter","Orbit","52","Crossfire > Mass Driver > Convergence > Afterimage > Parallax > Drop Forge > Fold > Relay Gate > Arc Coil > Daisy Chain > Ramjet > Wrecking Ball > Grindshot > Corner Cutter > Recall > Orbit > Heavy hitter > Scattershot > Hair trigger > Bank shot > Punch through > Splinter > Airshot > Kickback > Bloodwork > Light frame > Burst fire > Backblast > Banker > Landing shot > Death bloom > Slingshot > Redline > Breach > Shatter > Backfire > Homecoming > Capacitor > Reserve cell > Countershot > Reprisal > Tether rounds > Snapback > Cinder rounds > Crosswind > Flashpoint > Slipstream > Vector rounds > Afterburner > Retrace > Wallrunner > Air Brake","crossfire > mass-driver > convergence > afterimage > parallax > drop-forge > fold > relay-gate > arc-coil > daisy-chain > ramjet > wrecking-ball > grindshot > corner-cutter > recall > orbit > magnum > scatter > rapid > ricochet > pierce > split > airshot > kick > leech > light > burst > backblast > banker > landing > bloom > slingshot > redline > breach > shatter > backfire > homecoming > capacitor > reserve-cell > countershot > reprisal > tether > snapback > cinder > crosswind > flashpoint > slipstream > vector > afterburner > retrace > wallrunner > air-brake","https://caleb-guyer.github.io/recoil-foundry/?test=branches&combo=bullet-hell.mass-driver.convergence.parallax.drop-forge.relay-gate.daisy-chain.wrecking-ball.corner-cutter&v=2.74.0","https://caleb-guyer.github.io/recoil-foundry/?test=branches&combo=bullet-hell.mass-driver.convergence.parallax.drop-forge.relay-gate.daisy-chain.wrecking-ball.corner-cutter&room=boss&v=2.74.0","https://caleb-guyer.github.io/recoil-foundry/?test=branches&combo=bullet-hell.mass-driver.convergence.parallax.drop-forge.relay-gate.daisy-chain.wrecking-ball.corner-cutter&mirror=1&v=2.74.0"
"bullet-hell.mass-driver.convergence.parallax.drop-forge.relay-gate.daisy-chain.wrecking-ball.crosscut","Bullet hell","Mass Driver","Convergence + Parallax + Drop Forge + Relay Gate + Daisy Chain + Wrecking Ball + Crosscut","Orbit","52","Crossfire > Mass Driver > Convergence > Afterimage > Parallax > Drop Forge > Fold > Relay Gate > Arc Coil > Daisy Chain > Ramjet > Wrecking Ball > Grindshot > Crosscut > Recall > Orbit > Heavy hitter > Scattershot > Hair trigger > Bank shot > Punch through > Splinter > Airshot > Kickback > Bloodwork > Light frame > Burst fire > Backblast > Banker > Landing shot > Death bloom > Slingshot > Redline > Breach > Shatter > Backfire > Homecoming > Capacitor > Reserve cell > Countershot > Reprisal > Tether rounds > Snapback > Cinder rounds > Crosswind > Flashpoint > Slipstream > Vector rounds > Afterburner > Retrace > Wallrunner > Air Brake","crossfire > mass-driver > convergence > afterimage > parallax > drop-forge > fold > relay-gate > arc-coil > daisy-chain > ramjet > wrecking-ball > grindshot > crosscut > recall > orbit > magnum > scatter > rapid > ricochet > pierce > split > airshot > kick > leech > light > burst > backblast > banker > landing > bloom > slingshot > redline > breach > shatter > backfire > homecoming > capacitor > reserve-cell > countershot > reprisal > tether > snapback > cinder > crosswind > flashpoint > slipstream > vector > afterburner > retrace > wallrunner > air-brake","https://caleb-guyer.github.io/recoil-foundry/?test=branches&combo=bullet-hell.mass-driver.convergence.parallax.drop-forge.relay-gate.daisy-chain.wrecking-ball.crosscut&v=2.74.0","https://caleb-guyer.github.io/recoil-foundry/?test=branches&combo=bullet-hell.mass-driver.convergence.parallax.drop-forge.relay-gate.daisy-chain.wrecking-ball.crosscut&room=boss&v=2.74.0","https://caleb-guyer.github.io/recoil-foundry/?test=branches&combo=bullet-hell.mass-driver.convergence.parallax.drop-forge.relay-gate.daisy-chain.wrecking-ball.crosscut&mirror=1&v=2.74.0"
"bullet-hell.mass-driver.convergence.parallax.drop-forge.relay-gate.daisy-chain.triphammer.corner-cutter","Bullet hell","Mass Driver","Convergence + Parallax + Drop Forge + Relay Gate + Daisy Chain + Triphammer + Corner Cutter","Orbit","52","Crossfire > Mass Driver > Convergence > Afterimage > Parallax > Drop Forge > Fold > Relay Gate > Arc Coil > Daisy Chain > Ramjet > Triphammer > Grindshot > Corner Cutter > Recall > Orbit > Heavy hitter > Scattershot > Hair trigger > Bank shot > Punch through > Splinter > Airshot > Kickback > Bloodwork > Light frame > Burst fire > Backblast > Banker > Landing shot > Death bloom > Slingshot > Redline > Breach > Shatter > Backfire > Homecoming > Capacitor > Reserve cell > Countershot > Reprisal > Tether rounds > Snapback > Cinder rounds > Crosswind > Flashpoint > Slipstream > Vector rounds > Afterburner > Retrace > Wallrunner > Air Brake","crossfire > mass-driver > convergence > afterimage > parallax > drop-forge > fold > relay-gate > arc-coil > daisy-chain > ramjet > triphammer > grindshot > corner-cutter > recall > orbit > magnum > scatter > rapid > ricochet > pierce > split > airshot > kick > leech > light > burst > backblast > banker > landing > bloom > slingshot > redline > breach > shatter > backfire > homecoming > capacitor > reserve-cell > countershot > reprisal > tether > snapback > cinder > crosswind > flashpoint > slipstream > vector > afterburner > retrace > wallrunner > air-brake","https://caleb-guyer.github.io/recoil-foundry/?test=branches&combo=bullet-hell.mass-driver.convergence.parallax.drop-forge.relay-gate.daisy-chain.triphammer.corner-cutter&v=2.74.0","https://caleb-guyer.github.io/recoil-foundry/?test=branches&combo=bullet-hell.mass-driver.convergence.parallax.drop-forge.relay-gate.daisy-chain.triphammer.corner-cutter&room=boss&v=2.74.0","https://caleb-guyer.github.io/recoil-foundry/?test=branches&combo=bullet-hell.mass-driver.convergence.parallax.drop-forge.relay-gate.daisy-chain.triphammer.corner-cutter&mirror=1&v=2.74.0"
"bullet-hell.mass-driver.convergence.parallax.drop-forge.relay-gate.daisy-chain.triphammer.crosscut","Bullet hell","Mass Driver","Convergence + Parallax + Drop Forge + Relay Gate + Daisy Chain + Triphammer + Crosscut","Orbit","52","Crossfire > Mass Driver > Convergence > Afterimage > Parallax > Drop Forge > Fold > Relay Gate > Arc Coil > Daisy Chain > Ramjet > Triphammer > Grindshot > Crosscut > Recall > Orbit > Heavy hitter > Scattershot > Hair trigger > Bank shot > Punch through > Splinter > Airshot > Kickback > Bloodwork > Light frame > Burst fire > Backblast > Banker > Landing shot > Death bloom > Slingshot > Redline > Breach > Shatter > Backfire > Homecoming > Capacitor > Reserve cell > Countershot > Reprisal > Tether rounds > Snapback > Cinder rounds > Crosswind > Flashpoint > Slipstream > Vector rounds > Afterburner > Retrace > Wallrunner > Air Brake","crossfire > mass-driver > convergence > afterimage > parallax > drop-forge > fold > relay-gate > arc-coil > daisy-chain > ramjet > triphammer > grindshot > crosscut > recall > orbit > magnum > scatter > rapid > ricochet > pierce > split > airshot > kick > leech > light > burst > backblast > banker > landing > bloom > slingshot > redline > breach > shatter > backfire > homecoming > capacitor > reserve-cell > countershot > reprisal > tether > snapback > cinder > crosswind > flashpoint > slipstream > vector > afterburner > retrace > wallrunner > air-brake","https://caleb-guyer.github.io/recoil-foundry/?test=branches&combo=bullet-hell.mass-driver.convergence.parallax.drop-forge.relay-gate.daisy-chain.triphammer.crosscut&v=2.74.0","https://caleb-guyer.github.io/recoil-foundry/?test=branches&combo=bullet-hell.mass-driver.convergence.parallax.drop-forge.relay-gate.daisy-chain.triphammer.crosscut&room=boss&v=2.74.0","https://caleb-guyer.github.io/recoil-foundry/?test=branches&combo=bullet-hell.mass-driver.convergence.parallax.drop-forge.relay-gate.daisy-chain.triphammer.crosscut&mirror=1&v=2.74.0"
"bullet-hell.mass-driver.convergence.parallax.drop-forge.relay-gate.short-circuit.wrecking-ball.corner-cutter","Bullet hell","Mass Driver","Convergence + Parallax + Drop Forge + Relay Gate + Short Circuit + Wrecking Ball + Corner Cutter","Orbit","52","Crossfire > Mass Driver > Convergence > Afterimage > Parallax > Drop Forge > Fold > Relay Gate > Arc Coil > Short Circuit > Ramjet > Wrecking Ball > Grindshot > Corner Cutter > Recall > Orbit > Heavy hitter > Scattershot > Hair trigger > Bank shot > Punch through > Splinter > Airshot > Kickback > Bloodwork > Light frame > Burst fire > Backblast > Banker > Landing shot > Death bloom > Slingshot > Redline > Breach > Shatter > Backfire > Homecoming > Capacitor > Reserve cell > Countershot > Reprisal > Tether rounds > Snapback > Cinder rounds > Crosswind > Flashpoint > Slipstream > Vector rounds > Afterburner > Retrace > Wallrunner > Air Brake","crossfire > mass-driver > convergence > afterimage > parallax > drop-forge > fold > relay-gate > arc-coil > short-circuit > ramjet > wrecking-ball > grindshot > corner-cutter > recall > orbit > magnum > scatter > rapid > ricochet > pierce > split > airshot > kick > leech > light > burst > backblast > banker > landing > bloom > slingshot > redline > breach > shatter > backfire > homecoming > capacitor > reserve-cell > countershot > reprisal > tether > snapback > cinder > crosswind > flashpoint > slipstream > vector > afterburner > retrace > wallrunner > air-brake","https://caleb-guyer.github.io/recoil-foundry/?test=branches&combo=bullet-hell.mass-driver.convergence.parallax.drop-forge.relay-gate.short-circuit.wrecking-ball.corner-cutter&v=2.74.0","https://caleb-guyer.github.io/recoil-foundry/?test=branches&combo=bullet-hell.mass-driver.convergence.parallax.drop-forge.relay-gate.short-circuit.wrecking-ball.corner-cutter&room=boss&v=2.74.0","https://caleb-guyer.github.io/recoil-foundry/?test=branches&combo=bullet-hell.mass-driver.convergence.parallax.drop-forge.relay-gate.short-circuit.wrecking-ball.corner-cutter&mirror=1&v=2.74.0"
"bullet-hell.mass-driver.convergence.parallax.drop-forge.relay-gate.short-circuit.wrecking-ball.crosscut","Bullet hell","Mass Driver","Convergence + Parallax + Drop Forge + Relay Gate + Short Circuit + Wrecking Ball + Crosscut","Orbit","52","Crossfire > Mass Driver > Convergence > Afterimage > Parallax > Drop Forge > Fold > Relay Gate > Arc Coil > Short Circuit > Ramjet > Wrecking Ball > Grindshot > Crosscut > Recall > Orbit > Heavy hitter > Scattershot > Hair trigger > Bank shot > Punch through > Splinter > Airshot > Kickback > Bloodwork > Light frame > Burst fire > Backblast > Banker > Landing shot > Death bloom > Slingshot > Redline > Breach > Shatter > Backfire > Homecoming > Capacitor > Reserve cell > Countershot > Reprisal > Tether rounds > Snapback > Cinder rounds > Crosswind > Flashpoint > Slipstream > Vector rounds > Afterburner > Retrace > Wallrunner > Air Brake","crossfire > mass-driver > convergence > afterimage > parallax > drop-forge > fold > relay-gate > arc-coil > short-circuit > ramjet > wrecking-ball > grindshot > crosscut > recall > orbit > magnum > scatter > rapid > ricochet > pierce > split > airshot > kick > leech > light > burst > backblast > banker > landing > bloom > slingshot > redline > breach > shatter > backfire > homecoming > capacitor > reserve-cell > countershot > reprisal > tether > snapback > cinder > crosswind > flashpoint > slipstream > vector > afterburner > retrace > wallrunner > air-brake","https://caleb-guyer.github.io/recoil-foundry/?test=branches&combo=bullet-hell.mass-driver.convergence.parallax.drop-forge.relay-gate.short-circuit.wrecking-ball.crosscut&v=2.74.0","https://caleb-guyer.github.io/recoil-foundry/?test=branches&combo=bullet-hell.mass-driver.convergence.parallax.drop-forge.relay-gate.short-circuit.wrecking-ball.crosscut&room=boss&v=2.74.0","https://caleb-guyer.github.io/recoil-foundry/?test=branches&combo=bullet-hell.mass-driver.convergence.parallax.drop-forge.relay-gate.short-circuit.wrecking-ball.crosscut&mirror=1&v=2.74.0"
"bullet-hell.mass-driver.convergence.parallax.drop-forge.relay-gate.short-circuit.triphammer.corner-cutter","Bullet hell","Mass Driver","Convergence + Parallax + Drop Forge + Relay Gate + Short Circuit + Triphammer + Corner Cutter","Orbit","52","Crossfire > Mass Driver > Convergence > Afterimage > Parallax > Drop Forge > Fold > Relay Gate > Arc Coil > Short Circuit > Ramjet > Triphammer > Grindshot > Corner Cutter > Recall > Orbit > Heavy hitter > Scattershot > Hair trigger > Bank shot > Punch through > Splinter > Airshot > Kickback > Bloodwork > Light frame > Burst fire > Backblast > Banker > Landing shot > Death bloom > Slingshot > Redline > Breach > Shatter > Backfire > Homecoming > Capacitor > Reserve cell > Countershot > Reprisal > Tether rounds > Snapback > Cinder rounds > Crosswind > Flashpoint > Slipstream > Vector rounds > Afterburner > Retrace > Wallrunner > Air Brake","crossfire > mass-driver > convergence > afterimage > parallax > drop-forge > fold > relay-gate > arc-coil > short-circuit > ramjet > triphammer > grindshot > corner-cutter > recall > orbit > magnum > scatter > rapid > ricochet > pierce > split > airshot > kick > leech > light > burst > backblast > banker > landing > bloom > slingshot > redline > breach > shatter > backfire > homecoming > capacitor > reserve-cell > countershot > reprisal > tether > snapback > cinder > crosswind > flashpoint > slipstream > vector > afterburner > retrace > wallrunner > air-brake","https://caleb-guyer.github.io/recoil-foundry/?test=branches&combo=bullet-hell.mass-driver.convergence.parallax.drop-forge.relay-gate.short-circuit.triphammer.corner-cutter&v=2.74.0","https://caleb-guyer.github.io/recoil-foundry/?test=branches&combo=bullet-hell.mass-driver.convergence.parallax.drop-forge.relay-gate.short-circuit.triphammer.corner-cutter&room=boss&v=2.74.0","https://caleb-guyer.github.io/recoil-foundry/?test=branches&combo=bullet-hell.mass-driver.convergence.parallax.drop-forge.relay-gate.short-circuit.triphammer.corner-cutter&mirror=1&v=2.74.0"
"bullet-hell.mass-driver.convergence.parallax.drop-forge.relay-gate.short-circuit.triphammer.crosscut","Bullet hell","Mass Driver","Convergence + Parallax + Drop Forge + Relay Gate + Short Circuit + Triphammer + Crosscut","Orbit","52","Crossfire > Mass Driver > Convergence > Afterimage > Parallax > Drop Forge > Fold > Relay Gate > Arc Coil > Short Circuit > Ramjet > Triphammer > Grindshot > Crosscut > Recall > Orbit > Heavy hitter > Scattershot > Hair trigger > Bank shot > Punch through > Splinter > Airshot > Kickback > Bloodwork > Light frame > Burst fire > Backblast > Banker > Landing shot > Death bloom > Slingshot > Redline > Breach > Shatter > Backfire > Homecoming > Capacitor > Reserve cell > Countershot > Reprisal > Tether rounds > Snapback > Cinder rounds > Crosswind > Flashpoint > Slipstream > Vector rounds > Afterburner > Retrace > Wallrunner > Air Brake","crossfire > mass-driver > convergence > afterimage > parallax > drop-forge > fold > relay-gate > arc-coil > short-circuit > ramjet > triphammer > grindshot > crosscut > recall > orbit > magnum > scatter > rapid > ricochet > pierce > split > airshot > kick > leech > light > burst > backblast > banker > landing > bloom > slingshot > redline > breach > shatter > backfire > homecoming > capacitor > reserve-cell > countershot > reprisal > tether > snapback > cinder > crosswind > flashpoint > slipstream > vector > afterburner > retrace > wallrunner > air-brake","https://caleb-guyer.github.io/recoil-foundry/?test=branches&combo=bullet-hell.mass-driver.convergence.parallax.drop-forge.relay-gate.short-circuit.triphammer.crosscut&v=2.74.0","https://caleb-guyer.github.io/recoil-foundry/?test=branches&combo=bullet-hell.mass-driver.convergence.parallax.drop-forge.relay-gate.short-circuit.triphammer.crosscut&room=boss&v=2.74.0","https://caleb-guyer.github.io/recoil-foundry/?test=branches&combo=bullet-hell.mass-driver.convergence.parallax.drop-forge.relay-gate.short-circuit.triphammer.crosscut&mirror=1&v=2.74.0"
"bullet-hell.mass-driver.convergence.parallax.skid-plate.rewire.daisy-chain.wrecking-ball.corner-cutter","Bullet hell","Mass Driver","Convergence + Parallax + Skid Plate + Rewire + Daisy Chain + Wrecking Ball + Corner Cutter","Orbit","52","Crossfire > Mass Driver > Convergence > Afterimage > Parallax > Skid Plate > Fold > Rewire > Arc Coil > Daisy Chain > Ramjet > Wrecking Ball > Grindshot > Corner Cutter > Recall > Orbit > Heavy hitter > Scattershot > Hair trigger > Bank shot > Punch through > Splinter > Airshot > Kickback > Bloodwork > Light frame > Burst fire > Backblast > Banker > Landing shot > Death bloom > Slingshot > Redline > Breach > Shatter > Backfire > Homecoming > Capacitor > Reserve cell > Countershot > Reprisal > Tether rounds > Snapback > Cinder rounds > Crosswind > Flashpoint > Slipstream > Vector rounds > Afterburner > Retrace > Wallrunner > Air Brake","crossfire > mass-driver > convergence > afterimage > parallax > skid-plate > fold > rewire > arc-coil > daisy-chain > ramjet > wrecking-ball > grindshot > corner-cutter > recall > orbit > magnum > scatter > rapid > ricochet > pierce > split > airshot > kick > leech > light > burst > backblast > banker > landing > bloom > slingshot > redline > breach > shatter > backfire > homecoming > capacitor > reserve-cell > countershot > reprisal > tether > snapback > cinder > crosswind > flashpoint > slipstream > vector > afterburner > retrace > wallrunner > air-brake","https://caleb-guyer.github.io/recoil-foundry/?test=branches&combo=bullet-hell.mass-driver.convergence.parallax.skid-plate.rewire.daisy-chain.wrecking-ball.corner-cutter&v=2.74.0","https://caleb-guyer.github.io/recoil-foundry/?test=branches&combo=bullet-hell.mass-driver.convergence.parallax.skid-plate.rewire.daisy-chain.wrecking-ball.corner-cutter&room=boss&v=2.74.0","https://caleb-guyer.github.io/recoil-foundry/?test=branches&combo=bullet-hell.mass-driver.convergence.parallax.skid-plate.rewire.daisy-chain.wrecking-ball.corner-cutter&mirror=1&v=2.74.0"
"bullet-hell.mass-driver.convergence.parallax.skid-plate.rewire.daisy-chain.wrecking-ball.crosscut","Bullet hell","Mass Driver","Convergence + Parallax + Skid Plate + Rewire + Daisy Chain + Wrecking Ball + Crosscut","Orbit","52","Crossfire > Mass Driver > Convergence > Afterimage > Parallax > Skid Plate > Fold > Rewire > Arc Coil > Daisy Chain > Ramjet > Wrecking Ball > Grindshot > Crosscut > Recall > Orbit > Heavy hitter > Scattershot > Hair trigger > Bank shot > Punch through > Splinter > Airshot > Kickback > Bloodwork > Light frame > Burst fire > Backblast > Banker > Landing shot > Death bloom > Slingshot > Redline > Breach > Shatter > Backfire > Homecoming > Capacitor > Reserve cell > Countershot > Reprisal > Tether rounds > Snapback > Cinder rounds > Crosswind > Flashpoint > Slipstream > Vector rounds > Afterburner > Retrace > Wallrunner > Air Brake","crossfire > mass-driver > convergence > afterimage > parallax > skid-plate > fold > rewire > arc-coil > daisy-chain > ramjet > wrecking-ball > grindshot > crosscut > recall > orbit > magnum > scatter > rapid > ricochet > pierce > split > airshot > kick > leech > light > burst > backblast > banker > landing > bloom > slingshot > redline > breach > shatter > backfire > homecoming > capacitor > reserve-cell > countershot > reprisal > tether > snapback > cinder > crosswind > flashpoint > slipstream > vector > afterburner > retrace > wallrunner > air-brake","https://caleb-guyer.github.io/recoil-foundry/?test=branches&combo=bullet-hell.mass-driver.convergence.parallax.skid-plate.rewire.daisy-chain.wrecking-ball.crosscut&v=2.74.0","https://caleb-guyer.github.io/recoil-foundry/?test=branches&combo=bullet-hell.mass-driver.convergence.parallax.skid-plate.rewire.daisy-chain.wrecking-ball.crosscut&room=boss&v=2.74.0","https://caleb-guyer.github.io/recoil-foundry/?test=branches&combo=bullet-hell.mass-driver.convergence.parallax.skid-plate.rewire.daisy-chain.wrecking-ball.crosscut&mirror=1&v=2.74.0"
"bullet-hell.mass-driver.convergence.parallax.skid-plate.rewire.daisy-chain.wrecking-ball.crosscut.flywheel","Bullet hell","Mass Driver","Convergence + Parallax + Skid Plate + Rewire + Daisy Chain + Wrecking Ball + Crosscut","Flywheel","52","Crossfire > Mass Driver > Convergence > Afterimage > Parallax > Skid Plate > Fold > Rewire > Arc Coil > Daisy Chain > Ramjet > Wrecking Ball > Grindshot > Crosscut > Flywheel > Heavy hitter > Scattershot > Hair trigger > Bank shot > Punch through > Splinter > Airshot > Kickback > Bloodwork > Light frame > Burst fire > Backblast > Banker > Landing shot > Death bloom > Slingshot > Redline > Breach > Shatter > Backfire > Recall > Homecoming > Capacitor > Reserve cell > Countershot > Reprisal > Tether rounds > Snapback > Cinder rounds > Crosswind > Flashpoint > Slipstream > Vector rounds > Afterburner > Retrace > Wallrunner > Air Brake","crossfire > mass-driver > convergence > afterimage > parallax > skid-plate > fold > rewire > arc-coil > daisy-chain > ramjet > wrecking-ball > grindshot > crosscut > flywheel > magnum > scatter > rapid > ricochet > pierce > split > airshot > kick > leech > light > burst > backblast > banker > landing > bloom > slingshot > redline > breach > shatter > backfire > recall > homecoming > capacitor > reserve-cell > countershot > reprisal > tether > snapback > cinder > crosswind > flashpoint > slipstream > vector > afterburner > retrace > wallrunner > air-brake","https://caleb-guyer.github.io/recoil-foundry/?test=branches&combo=bullet-hell.mass-driver.convergence.parallax.skid-plate.rewire.daisy-chain.wrecking-ball.crosscut.flywheel&v=2.74.0","https://caleb-guyer.github.io/recoil-foundry/?test=branches&combo=bullet-hell.mass-driver.convergence.parallax.skid-plate.rewire.daisy-chain.wrecking-ball.crosscut.flywheel&room=boss&v=2.74.0","https://caleb-guyer.github.io/recoil-foundry/?test=branches&combo=bullet-hell.mass-driver.convergence.parallax.skid-plate.rewire.daisy-chain.wrecking-ball.crosscut.flywheel&mirror=1&v=2.74.0"
"bullet-hell.mass-driver.convergence.parallax.skid-plate.rewire.daisy-chain.triphammer.corner-cutter","Bullet hell","Mass Driver","Convergence + Parallax + Skid Plate + Rewire + Daisy Chain + Triphammer + Corner Cutter","Orbit","52","Crossfire > Mass Driver > Convergence > Afterimage > Parallax > Skid Plate > Fold > Rewire > Arc Coil > Daisy Chain > Ramjet > Triphammer > Grindshot > Corner Cutter > Recall > Orbit > Heavy hitter > Scattershot > Hair trigger > Bank shot > Punch through > Splinter > Airshot > Kickback > Bloodwork > Light frame > Burst fire > Backblast > Banker > Landing shot > Death bloom > Slingshot > Redline > Breach > Shatter > Backfire > Homecoming > Capacitor > Reserve cell > Countershot > Reprisal > Tether rounds > Snapback > Cinder rounds > Crosswind > Flashpoint > Slipstream > Vector rounds > Afterburner > Retrace > Wallrunner > Air Brake","crossfire > mass-driver > convergence > afterimage > parallax > skid-plate > fold > rewire > arc-coil > daisy-chain > ramjet > triphammer > grindshot > corner-cutter > recall > orbit > magnum > scatter > rapid > ricochet > pierce > split > airshot > kick > leech > light > burst > backblast > banker > landing > bloom > slingshot > redline > breach > shatter > backfire > homecoming > capacitor > reserve-cell > countershot > reprisal > tether > snapback > cinder > crosswind > flashpoint > slipstream > vector > afterburner > retrace > wallrunner > air-brake","https://caleb-guyer.github.io/recoil-foundry/?test=branches&combo=bullet-hell.mass-driver.convergence.parallax.skid-plate.rewire.daisy-chain.triphammer.corner-cutter&v=2.74.0","https://caleb-guyer.github.io/recoil-foundry/?test=branches&combo=bullet-hell.mass-driver.convergence.parallax.skid-plate.rewire.daisy-chain.triphammer.corner-cutter&room=boss&v=2.74.0","https://caleb-guyer.github.io/recoil-foundry/?test=branches&combo=bullet-hell.mass-driver.convergence.parallax.skid-plate.rewire.daisy-chain.triphammer.corner-cutter&mirror=1&v=2.74.0"
"bullet-hell.mass-driver.convergence.parallax.skid-plate.rewire.daisy-chain.triphammer.crosscut","Bullet hell","Mass Driver","Convergence + Parallax + Skid Plate + Rewire + Daisy Chain + Triphammer + Crosscut","Orbit","52","Crossfire > Mass Driver > Convergence > Afterimage > Parallax > Skid Plate > Fold > Rewire > Arc Coil > Daisy Chain > Ramjet > Triphammer > Grindshot > Crosscut > Recall > Orbit > Heavy hitter > Scattershot > Hair trigger > Bank shot > Punch through > Splinter > Airshot > Kickback > Bloodwork > Light frame > Burst fire > Backblast > Banker > Landing shot > Death bloom > Slingshot > Redline > Breach > Shatter > Backfire > Homecoming > Capacitor > Reserve cell > Countershot > Reprisal > Tether rounds > Snapback > Cinder rounds > Crosswind > Flashpoint > Slipstream > Vector rounds > Afterburner > Retrace > Wallrunner > Air Brake","crossfire > mass-driver > convergence > afterimage > parallax > skid-plate > fold > rewire > arc-coil > daisy-chain > ramjet > triphammer > grindshot > crosscut > recall > orbit > magnum > scatter > rapid > ricochet > pierce > split > airshot > kick > leech > light > burst > backblast > banker > landing > bloom > slingshot > redline > breach > shatter > backfire > homecoming > capacitor > reserve-cell > countershot > reprisal > tether > snapback > cinder > crosswind > flashpoint > slipstream > vector > afterburner > retrace > wallrunner > air-brake","https://caleb-guyer.github.io/recoil-foundry/?test=branches&combo=bullet-hell.mass-driver.convergence.parallax.skid-plate.rewire.daisy-chain.triphammer.crosscut&v=2.74.0","https://caleb-guyer.github.io/recoil-foundry/?test=branches&combo=bullet-hell.mass-driver.convergence.parallax.skid-plate.rewire.daisy-chain.triphammer.crosscut&room=boss&v=2.74.0","https://caleb-guyer.github.io/recoil-foundry/?test=branches&combo=bullet-hell.mass-driver.convergence.parallax.skid-plate.rewire.daisy-chain.triphammer.crosscut&mirror=1&v=2.74.0"
"bullet-hell.mass-driver.convergence.parallax.skid-plate.rewire.daisy-chain.triphammer.crosscut.flywheel","Bullet hell","Mass Driver","Convergence + Parallax + Skid Plate + Rewire + Daisy Chain + Triphammer + Crosscut","Flywheel","52","Crossfire > Mass Driver > Convergence > Afterimage > Parallax > Skid Plate > Fold > Rewire > Arc Coil > Daisy Chain > Ramjet > Triphammer > Grindshot > Crosscut > Flywheel > Heavy hitter > Scattershot > Hair trigger > Bank shot > Punch through > Splinter > Airshot > Kickback > Bloodwork > Light frame > Burst fire > Backblast > Banker > Landing shot > Death bloom > Slingshot > Redline > Breach > Shatter > Backfire > Recall > Homecoming > Capacitor > Reserve cell > Countershot > Reprisal > Tether rounds > Snapback > Cinder rounds > Crosswind > Flashpoint > Slipstream > Vector rounds > Afterburner > Retrace > Wallrunner > Air Brake","crossfire > mass-driver > convergence > afterimage > parallax > skid-plate > fold > rewire > arc-coil > daisy-chain > ramjet > triphammer > grindshot > crosscut > flywheel > magnum > scatter > rapid > ricochet > pierce > split > airshot > kick > leech > light > burst > backblast > banker > landing > bloom > slingshot > redline > breach > shatter > backfire > recall > homecoming > capacitor > reserve-cell > countershot > reprisal > tether > snapback > cinder > crosswind > flashpoint > slipstream > vector > afterburner > retrace > wallrunner > air-brake","https://caleb-guyer.github.io/recoil-foundry/?test=branches&combo=bullet-hell.mass-driver.convergence.parallax.skid-plate.rewire.daisy-chain.triphammer.crosscut.flywheel&v=2.74.0","https://caleb-guyer.github.io/recoil-foundry/?test=branches&combo=bullet-hell.mass-driver.convergence.parallax.skid-plate.rewire.daisy-chain.triphammer.crosscut.flywheel&room=boss&v=2.74.0","https://caleb-guyer.github.io/recoil-foundry/?test=branches&combo=bullet-hell.mass-driver.convergence.parallax.skid-plate.rewire.daisy-chain.triphammer.crosscut.flywheel&mirror=1&v=2.74.0"
"bullet-hell.mass-driver.convergence.parallax.skid-plate.rewire.short-circuit.wrecking-ball.corner-cutter","Bullet hell","Mass Driver","Convergence + Parallax + Skid Plate + Rewire + Short Circuit + Wrecking Ball + Corner Cutter","Orbit","52","Crossfire > Mass Driver > Convergence > Afterimage > Parallax > Skid Plate > Fold > Rewire > Arc Coil > Short Circuit > Ramjet > Wrecking Ball > Grindshot > Corner Cutter > Recall > Orbit > Heavy hitter > Scattershot > Hair trigger > Bank shot > Punch through > Splinter > Airshot > Kickback > Bloodwork > Light frame > Burst fire > Backblast > Banker > Landing shot > Death bloom > Slingshot > Redline > Breach > Shatter > Backfire > Homecoming > Capacitor > Reserve cell > Countershot > Reprisal > Tether rounds > Snapback > Cinder rounds > Crosswind > Flashpoint > Slipstream > Vector rounds > Afterburner > Retrace > Wallrunner > Air Brake","crossfire > mass-driver > convergence > afterimage > parallax > skid-plate > fold > rewire > arc-coil > short-circuit > ramjet > wrecking-ball > grindshot > corner-cutter > recall > orbit > magnum > scatter > rapid > ricochet > pierce > split > airshot > kick > leech > light > burst > backblast > banker > landing > bloom > slingshot > redline > breach > shatter > backfire > homecoming > capacitor > reserve-cell > countershot > reprisal > tether > snapback > cinder > crosswind > flashpoint > slipstream > vector > afterburner > retrace > wallrunner > air-brake","https://caleb-guyer.github.io/recoil-foundry/?test=branches&combo=bullet-hell.mass-driver.convergence.parallax.skid-plate.rewire.short-circuit.wrecking-ball.corner-cutter&v=2.74.0","https://caleb-guyer.github.io/recoil-foundry/?test=branches&combo=bullet-hell.mass-driver.convergence.parallax.skid-plate.rewire.short-circuit.wrecking-ball.corner-cutter&room=boss&v=2.74.0","https://caleb-guyer.github.io/recoil-foundry/?test=branches&combo=bullet-hell.mass-driver.convergence.parallax.skid-plate.rewire.short-circuit.wrecking-ball.corner-cutter&mirror=1&v=2.74.0"
"bullet-hell.mass-driver.convergence.parallax.skid-plate.rewire.short-circuit.wrecking-ball.crosscut","Bullet hell","Mass Driver","Convergence + Parallax + Skid Plate + Rewire + Short Circuit + Wrecking Ball + Crosscut","Orbit","52","Crossfire > Mass Driver > Convergence > Afterimage > Parallax > Skid Plate > Fold > Rewire > Arc Coil > Short Circuit > Ramjet > Wrecking Ball > Grindshot > Crosscut > Recall > Orbit > Heavy hitter > Scattershot > Hair trigger > Bank shot > Punch through > Splinter > Airshot > Kickback > Bloodwork > Light frame > Burst fire > Backblast > Banker > Landing shot > Death bloom > Slingshot > Redline > Breach > Shatter > Backfire > Homecoming > Capacitor > Reserve cell > Countershot > Reprisal > Tether rounds > Snapback > Cinder rounds > Crosswind > Flashpoint > Slipstream > Vector rounds > Afterburner > Retrace > Wallrunner > Air Brake","crossfire > mass-driver > convergence > afterimage > parallax > skid-plate > fold > rewire > arc-coil > short-circuit > ramjet > wrecking-ball > grindshot > crosscut > recall > orbit > magnum > scatter > rapid > ricochet > pierce > split > airshot > kick > leech > light > burst > backblast > banker > landing > bloom > slingshot > redline > breach > shatter > backfire > homecoming > capacitor > reserve-cell > countershot > reprisal > tether > snapback > cinder > crosswind > flashpoint > slipstream > vector > afterburner > retrace > wallrunner > air-brake","https://caleb-guyer.github.io/recoil-foundry/?test=branches&combo=bullet-hell.mass-driver.convergence.parallax.skid-plate.rewire.short-circuit.wrecking-ball.crosscut&v=2.74.0","https://caleb-guyer.github.io/recoil-foundry/?test=branches&combo=bullet-hell.mass-driver.convergence.parallax.skid-plate.rewire.short-circuit.wrecking-ball.crosscut&room=boss&v=2.74.0","https://caleb-guyer.github.io/recoil-foundry/?test=branches&combo=bullet-hell.mass-driver.convergence.parallax.skid-plate.rewire.short-circuit.wrecking-ball.crosscut&mirror=1&v=2.74.0"
"bullet-hell.mass-driver.convergence.parallax.skid-plate.rewire.short-circuit.wrecking-ball.crosscut.flywheel","Bullet hell","Mass Driver","Convergence + Parallax + Skid Plate + Rewire + Short Circuit + Wrecking Ball + Crosscut","Flywheel","52","Crossfire > Mass Driver > Convergence > Afterimage > Parallax > Skid Plate > Fold > Rewire > Arc Coil > Short Circuit > Ramjet > Wrecking Ball > Grindshot > Crosscut > Flywheel > Heavy hitter > Scattershot > Hair trigger > Bank shot > Punch through > Splinter > Airshot > Kickback > Bloodwork > Light frame > Burst fire > Backblast > Banker > Landing shot > Death bloom > Slingshot > Redline > Breach > Shatter > Backfire > Recall > Homecoming > Capacitor > Reserve cell > Countershot > Reprisal > Tether rounds > Snapback > Cinder rounds > Crosswind > Flashpoint > Slipstream > Vector rounds > Afterburner > Retrace > Wallrunner > Air Brake","crossfire > mass-driver > convergence > afterimage > parallax > skid-plate > fold > rewire > arc-coil > short-circuit > ramjet > wrecking-ball > grindshot > crosscut > flywheel > magnum > scatter > rapid > ricochet > pierce > split > airshot > kick > leech > light > burst > backblast > banker > landing > bloom > slingshot > redline > breach > shatter > backfire > recall > homecoming > capacitor > reserve-cell > countershot > reprisal > tether > snapback > cinder > crosswind > flashpoint > slipstream > vector > afterburner > retrace > wallrunner > air-brake","https://caleb-guyer.github.io/recoil-foundry/?test=branches&combo=bullet-hell.mass-driver.convergence.parallax.skid-plate.rewire.short-circuit.wrecking-ball.crosscut.flywheel&v=2.74.0","https://caleb-guyer.github.io/recoil-foundry/?test=branches&combo=bullet-hell.mass-driver.convergence.parallax.skid-plate.rewire.short-circuit.wrecking-ball.crosscut.flywheel&room=boss&v=2.74.0","https://caleb-guyer.github.io/recoil-foundry/?test=branches&combo=bullet-hell.mass-driver.convergence.parallax.skid-plate.rewire.short-circuit.wrecking-ball.crosscut.flywheel&mirror=1&v=2.74.0"
"bullet-hell.mass-driver.convergence.parallax.skid-plate.rewire.short-circuit.triphammer.corner-cutter","Bullet hell","Mass Driver","Convergence + Parallax + Skid Plate + Rewire + Short Circuit + Triphammer + Corner Cutter","Orbit","52","Crossfire > Mass Driver > Convergence > Afterimage > Parallax > Skid Plate > Fold > Rewire > Arc Coil > Short Circuit > Ramjet > Triphammer > Grindshot > Corner Cutter > Recall > Orbit > Heavy hitter > Scattershot > Hair trigger > Bank shot > Punch through > Splinter > Airshot > Kickback > Bloodwork > Light frame > Burst fire > Backblast > Banker > Landing shot > Death bloom > Slingshot > Redline > Breach > Shatter > Backfire > Homecoming > Capacitor > Reserve cell > Countershot > Reprisal > Tether rounds > Snapback > Cinder rounds > Crosswind > Flashpoint > Slipstream > Vector rounds > Afterburner > Retrace > Wallrunner > Air Brake","crossfire > mass-driver > convergence > afterimage > parallax > skid-plate > fold > rewire > arc-coil > short-circuit > ramjet > triphammer > grindshot > corner-cutter > recall > orbit > magnum > scatter > rapid > ricochet > pierce > split > airshot > kick > leech > light > burst > backblast > banker > landing > bloom > slingshot > redline > breach > shatter > backfire > homecoming > capacitor > reserve-cell > countershot > reprisal > tether > snapback > cinder > crosswind > flashpoint > slipstream > vector > afterburner > retrace > wallrunner > air-brake","https://caleb-guyer.github.io/recoil-foundry/?test=branches&combo=bullet-hell.mass-driver.convergence.parallax.skid-plate.rewire.short-circuit.triphammer.corner-cutter&v=2.74.0","https://caleb-guyer.github.io/recoil-foundry/?test=branches&combo=bullet-hell.mass-driver.convergence.parallax.skid-plate.rewire.short-circuit.triphammer.corner-cutter&room=boss&v=2.74.0","https://caleb-guyer.github.io/recoil-foundry/?test=branches&combo=bullet-hell.mass-driver.convergence.parallax.skid-plate.rewire.short-circuit.triphammer.corner-cutter&mirror=1&v=2.74.0"
"bullet-hell.mass-driver.convergence.parallax.skid-plate.rewire.short-circuit.triphammer.crosscut","Bullet hell","Mass Driver","Convergence + Parallax + Skid Plate + Rewire + Short Circuit + Triphammer + Crosscut","Orbit","52","Crossfire > Mass Driver > Convergence > Afterimage > Parallax > Skid Plate > Fold > Rewire > Arc Coil > Short Circuit > Ramjet > Triphammer > Grindshot > Crosscut > Recall > Orbit > Heavy hitter > Scattershot > Hair trigger > Bank shot > Punch through > Splinter > Airshot > Kickback > Bloodwork > Light frame > Burst fire > Backblast > Banker > Landing shot > Death bloom > Slingshot > Redline > Breach > Shatter > Backfire > Homecoming > Capacitor > Reserve cell > Countershot > Reprisal > Tether rounds > Snapback > Cinder rounds > Crosswind > Flashpoint > Slipstream > Vector rounds > Afterburner > Retrace > Wallrunner > Air Brake","crossfire > mass-driver > convergence > afterimage > parallax > skid-plate > fold > rewire > arc-coil > short-circuit > ramjet > triphammer > grindshot > crosscut > recall > orbit > magnum > scatter > rapid > ricochet > pierce > split > airshot > kick > leech > light > burst > backblast > banker > landing > bloom > slingshot > redline > breach > shatter > backfire > homecoming > capacitor > reserve-cell > countershot > reprisal > tether > snapback > cinder > crosswind > flashpoint > slipstream > vector > afterburner > retrace > wallrunner > air-brake","https://caleb-guyer.github.io/recoil-foundry/?test=branches&combo=bullet-hell.mass-driver.convergence.parallax.skid-plate.rewire.short-circuit.triphammer.crosscut&v=2.74.0","https://caleb-guyer.github.io/recoil-foundry/?test=branches&combo=bullet-hell.mass-driver.convergence.parallax.skid-plate.rewire.short-circuit.triphammer.crosscut&room=boss&v=2.74.0","https://caleb-guyer.github.io/recoil-foundry/?test=branches&combo=bullet-hell.mass-driver.convergence.parallax.skid-plate.rewire.short-circuit.triphammer.crosscut&mirror=1&v=2.74.0"
"bullet-hell.mass-driver.convergence.parallax.skid-plate.rewire.short-circuit.triphammer.crosscut.flywheel","Bullet hell","Mass Driver","Convergence + Parallax + Skid Plate + Rewire + Short Circuit + Triphammer + Crosscut","Flywheel","52","Crossfire > Mass Driver > Convergence > Afterimage > Parallax > Skid Plate > Fold > Rewire > Arc Coil > Short Circuit > Ramjet > Triphammer > Grindshot > Crosscut > Flywheel > Heavy hitter > Scattershot > Hair trigger > Bank shot > Punch through > Splinter > Airshot > Kickback > Bloodwork > Light frame > Burst fire > Backblast > Banker > Landing shot > Death bloom > Slingshot > Redline > Breach > Shatter > Backfire > Recall > Homecoming > Capacitor > Reserve cell > Countershot > Reprisal > Tether rounds > Snapback > Cinder rounds > Crosswind > Flashpoint > Slipstream > Vector rounds > Afterburner > Retrace > Wallrunner > Air Brake","crossfire > mass-driver > convergence > afterimage > parallax > skid-plate > fold > rewire > arc-coil > short-circuit > ramjet > triphammer > grindshot > crosscut > flywheel > magnum > scatter > rapid > ricochet > pierce > split > airshot > kick > leech > light > burst > backblast > banker > landing > bloom > slingshot > redline > breach > shatter > backfire > recall > homecoming > capacitor > reserve-cell > countershot > reprisal > tether > snapback > cinder > crosswind > flashpoint > slipstream > vector > afterburner > retrace > wallrunner > air-brake","https://caleb-guyer.github.io/recoil-foundry/?test=branches&combo=bullet-hell.mass-driver.convergence.parallax.skid-plate.rewire.short-circuit.triphammer.crosscut.flywheel&v=2.74.0","https://caleb-guyer.github.io/recoil-foundry/?test=branches&combo=bullet-hell.mass-driver.convergence.parallax.skid-plate.rewire.short-circuit.triphammer.crosscut.flywheel&room=boss&v=2.74.0","https://caleb-guyer.github.io/recoil-foundry/?test=branches&combo=bullet-hell.mass-driver.convergence.parallax.skid-plate.rewire.short-circuit.triphammer.crosscut.flywheel&mirror=1&v=2.74.0"
"bullet-hell.mass-driver.convergence.parallax.skid-plate.relay-gate.daisy-chain.wrecking-ball.corner-cutter","Bullet hell","Mass Driver","Convergence + Parallax + Skid Plate + Relay Gate + Daisy Chain + Wrecking Ball + Corner Cutter","Orbit","52","Crossfire > Mass Driver > Convergence > Afterimage > Parallax > Skid Plate > Fold > Relay Gate > Arc Coil > Daisy Chain > Ramjet > Wrecking Ball > Grindshot > Corner Cutter > Recall > Orbit > Heavy hitter > Scattershot > Hair trigger > Bank shot > Punch through > Splinter > Airshot > Kickback > Bloodwork > Light frame > Burst fire > Backblast > Banker > Landing shot > Death bloom > Slingshot > Redline > Breach > Shatter > Backfire > Homecoming > Capacitor > Reserve cell > Countershot > Reprisal > Tether rounds > Snapback > Cinder rounds > Crosswind > Flashpoint > Slipstream > Vector rounds > Afterburner > Retrace > Wallrunner > Air Brake","crossfire > mass-driver > convergence > afterimage > parallax > skid-plate > fold > relay-gate > arc-coil > daisy-chain > ramjet > wrecking-ball > grindshot > corner-cutter > recall > orbit > magnum > scatter > rapid > ricochet > pierce > split > airshot > kick > leech > light > burst > backblast > banker > landing > bloom > slingshot > redline > breach > shatter > backfire > homecoming > capacitor > reserve-cell > countershot > reprisal > tether > snapback > cinder > crosswind > flashpoint > slipstream > vector > afterburner > retrace > wallrunner > air-brake","https://caleb-guyer.github.io/recoil-foundry/?test=branches&combo=bullet-hell.mass-driver.convergence.parallax.skid-plate.relay-gate.daisy-chain.wrecking-ball.corner-cutter&v=2.74.0","https://caleb-guyer.github.io/recoil-foundry/?test=branches&combo=bullet-hell.mass-driver.convergence.parallax.skid-plate.relay-gate.daisy-chain.wrecking-ball.corner-cutter&room=boss&v=2.74.0","https://caleb-guyer.github.io/recoil-foundry/?test=branches&combo=bullet-hell.mass-driver.convergence.parallax.skid-plate.relay-gate.daisy-chain.wrecking-ball.corner-cutter&mirror=1&v=2.74.0"
"bullet-hell.mass-driver.convergence.parallax.skid-plate.relay-gate.daisy-chain.wrecking-ball.crosscut","Bullet hell","Mass Driver","Convergence + Parallax + Skid Plate + Relay Gate + Daisy Chain + Wrecking Ball + Crosscut","Orbit","52","Crossfire > Mass Driver > Convergence > Afterimage > Parallax > Skid Plate > Fold > Relay Gate > Arc Coil > Daisy Chain > Ramjet > Wrecking Ball > Grindshot > Crosscut > Recall > Orbit > Heavy hitter > Scattershot > Hair trigger > Bank shot > Punch through > Splinter > Airshot > Kickback > Bloodwork > Light frame > Burst fire > Backblast > Banker > Landing shot > Death bloom > Slingshot > Redline > Breach > Shatter > Backfire > Homecoming > Capacitor > Reserve cell > Countershot > Reprisal > Tether rounds > Snapback > Cinder rounds > Crosswind > Flashpoint > Slipstream > Vector rounds > Afterburner > Retrace > Wallrunner > Air Brake","crossfire > mass-driver > convergence > afterimage > parallax > skid-plate > fold > relay-gate > arc-coil > daisy-chain > ramjet > wrecking-ball > grindshot > crosscut > recall > orbit > magnum > scatter > rapid > ricochet > pierce > split > airshot > kick > leech > light > burst > backblast > banker > landing > bloom > slingshot > redline > breach > shatter > backfire > homecoming > capacitor > reserve-cell > countershot > reprisal > tether > snapback > cinder > crosswind > flashpoint > slipstream > vector > afterburner > retrace > wallrunner > air-brake","https://caleb-guyer.github.io/recoil-foundry/?test=branches&combo=bullet-hell.mass-driver.convergence.parallax.skid-plate.relay-gate.daisy-chain.wrecking-ball.crosscut&v=2.74.0","https://caleb-guyer.github.io/recoil-foundry/?test=branches&combo=bullet-hell.mass-driver.convergence.parallax.skid-plate.relay-gate.daisy-chain.wrecking-ball.crosscut&room=boss&v=2.74.0","https://caleb-guyer.github.io/recoil-foundry/?test=branches&combo=bullet-hell.mass-driver.convergence.parallax.skid-plate.relay-gate.daisy-chain.wrecking-ball.crosscut&mirror=1&v=2.74.0"
"bullet-hell.mass-driver.convergence.parallax.skid-plate.relay-gate.daisy-chain.wrecking-ball.crosscut.flywheel","Bullet hell","Mass Driver","Convergence + Parallax + Skid Plate + Relay Gate + Daisy Chain + Wrecking Ball + Crosscut","Flywheel","52","Crossfire > Mass Driver > Convergence > Afterimage > Parallax > Skid Plate > Fold > Relay Gate > Arc Coil > Daisy Chain > Ramjet > Wrecking Ball > Grindshot > Crosscut > Flywheel > Heavy hitter > Scattershot > Hair trigger > Bank shot > Punch through > Splinter > Airshot > Kickback > Bloodwork > Light frame > Burst fire > Backblast > Banker > Landing shot > Death bloom > Slingshot > Redline > Breach > Shatter > Backfire > Recall > Homecoming > Capacitor > Reserve cell > Countershot > Reprisal > Tether rounds > Snapback > Cinder rounds > Crosswind > Flashpoint > Slipstream > Vector rounds > Afterburner > Retrace > Wallrunner > Air Brake","crossfire > mass-driver > convergence > afterimage > parallax > skid-plate > fold > relay-gate > arc-coil > daisy-chain > ramjet > wrecking-ball > grindshot > crosscut > flywheel > magnum > scatter > rapid > ricochet > pierce > split > airshot > kick > leech > light > burst > backblast > banker > landing > bloom > slingshot > redline > breach > shatter > backfire > recall > homecoming > capacitor > reserve-cell > countershot > reprisal > tether > snapback > cinder > crosswind > flashpoint > slipstream > vector > afterburner > retrace > wallrunner > air-brake","https://caleb-guyer.github.io/recoil-foundry/?test=branches&combo=bullet-hell.mass-driver.convergence.parallax.skid-plate.relay-gate.daisy-chain.wrecking-ball.crosscut.flywheel&v=2.74.0","https://caleb-guyer.github.io/recoil-foundry/?test=branches&combo=bullet-hell.mass-driver.convergence.parallax.skid-plate.relay-gate.daisy-chain.wrecking-ball.crosscut.flywheel&room=boss&v=2.74.0","https://caleb-guyer.github.io/recoil-foundry/?test=branches&combo=bullet-hell.mass-driver.convergence.parallax.skid-plate.relay-gate.daisy-chain.wrecking-ball.crosscut.flywheel&mirror=1&v=2.74.0"
"bullet-hell.mass-driver.convergence.parallax.skid-plate.relay-gate.daisy-chain.triphammer.corner-cutter","Bullet hell","Mass Driver","Convergence + Parallax + Skid Plate + Relay Gate + Daisy Chain + Triphammer + Corner Cutter","Orbit","52","Crossfire > Mass Driver > Convergence > Afterimage > Parallax > Skid Plate > Fold > Relay Gate > Arc Coil > Daisy Chain > Ramjet > Triphammer > Grindshot > Corner Cutter > Recall > Orbit > Heavy hitter > Scattershot > Hair trigger > Bank shot > Punch through > Splinter > Airshot > Kickback > Bloodwork > Light frame > Burst fire > Backblast > Banker > Landing shot > Death bloom > Slingshot > Redline > Breach > Shatter > Backfire > Homecoming > Capacitor > Reserve cell > Countershot > Reprisal > Tether rounds > Snapback > Cinder rounds > Crosswind > Flashpoint > Slipstream > Vector rounds > Afterburner > Retrace > Wallrunner > Air Brake","crossfire > mass-driver > convergence > afterimage > parallax > skid-plate > fold > relay-gate > arc-coil > daisy-chain > ramjet > triphammer > grindshot > corner-cutter > recall > orbit > magnum > scatter > rapid > ricochet > pierce > split > airshot > kick > leech > light > burst > backblast > banker > landing > bloom > slingshot > redline > breach > shatter > backfire > homecoming > capacitor > reserve-cell > countershot > reprisal > tether > snapback > cinder > crosswind > flashpoint > slipstream > vector > afterburner > retrace > wallrunner > air-brake","https://caleb-guyer.github.io/recoil-foundry/?test=branches&combo=bullet-hell.mass-driver.convergence.parallax.skid-plate.relay-gate.daisy-chain.triphammer.corner-cutter&v=2.74.0","https://caleb-guyer.github.io/recoil-foundry/?test=branches&combo=bullet-hell.mass-driver.convergence.parallax.skid-plate.relay-gate.daisy-chain.triphammer.corner-cutter&room=boss&v=2.74.0","https://caleb-guyer.github.io/recoil-foundry/?test=branches&combo=bullet-hell.mass-driver.convergence.parallax.skid-plate.relay-gate.daisy-chain.triphammer.corner-cutter&mirror=1&v=2.74.0"
"bullet-hell.mass-driver.convergence.parallax.skid-plate.relay-gate.daisy-chain.triphammer.crosscut","Bullet hell","Mass Driver","Convergence + Parallax + Skid Plate + Relay Gate + Daisy Chain + Triphammer + Crosscut","Orbit","52","Crossfire > Mass Driver > Convergence > Afterimage > Parallax > Skid Plate > Fold > Relay Gate > Arc Coil > Daisy Chain > Ramjet > Triphammer > Grindshot > Crosscut > Recall > Orbit > Heavy hitter > Scattershot > Hair trigger > Bank shot > Punch through > Splinter > Airshot > Kickback > Bloodwork > Light frame > Burst fire > Backblast > Banker > Landing shot > Death bloom > Slingshot > Redline > Breach > Shatter > Backfire > Homecoming > Capacitor > Reserve cell > Countershot > Reprisal > Tether rounds > Snapback > Cinder rounds > Crosswind > Flashpoint > Slipstream > Vector rounds > Afterburner > Retrace > Wallrunner > Air Brake","crossfire > mass-driver > convergence > afterimage > parallax > skid-plate > fold > relay-gate > arc-coil > daisy-chain > ramjet > triphammer > grindshot > crosscut > recall > orbit > magnum > scatter > rapid > ricochet > pierce > split > airshot > kick > leech > light > burst > backblast > banker > landing > bloom > slingshot > redline > breach > shatter > backfire > homecoming > capacitor > reserve-cell > countershot > reprisal > tether > snapback > cinder > crosswind > flashpoint > slipstream > vector > afterburner > retrace > wallrunner > air-brake","https://caleb-guyer.github.io/recoil-foundry/?test=branches&combo=bullet-hell.mass-driver.convergence.parallax.skid-plate.relay-gate.daisy-chain.triphammer.crosscut&v=2.74.0","https://caleb-guyer.github.io/recoil-foundry/?test=branches&combo=bullet-hell.mass-driver.convergence.parallax.skid-plate.relay-gate.daisy-chain.triphammer.crosscut&room=boss&v=2.74.0","https://caleb-guyer.github.io/recoil-foundry/?test=branches&combo=bullet-hell.mass-driver.convergence.parallax.skid-plate.relay-gate.daisy-chain.triphammer.crosscut&mirror=1&v=2.74.0"
"bullet-hell.mass-driver.convergence.parallax.skid-plate.relay-gate.daisy-chain.triphammer.crosscut.flywheel","Bullet hell","Mass Driver","Convergence + Parallax + Skid Plate + Relay Gate + Daisy Chain + Triphammer + Crosscut","Flywheel","52","Crossfire > Mass Driver > Convergence > Afterimage > Parallax > Skid Plate > Fold > Relay Gate > Arc Coil > Daisy Chain > Ramjet > Triphammer > Grindshot > Crosscut > Flywheel > Heavy hitter > Scattershot > Hair trigger > Bank shot > Punch through > Splinter > Airshot > Kickback > Bloodwork > Light frame > Burst fire > Backblast > Banker > Landing shot > Death bloom > Slingshot > Redline > Breach > Shatter > Backfire > Recall > Homecoming > Capacitor > Reserve cell > Countershot > Reprisal > Tether rounds > Snapback > Cinder rounds > Crosswind > Flashpoint > Slipstream > Vector rounds > Afterburner > Retrace > Wallrunner > Air Brake","crossfire > mass-driver > convergence > afterimage > parallax > skid-plate > fold > relay-gate > arc-coil > daisy-chain > ramjet > triphammer > grindshot > crosscut > flywheel > magnum > scatter > rapid > ricochet > pierce > split > airshot > kick > leech > light > burst > backblast > banker > landing > bloom > slingshot > redline > breach > shatter > backfire > recall > homecoming > capacitor > reserve-cell > countershot > reprisal > tether > snapback > cinder > crosswind > flashpoint > slipstream > vector > afterburner > retrace > wallrunner > air-brake","https://caleb-guyer.github.io/recoil-foundry/?test=branches&combo=bullet-hell.mass-driver.convergence.parallax.skid-plate.relay-gate.daisy-chain.triphammer.crosscut.flywheel&v=2.74.0","https://caleb-guyer.github.io/recoil-foundry/?test=branches&combo=bullet-hell.mass-driver.convergence.parallax.skid-plate.relay-gate.daisy-chain.triphammer.crosscut.flywheel&room=boss&v=2.74.0","https://caleb-guyer.github.io/recoil-foundry/?test=branches&combo=bullet-hell.mass-driver.convergence.parallax.skid-plate.relay-gate.daisy-chain.triphammer.crosscut.flywheel&mirror=1&v=2.74.0"
"bullet-hell.mass-driver.convergence.parallax.skid-plate.relay-gate.short-circuit.wrecking-ball.corner-cutter","Bullet hell","Mass Driver","Convergence + Parallax + Skid Plate + Relay Gate + Short Circuit + Wrecking Ball + Corner Cutter","Orbit","52","Crossfire > Mass Driver > Convergence > Afterimage > Parallax > Skid Plate > Fold > Relay Gate > Arc Coil > Short Circuit > Ramjet > Wrecking Ball > Grindshot > Corner Cutter > Recall > Orbit > Heavy hitter > Scattershot > Hair trigger > Bank shot > Punch through > Splinter > Airshot > Kickback > Bloodwork > Light frame > Burst fire > Backblast > Banker > Landing shot > Death bloom > Slingshot > Redline > Breach > Shatter > Backfire > Homecoming > Capacitor > Reserve cell > Countershot > Reprisal > Tether rounds > Snapback > Cinder rounds > Crosswind > Flashpoint > Slipstream > Vector rounds > Afterburner > Retrace > Wallrunner > Air Brake","crossfire > mass-driver > convergence > afterimage > parallax > skid-plate > fold > relay-gate > arc-coil > short-circuit > ramjet > wrecking-ball > grindshot > corner-cutter > recall > orbit > magnum > scatter > rapid > ricochet > pierce > split > airshot > kick > leech > light > burst > backblast > banker > landing > bloom > slingshot > redline > breach > shatter > backfire > homecoming > capacitor > reserve-cell > countershot > reprisal > tether > snapback > cinder > crosswind > flashpoint > slipstream > vector > afterburner > retrace > wallrunner > air-brake","https://caleb-guyer.github.io/recoil-foundry/?test=branches&combo=bullet-hell.mass-driver.convergence.parallax.skid-plate.relay-gate.short-circuit.wrecking-ball.corner-cutter&v=2.74.0","https://caleb-guyer.github.io/recoil-foundry/?test=branches&combo=bullet-hell.mass-driver.convergence.parallax.skid-plate.relay-gate.short-circuit.wrecking-ball.corner-cutter&room=boss&v=2.74.0","https://caleb-guyer.github.io/recoil-foundry/?test=branches&combo=bullet-hell.mass-driver.convergence.parallax.skid-plate.relay-gate.short-circuit.wrecking-ball.corner-cutter&mirror=1&v=2.74.0"
"bullet-hell.mass-driver.convergence.parallax.skid-plate.relay-gate.short-circuit.wrecking-ball.crosscut","Bullet hell","Mass Driver","Convergence + Parallax + Skid Plate + Relay Gate + Short Circuit + Wrecking Ball + Crosscut","Orbit","52","Crossfire > Mass Driver > Convergence > Afterimage > Parallax > Skid Plate > Fold > Relay Gate > Arc Coil > Short Circuit > Ramjet > Wrecking Ball > Grindshot > Crosscut > Recall > Orbit > Heavy hitter > Scattershot > Hair trigger > Bank shot > Punch through > Splinter > Airshot > Kickback > Bloodwork > Light frame > Burst fire > Backblast > Banker > Landing shot > Death bloom > Slingshot > Redline > Breach > Shatter > Backfire > Homecoming > Capacitor > Reserve cell > Countershot > Reprisal > Tether rounds > Snapback > Cinder rounds > Crosswind > Flashpoint > Slipstream > Vector rounds > Afterburner > Retrace > Wallrunner > Air Brake","crossfire > mass-driver > convergence > afterimage > parallax > skid-plate > fold > relay-gate > arc-coil > short-circuit > ramjet > wrecking-ball > grindshot > crosscut > recall > orbit > magnum > scatter > rapid > ricochet > pierce > split > airshot > kick > leech > light > burst > backblast > banker > landing > bloom > slingshot > redline > breach > shatter > backfire > homecoming > capacitor > reserve-cell > countershot > reprisal > tether > snapback > cinder > crosswind > flashpoint > slipstream > vector > afterburner > retrace > wallrunner > air-brake","https://caleb-guyer.github.io/recoil-foundry/?test=branches&combo=bullet-hell.mass-driver.convergence.parallax.skid-plate.relay-gate.short-circuit.wrecking-ball.crosscut&v=2.74.0","https://caleb-guyer.github.io/recoil-foundry/?test=branches&combo=bullet-hell.mass-driver.convergence.parallax.skid-plate.relay-gate.short-circuit.wrecking-ball.crosscut&room=boss&v=2.74.0","https://caleb-guyer.github.io/recoil-foundry/?test=branches&combo=bullet-hell.mass-driver.convergence.parallax.skid-plate.relay-gate.short-circuit.wrecking-ball.crosscut&mirror=1&v=2.74.0"
"bullet-hell.mass-driver.convergence.parallax.skid-plate.relay-gate.short-circuit.wrecking-ball.crosscut.flywheel","Bullet hell","Mass Driver","Convergence + Parallax + Skid Plate + Relay Gate + Short Circuit + Wrecking Ball + Crosscut","Flywheel","52","Crossfire > Mass Driver > Convergence > Afterimage > Parallax > Skid Plate > Fold > Relay Gate > Arc Coil > Short Circuit > Ramjet > Wrecking Ball > Grindshot > Crosscut > Flywheel > Heavy hitter > Scattershot > Hair trigger > Bank shot > Punch through > Splinter > Airshot > Kickback > Bloodwork > Light frame > Burst fire > Backblast > Banker > Landing shot > Death bloom > Slingshot > Redline > Breach > Shatter > Backfire > Recall > Homecoming > Capacitor > Reserve cell > Countershot > Reprisal > Tether rounds > Snapback > Cinder rounds > Crosswind > Flashpoint > Slipstream > Vector rounds > Afterburner > Retrace > Wallrunner > Air Brake","crossfire > mass-driver > convergence > afterimage > parallax > skid-plate > fold > relay-gate > arc-coil > short-circuit > ramjet > wrecking-ball > grindshot > crosscut > flywheel > magnum > scatter > rapid > ricochet > pierce > split > airshot > kick > leech > light > burst > backblast > banker > landing > bloom > slingshot > redline > breach > shatter > backfire > recall > homecoming > capacitor > reserve-cell > countershot > reprisal > tether > snapback > cinder > crosswind > flashpoint > slipstream > vector > afterburner > retrace > wallrunner > air-brake","https://caleb-guyer.github.io/recoil-foundry/?test=branches&combo=bullet-hell.mass-driver.convergence.parallax.skid-plate.relay-gate.short-circuit.wrecking-ball.crosscut.flywheel&v=2.74.0","https://caleb-guyer.github.io/recoil-foundry/?test=branches&combo=bullet-hell.mass-driver.convergence.parallax.skid-plate.relay-gate.short-circuit.wrecking-ball.crosscut.flywheel&room=boss&v=2.74.0","https://caleb-guyer.github.io/recoil-foundry/?test=branches&combo=bullet-hell.mass-driver.convergence.parallax.skid-plate.relay-gate.short-circuit.wrecking-ball.crosscut.flywheel&mirror=1&v=2.74.0"
"bullet-hell.mass-driver.convergence.parallax.skid-plate.relay-gate.short-circuit.triphammer.corner-cutter","Bullet hell","Mass Driver","Convergence + Parallax + Skid Plate + Relay Gate + Short Circuit + Triphammer + Corner Cutter","Orbit","52","Crossfire > Mass Driver > Convergence > Afterimage > Parallax > Skid Plate > Fold > Relay Gate > Arc Coil > Short Circuit > Ramjet > Triphammer > Grindshot > Corner Cutter > Recall > Orbit > Heavy hitter > Scattershot > Hair trigger > Bank shot > Punch through > Splinter > Airshot > Kickback > Bloodwork > Light frame > Burst fire > Backblast > Banker > Landing shot > Death bloom > Slingshot > Redline > Breach > Shatter > Backfire > Homecoming > Capacitor > Reserve cell > Countershot > Reprisal > Tether rounds > Snapback > Cinder rounds > Crosswind > Flashpoint > Slipstream > Vector rounds > Afterburner > Retrace > Wallrunner > Air Brake","crossfire > mass-driver > convergence > afterimage > parallax > skid-plate > fold > relay-gate > arc-coil > short-circuit > ramjet > triphammer > grindshot > corner-cutter > recall > orbit > magnum > scatter > rapid > ricochet > pierce > split > airshot > kick > leech > light > burst > backblast > banker > landing > bloom > slingshot > redline > breach > shatter > backfire > homecoming > capacitor > reserve-cell > countershot > reprisal > tether > snapback > cinder > crosswind > flashpoint > slipstream > vector > afterburner > retrace > wallrunner > air-brake","https://caleb-guyer.github.io/recoil-foundry/?test=branches&combo=bullet-hell.mass-driver.convergence.parallax.skid-plate.relay-gate.short-circuit.triphammer.corner-cutter&v=2.74.0","https://caleb-guyer.github.io/recoil-foundry/?test=branches&combo=bullet-hell.mass-driver.convergence.parallax.skid-plate.relay-gate.short-circuit.triphammer.corner-cutter&room=boss&v=2.74.0","https://caleb-guyer.github.io/recoil-foundry/?test=branches&combo=bullet-hell.mass-driver.convergence.parallax.skid-plate.relay-gate.short-circuit.triphammer.corner-cutter&mirror=1&v=2.74.0"
"bullet-hell.mass-driver.convergence.parallax.skid-plate.relay-gate.short-circuit.triphammer.crosscut","Bullet hell","Mass Driver","Convergence + Parallax + Skid Plate + Relay Gate + Short Circuit + Triphammer + Crosscut","Orbit","52","Crossfire > Mass Driver > Convergence > Afterimage > Parallax > Skid Plate > Fold > Relay Gate > Arc Coil > Short Circuit > Ramjet > Triphammer > Grindshot > Crosscut > Recall > Orbit > Heavy hitter > Scattershot > Hair trigger > Bank shot > Punch through > Splinter > Airshot > Kickback > Bloodwork > Light frame > Burst fire > Backblast > Banker > Landing shot > Death bloom > Slingshot > Redline > Breach > Shatter > Backfire > Homecoming > Capacitor > Reserve cell > Countershot > Reprisal > Tether rounds > Snapback > Cinder rounds > Crosswind > Flashpoint > Slipstream > Vector rounds > Afterburner > Retrace > Wallrunner > Air Brake","crossfire > mass-driver > convergence > afterimage > parallax > skid-plate > fold > relay-gate > arc-coil > short-circuit > ramjet > triphammer > grindshot > crosscut > recall > orbit > magnum > scatter > rapid > ricochet > pierce > split > airshot > kick > leech > light > burst > backblast > banker > landing > bloom > slingshot > redline > breach > shatter > backfire > homecoming > capacitor > reserve-cell > countershot > reprisal > tether > snapback > cinder > crosswind > flashpoint > slipstream > vector > afterburner > retrace > wallrunner > air-brake","https://caleb-guyer.github.io/recoil-foundry/?test=branches&combo=bullet-hell.mass-driver.convergence.parallax.skid-plate.relay-gate.short-circuit.triphammer.crosscut&v=2.74.0","https://caleb-guyer.github.io/recoil-foundry/?test=branches&combo=bullet-hell.mass-driver.convergence.parallax.skid-plate.relay-gate.short-circuit.triphammer.crosscut&room=boss&v=2.74.0","https://caleb-guyer.github.io/recoil-foundry/?test=branches&combo=bullet-hell.mass-driver.convergence.parallax.skid-plate.relay-gate.short-circuit.triphammer.crosscut&mirror=1&v=2.74.0"
"bullet-hell.mass-driver.convergence.parallax.skid-plate.relay-gate.short-circuit.triphammer.crosscut.flywheel","Bullet hell","Mass Driver","Convergence + Parallax + Skid Plate + Relay Gate + Short Circuit + Triphammer + Crosscut","Flywheel","52","Crossfire > Mass Driver > Convergence > Afterimage > Parallax > Skid Plate > Fold > Relay Gate > Arc Coil > Short Circuit > Ramjet > Triphammer > Grindshot > Crosscut > Flywheel > Heavy hitter > Scattershot > Hair trigger > Bank shot > Punch through > Splinter > Airshot > Kickback > Bloodwork > Light frame > Burst fire > Backblast > Banker > Landing shot > Death bloom > Slingshot > Redline > Breach > Shatter > Backfire > Recall > Homecoming > Capacitor > Reserve cell > Countershot > Reprisal > Tether rounds > Snapback > Cinder rounds > Crosswind > Flashpoint > Slipstream > Vector rounds > Afterburner > Retrace > Wallrunner > Air Brake","crossfire > mass-driver > convergence > afterimage > parallax > skid-plate > fold > relay-gate > arc-coil > short-circuit > ramjet > triphammer > grindshot > crosscut > flywheel > magnum > scatter > rapid > ricochet > pierce > split > airshot > kick > leech > light > burst > backblast > banker > landing > bloom > slingshot > redline > breach > shatter > backfire > recall > homecoming > capacitor > reserve-cell > countershot > reprisal > tether > snapback > cinder > crosswind > flashpoint > slipstream > vector > afterburner > retrace > wallrunner > air-brake","https://caleb-guyer.github.io/recoil-foundry/?test=branches&combo=bullet-hell.mass-driver.convergence.parallax.skid-plate.relay-gate.short-circuit.triphammer.crosscut.flywheel&v=2.74.0","https://caleb-guyer.github.io/recoil-foundry/?test=branches&combo=bullet-hell.mass-driver.convergence.parallax.skid-plate.relay-gate.short-circuit.triphammer.crosscut.flywheel&room=boss&v=2.74.0","https://caleb-guyer.github.io/recoil-foundry/?test=branches&combo=bullet-hell.mass-driver.convergence.parallax.skid-plate.relay-gate.short-circuit.triphammer.crosscut.flywheel&mirror=1&v=2.74.0"
"bullet-hell.mass-driver.convergence.follow-through.drop-forge.rewire.daisy-chain.wrecking-ball.corner-cutter","Bullet hell","Mass Driver","Convergence + Follow-through + Drop Forge + Rewire + Daisy Chain + Wrecking Ball + Corner Cutter","Orbit","52","Crossfire > Mass Driver > Convergence > Afterimage > Follow-through > Drop Forge > Fold > Rewire > Arc Coil > Daisy Chain > Ramjet > Wrecking Ball > Grindshot > Corner Cutter > Recall > Orbit > Heavy hitter > Scattershot > Hair trigger > Bank shot > Punch through > Splinter > Airshot > Kickback > Bloodwork > Light frame > Burst fire > Backblast > Banker > Landing shot > Death bloom > Slingshot > Redline > Breach > Shatter > Backfire > Homecoming > Capacitor > Reserve cell > Countershot > Reprisal > Tether rounds > Snapback > Cinder rounds > Crosswind > Flashpoint > Slipstream > Vector rounds > Afterburner > Retrace > Wallrunner > Air Brake","crossfire > mass-driver > convergence > afterimage > follow-through > drop-forge > fold > rewire > arc-coil > daisy-chain > ramjet > wrecking-ball > grindshot > corner-cutter > recall > orbit > magnum > scatter > rapid > ricochet > pierce > split > airshot > kick > leech > light > burst > backblast > banker > landing > bloom > slingshot > redline > breach > shatter > backfire > homecoming > capacitor > reserve-cell > countershot > reprisal > tether > snapback > cinder > crosswind > flashpoint > slipstream > vector > afterburner > retrace > wallrunner > air-brake","https://caleb-guyer.github.io/recoil-foundry/?test=branches&combo=bullet-hell.mass-driver.convergence.follow-through.drop-forge.rewire.daisy-chain.wrecking-ball.corner-cutter&v=2.74.0","https://caleb-guyer.github.io/recoil-foundry/?test=branches&combo=bullet-hell.mass-driver.convergence.follow-through.drop-forge.rewire.daisy-chain.wrecking-ball.corner-cutter&room=boss&v=2.74.0","https://caleb-guyer.github.io/recoil-foundry/?test=branches&combo=bullet-hell.mass-driver.convergence.follow-through.drop-forge.rewire.daisy-chain.wrecking-ball.corner-cutter&mirror=1&v=2.74.0"
"bullet-hell.mass-driver.convergence.follow-through.drop-forge.rewire.daisy-chain.wrecking-ball.crosscut","Bullet hell","Mass Driver","Convergence + Follow-through + Drop Forge + Rewire + Daisy Chain + Wrecking Ball + Crosscut","Orbit","52","Crossfire > Mass Driver > Convergence > Afterimage > Follow-through > Drop Forge > Fold > Rewire > Arc Coil > Daisy Chain > Ramjet > Wrecking Ball > Grindshot > Crosscut > Recall > Orbit > Heavy hitter > Scattershot > Hair trigger > Bank shot > Punch through > Splinter > Airshot > Kickback > Bloodwork > Light frame > Burst fire > Backblast > Banker > Landing shot > Death bloom > Slingshot > Redline > Breach > Shatter > Backfire > Homecoming > Capacitor > Reserve cell > Countershot > Reprisal > Tether rounds > Snapback > Cinder rounds > Crosswind > Flashpoint > Slipstream > Vector rounds > Afterburner > Retrace > Wallrunner > Air Brake","crossfire > mass-driver > convergence > afterimage > follow-through > drop-forge > fold > rewire > arc-coil > daisy-chain > ramjet > wrecking-ball > grindshot > crosscut > recall > orbit > magnum > scatter > rapid > ricochet > pierce > split > airshot > kick > leech > light > burst > backblast > banker > landing > bloom > slingshot > redline > breach > shatter > backfire > homecoming > capacitor > reserve-cell > countershot > reprisal > tether > snapback > cinder > crosswind > flashpoint > slipstream > vector > afterburner > retrace > wallrunner > air-brake","https://caleb-guyer.github.io/recoil-foundry/?test=branches&combo=bullet-hell.mass-driver.convergence.follow-through.drop-forge.rewire.daisy-chain.wrecking-ball.crosscut&v=2.74.0","https://caleb-guyer.github.io/recoil-foundry/?test=branches&combo=bullet-hell.mass-driver.convergence.follow-through.drop-forge.rewire.daisy-chain.wrecking-ball.crosscut&room=boss&v=2.74.0","https://caleb-guyer.github.io/recoil-foundry/?test=branches&combo=bullet-hell.mass-driver.convergence.follow-through.drop-forge.rewire.daisy-chain.wrecking-ball.crosscut&mirror=1&v=2.74.0"
"bullet-hell.mass-driver.convergence.follow-through.drop-forge.rewire.daisy-chain.triphammer.corner-cutter","Bullet hell","Mass Driver","Convergence + Follow-through + Drop Forge + Rewire + Daisy Chain + Triphammer + Corner Cutter","Orbit","52","Crossfire > Mass Driver > Convergence > Afterimage > Follow-through > Drop Forge > Fold > Rewire > Arc Coil > Daisy Chain > Ramjet > Triphammer > Grindshot > Corner Cutter > Recall > Orbit > Heavy hitter > Scattershot > Hair trigger > Bank shot > Punch through > Splinter > Airshot > Kickback > Bloodwork > Light frame > Burst fire > Backblast > Banker > Landing shot > Death bloom > Slingshot > Redline > Breach > Shatter > Backfire > Homecoming > Capacitor > Reserve cell > Countershot > Reprisal > Tether rounds > Snapback > Cinder rounds > Crosswind > Flashpoint > Slipstream > Vector rounds > Afterburner > Retrace > Wallrunner > Air Brake","crossfire > mass-driver > convergence > afterimage > follow-through > drop-forge > fold > rewire > arc-coil > daisy-chain > ramjet > triphammer > grindshot > corner-cutter > recall > orbit > magnum > scatter > rapid > ricochet > pierce > split > airshot > kick > leech > light > burst > backblast > banker > landing > bloom > slingshot > redline > breach > shatter > backfire > homecoming > capacitor > reserve-cell > countershot > reprisal > tether > snapback > cinder > crosswind > flashpoint > slipstream > vector > afterburner > retrace > wallrunner > air-brake","https://caleb-guyer.github.io/recoil-foundry/?test=branches&combo=bullet-hell.mass-driver.convergence.follow-through.drop-forge.rewire.daisy-chain.triphammer.corner-cutter&v=2.74.0","https://caleb-guyer.github.io/recoil-foundry/?test=branches&combo=bullet-hell.mass-driver.convergence.follow-through.drop-forge.rewire.daisy-chain.triphammer.corner-cutter&room=boss&v=2.74.0","https://caleb-guyer.github.io/recoil-foundry/?test=branches&combo=bullet-hell.mass-driver.convergence.follow-through.drop-forge.rewire.daisy-chain.triphammer.corner-cutter&mirror=1&v=2.74.0"
"bullet-hell.mass-driver.convergence.follow-through.drop-forge.rewire.daisy-chain.triphammer.crosscut","Bullet hell","Mass Driver","Convergence + Follow-through + Drop Forge + Rewire + Daisy Chain + Triphammer + Crosscut","Orbit","52","Crossfire > Mass Driver > Convergence > Afterimage > Follow-through > Drop Forge > Fold > Rewire > Arc Coil > Daisy Chain > Ramjet > Triphammer > Grindshot > Crosscut > Recall > Orbit > Heavy hitter > Scattershot > Hair trigger > Bank shot > Punch through > Splinter > Airshot > Kickback > Bloodwork > Light frame > Burst fire > Backblast > Banker > Landing shot > Death bloom > Slingshot > Redline > Breach > Shatter > Backfire > Homecoming > Capacitor > Reserve cell > Countershot > Reprisal > Tether rounds > Snapback > Cinder rounds > Crosswind > Flashpoint > Slipstream > Vector rounds > Afterburner > Retrace > Wallrunner > Air Brake","crossfire > mass-driver > convergence > afterimage > follow-through > drop-forge > fold > rewire > arc-coil > daisy-chain > ramjet > triphammer > grindshot > crosscut > recall > orbit > magnum > scatter > rapid > ricochet > pierce > split > airshot > kick > leech > light > burst > backblast > banker > landing > bloom > slingshot > redline > breach > shatter > backfire > homecoming > capacitor > reserve-cell > countershot > reprisal > tether > snapback > cinder > crosswind > flashpoint > slipstream > vector > afterburner > retrace > wallrunner > air-brake","https://caleb-guyer.github.io/recoil-foundry/?test=branches&combo=bullet-hell.mass-driver.convergence.follow-through.drop-forge.rewire.daisy-chain.triphammer.crosscut&v=2.74.0","https://caleb-guyer.github.io/recoil-foundry/?test=branches&combo=bullet-hell.mass-driver.convergence.follow-through.drop-forge.rewire.daisy-chain.triphammer.crosscut&room=boss&v=2.74.0","https://caleb-guyer.github.io/recoil-foundry/?test=branches&combo=bullet-hell.mass-driver.convergence.follow-through.drop-forge.rewire.daisy-chain.triphammer.crosscut&mirror=1&v=2.74.0"
"bullet-hell.mass-driver.convergence.follow-through.drop-forge.rewire.short-circuit.wrecking-ball.corner-cutter","Bullet hell","Mass Driver","Convergence + Follow-through + Drop Forge + Rewire + Short Circuit + Wrecking Ball + Corner Cutter","Orbit","52","Crossfire > Mass Driver > Convergence > Afterimage > Follow-through > Drop Forge > Fold > Rewire > Arc Coil > Short Circuit > Ramjet > Wrecking Ball > Grindshot > Corner Cutter > Recall > Orbit > Heavy hitter > Scattershot > Hair trigger > Bank shot > Punch through > Splinter > Airshot > Kickback > Bloodwork > Light frame > Burst fire > Backblast > Banker > Landing shot > Death bloom > Slingshot > Redline > Breach > Shatter > Backfire > Homecoming > Capacitor > Reserve cell > Countershot > Reprisal > Tether rounds > Snapback > Cinder rounds > Crosswind > Flashpoint > Slipstream > Vector rounds > Afterburner > Retrace > Wallrunner > Air Brake","crossfire > mass-driver > convergence > afterimage > follow-through > drop-forge > fold > rewire > arc-coil > short-circuit > ramjet > wrecking-ball > grindshot > corner-cutter > recall > orbit > magnum > scatter > rapid > ricochet > pierce > split > airshot > kick > leech > light > burst > backblast > banker > landing > bloom > slingshot > redline > breach > shatter > backfire > homecoming > capacitor > reserve-cell > countershot > reprisal > tether > snapback > cinder > crosswind > flashpoint > slipstream > vector > afterburner > retrace > wallrunner > air-brake","https://caleb-guyer.github.io/recoil-foundry/?test=branches&combo=bullet-hell.mass-driver.convergence.follow-through.drop-forge.rewire.short-circuit.wrecking-ball.corner-cutter&v=2.74.0","https://caleb-guyer.github.io/recoil-foundry/?test=branches&combo=bullet-hell.mass-driver.convergence.follow-through.drop-forge.rewire.short-circuit.wrecking-ball.corner-cutter&room=boss&v=2.74.0","https://caleb-guyer.github.io/recoil-foundry/?test=branches&combo=bullet-hell.mass-driver.convergence.follow-through.drop-forge.rewire.short-circuit.wrecking-ball.corner-cutter&mirror=1&v=2.74.0"
"bullet-hell.mass-driver.convergence.follow-through.drop-forge.rewire.short-circuit.wrecking-ball.crosscut","Bullet hell","Mass Driver","Convergence + Follow-through + Drop Forge + Rewire + Short Circuit + Wrecking Ball + Crosscut","Orbit","52","Crossfire > Mass Driver > Convergence > Afterimage > Follow-through > Drop Forge > Fold > Rewire > Arc Coil > Short Circuit > Ramjet > Wrecking Ball > Grindshot > Crosscut > Recall > Orbit > Heavy hitter > Scattershot > Hair trigger > Bank shot > Punch through > Splinter > Airshot > Kickback > Bloodwork > Light frame > Burst fire > Backblast > Banker > Landing shot > Death bloom > Slingshot > Redline > Breach > Shatter > Backfire > Homecoming > Capacitor > Reserve cell > Countershot > Reprisal > Tether rounds > Snapback > Cinder rounds > Crosswind > Flashpoint > Slipstream > Vector rounds > Afterburner > Retrace > Wallrunner > Air Brake","crossfire > mass-driver > convergence > afterimage > follow-through > drop-forge > fold > rewire > arc-coil > short-circuit > ramjet > wrecking-ball > grindshot > crosscut > recall > orbit > magnum > scatter > rapid > ricochet > pierce > split > airshot > kick > leech > light > burst > backblast > banker > landing > bloom > slingshot > redline > breach > shatter > backfire > homecoming > capacitor > reserve-cell > countershot > reprisal > tether > snapback > cinder > crosswind > flashpoint > slipstream > vector > afterburner > retrace > wallrunner > air-brake","https://caleb-guyer.github.io/recoil-foundry/?test=branches&combo=bullet-hell.mass-driver.convergence.follow-through.drop-forge.rewire.short-circuit.wrecking-ball.crosscut&v=2.74.0","https://caleb-guyer.github.io/recoil-foundry/?test=branches&combo=bullet-hell.mass-driver.convergence.follow-through.drop-forge.rewire.short-circuit.wrecking-ball.crosscut&room=boss&v=2.74.0","https://caleb-guyer.github.io/recoil-foundry/?test=branches&combo=bullet-hell.mass-driver.convergence.follow-through.drop-forge.rewire.short-circuit.wrecking-ball.crosscut&mirror=1&v=2.74.0"
"bullet-hell.mass-driver.convergence.follow-through.drop-forge.rewire.short-circuit.triphammer.corner-cutter","Bullet hell","Mass Driver","Convergence + Follow-through + Drop Forge + Rewire + Short Circuit + Triphammer + Corner Cutter","Orbit","52","Crossfire > Mass Driver > Convergence > Afterimage > Follow-through > Drop Forge > Fold > Rewire > Arc Coil > Short Circuit > Ramjet > Triphammer > Grindshot > Corner Cutter > Recall > Orbit > Heavy hitter > Scattershot > Hair trigger > Bank shot > Punch through > Splinter > Airshot > Kickback > Bloodwork > Light frame > Burst fire > Backblast > Banker > Landing shot > Death bloom > Slingshot > Redline > Breach > Shatter > Backfire > Homecoming > Capacitor > Reserve cell > Countershot > Reprisal > Tether rounds > Snapback > Cinder rounds > Crosswind > Flashpoint > Slipstream > Vector rounds > Afterburner > Retrace > Wallrunner > Air Brake","crossfire > mass-driver > convergence > afterimage > follow-through > drop-forge > fold > rewire > arc-coil > short-circuit > ramjet > triphammer > grindshot > corner-cutter > recall > orbit > magnum > scatter > rapid > ricochet > pierce > split > airshot > kick > leech > light > burst > backblast > banker > landing > bloom > slingshot > redline > breach > shatter > backfire > homecoming > capacitor > reserve-cell > countershot > reprisal > tether > snapback > cinder > crosswind > flashpoint > slipstream > vector > afterburner > retrace > wallrunner > air-brake","https://caleb-guyer.github.io/recoil-foundry/?test=branches&combo=bullet-hell.mass-driver.convergence.follow-through.drop-forge.rewire.short-circuit.triphammer.corner-cutter&v=2.74.0","https://caleb-guyer.github.io/recoil-foundry/?test=branches&combo=bullet-hell.mass-driver.convergence.follow-through.drop-forge.rewire.short-circuit.triphammer.corner-cutter&room=boss&v=2.74.0","https://caleb-guyer.github.io/recoil-foundry/?test=branches&combo=bullet-hell.mass-driver.convergence.follow-through.drop-forge.rewire.short-circuit.triphammer.corner-cutter&mirror=1&v=2.74.0"
"bullet-hell.mass-driver.convergence.follow-through.drop-forge.rewire.short-circuit.triphammer.crosscut","Bullet hell","Mass Driver","Convergence + Follow-through + Drop Forge + Rewire + Short Circuit + Triphammer + Crosscut","Orbit","52","Crossfire > Mass Driver > Convergence > Afterimage > Follow-through > Drop Forge > Fold > Rewire > Arc Coil > Short Circuit > Ramjet > Triphammer > Grindshot > Crosscut > Recall > Orbit > Heavy hitter > Scattershot > Hair trigger > Bank shot > Punch through > Splinter > Airshot > Kickback > Bloodwork > Light frame > Burst fire > Backblast > Banker > Landing shot > Death bloom > Slingshot > Redline > Breach > Shatter > Backfire > Homecoming > Capacitor > Reserve cell > Countershot > Reprisal > Tether rounds > Snapback > Cinder rounds > Crosswind > Flashpoint > Slipstream > Vector rounds > Afterburner > Retrace > Wallrunner > Air Brake","crossfire > mass-driver > convergence > afterimage > follow-through > drop-forge > fold > rewire > arc-coil > short-circuit > ramjet > triphammer > grindshot > crosscut > recall > orbit > magnum > scatter > rapid > ricochet > pierce > split > airshot > kick > leech > light > burst > backblast > banker > landing > bloom > slingshot > redline > breach > shatter > backfire > homecoming > capacitor > reserve-cell > countershot > reprisal > tether > snapback > cinder > crosswind > flashpoint > slipstream > vector > afterburner > retrace > wallrunner > air-brake","https://caleb-guyer.github.io/recoil-foundry/?test=branches&combo=bullet-hell.mass-driver.convergence.follow-through.drop-forge.rewire.short-circuit.triphammer.crosscut&v=2.74.0","https://caleb-guyer.github.io/recoil-foundry/?test=branches&combo=bullet-hell.mass-driver.convergence.follow-through.drop-forge.rewire.short-circuit.triphammer.crosscut&room=boss&v=2.74.0","https://caleb-guyer.github.io/recoil-foundry/?test=branches&combo=bullet-hell.mass-driver.convergence.follow-through.drop-forge.rewire.short-circuit.triphammer.crosscut&mirror=1&v=2.74.0"
"bullet-hell.mass-driver.convergence.follow-through.drop-forge.relay-gate.daisy-chain.wrecking-ball.corner-cutter","Bullet hell","Mass Driver","Convergence + Follow-through + Drop Forge + Relay Gate + Daisy Chain + Wrecking Ball + Corner Cutter","Orbit","52","Crossfire > Mass Driver > Convergence > Afterimage > Follow-through > Drop Forge > Fold > Relay Gate > Arc Coil > Daisy Chain > Ramjet > Wrecking Ball > Grindshot > Corner Cutter > Recall > Orbit > Heavy hitter > Scattershot > Hair trigger > Bank shot > Punch through > Splinter > Airshot > Kickback > Bloodwork > Light frame > Burst fire > Backblast > Banker > Landing shot > Death bloom > Slingshot > Redline > Breach > Shatter > Backfire > Homecoming > Capacitor > Reserve cell > Countershot > Reprisal > Tether rounds > Snapback > Cinder rounds > Crosswind > Flashpoint > Slipstream > Vector rounds > Afterburner > Retrace > Wallrunner > Air Brake","crossfire > mass-driver > convergence > afterimage > follow-through > drop-forge > fold > relay-gate > arc-coil > daisy-chain > ramjet > wrecking-ball > grindshot > corner-cutter > recall > orbit > magnum > scatter > rapid > ricochet > pierce > split > airshot > kick > leech > light > burst > backblast > banker > landing > bloom > slingshot > redline > breach > shatter > backfire > homecoming > capacitor > reserve-cell > countershot > reprisal > tether > snapback > cinder > crosswind > flashpoint > slipstream > vector > afterburner > retrace > wallrunner > air-brake","https://caleb-guyer.github.io/recoil-foundry/?test=branches&combo=bullet-hell.mass-driver.convergence.follow-through.drop-forge.relay-gate.daisy-chain.wrecking-ball.corner-cutter&v=2.74.0","https://caleb-guyer.github.io/recoil-foundry/?test=branches&combo=bullet-hell.mass-driver.convergence.follow-through.drop-forge.relay-gate.daisy-chain.wrecking-ball.corner-cutter&room=boss&v=2.74.0","https://caleb-guyer.github.io/recoil-foundry/?test=branches&combo=bullet-hell.mass-driver.convergence.follow-through.drop-forge.relay-gate.daisy-chain.wrecking-ball.corner-cutter&mirror=1&v=2.74.0"
"bullet-hell.mass-driver.convergence.follow-through.drop-forge.relay-gate.daisy-chain.wrecking-ball.crosscut","Bullet hell","Mass Driver","Convergence + Follow-through + Drop Forge + Relay Gate + Daisy Chain + Wrecking Ball + Crosscut","Orbit","52","Crossfire > Mass Driver > Convergence > Afterimage > Follow-through > Drop Forge > Fold > Relay Gate > Arc Coil > Daisy Chain > Ramjet > Wrecking Ball > Grindshot > Crosscut > Recall > Orbit > Heavy hitter > Scattershot > Hair trigger > Bank shot > Punch through > Splinter > Airshot > Kickback > Bloodwork > Light frame > Burst fire > Backblast > Banker > Landing shot > Death bloom > Slingshot > Redline > Breach > Shatter > Backfire > Homecoming > Capacitor > Reserve cell > Countershot > Reprisal > Tether rounds > Snapback > Cinder rounds > Crosswind > Flashpoint > Slipstream > Vector rounds > Afterburner > Retrace > Wallrunner > Air Brake","crossfire > mass-driver > convergence > afterimage > follow-through > drop-forge > fold > relay-gate > arc-coil > daisy-chain > ramjet > wrecking-ball > grindshot > crosscut > recall > orbit > magnum > scatter > rapid > ricochet > pierce > split > airshot > kick > leech > light > burst > backblast > banker > landing > bloom > slingshot > redline > breach > shatter > backfire > homecoming > capacitor > reserve-cell > countershot > reprisal > tether > snapback > cinder > crosswind > flashpoint > slipstream > vector > afterburner > retrace > wallrunner > air-brake","https://caleb-guyer.github.io/recoil-foundry/?test=branches&combo=bullet-hell.mass-driver.convergence.follow-through.drop-forge.relay-gate.daisy-chain.wrecking-ball.crosscut&v=2.74.0","https://caleb-guyer.github.io/recoil-foundry/?test=branches&combo=bullet-hell.mass-driver.convergence.follow-through.drop-forge.relay-gate.daisy-chain.wrecking-ball.crosscut&room=boss&v=2.74.0","https://caleb-guyer.github.io/recoil-foundry/?test=branches&combo=bullet-hell.mass-driver.convergence.follow-through.drop-forge.relay-gate.daisy-chain.wrecking-ball.crosscut&mirror=1&v=2.74.0"
"bullet-hell.mass-driver.convergence.follow-through.drop-forge.relay-gate.daisy-chain.triphammer.corner-cutter","Bullet hell","Mass Driver","Convergence + Follow-through + Drop Forge + Relay Gate + Daisy Chain + Triphammer + Corner Cutter","Orbit","52","Crossfire > Mass Driver > Convergence > Afterimage > Follow-through > Drop Forge > Fold > Relay Gate > Arc Coil > Daisy Chain > Ramjet > Triphammer > Grindshot > Corner Cutter > Recall > Orbit > Heavy hitter > Scattershot > Hair trigger > Bank shot > Punch through > Splinter > Airshot > Kickback > Bloodwork > Light frame > Burst fire > Backblast > Banker > Landing shot > Death bloom > Slingshot > Redline > Breach > Shatter > Backfire > Homecoming > Capacitor > Reserve cell > Countershot > Reprisal > Tether rounds > Snapback > Cinder rounds > Crosswind > Flashpoint > Slipstream > Vector rounds > Afterburner > Retrace > Wallrunner > Air Brake","crossfire > mass-driver > convergence > afterimage > follow-through > drop-forge > fold > relay-gate > arc-coil > daisy-chain > ramjet > triphammer > grindshot > corner-cutter > recall > orbit > magnum > scatter > rapid > ricochet > pierce > split > airshot > kick > leech > light > burst > backblast > banker > landing > bloom > slingshot > redline > breach > shatter > backfire > homecoming > capacitor > reserve-cell > countershot > reprisal > tether > snapback > cinder > crosswind > flashpoint > slipstream > vector > afterburner > retrace > wallrunner > air-brake","https://caleb-guyer.github.io/recoil-foundry/?test=branches&combo=bullet-hell.mass-driver.convergence.follow-through.drop-forge.relay-gate.daisy-chain.triphammer.corner-cutter&v=2.74.0","https://caleb-guyer.github.io/recoil-foundry/?test=branches&combo=bullet-hell.mass-driver.convergence.follow-through.drop-forge.relay-gate.daisy-chain.triphammer.corner-cutter&room=boss&v=2.74.0","https://caleb-guyer.github.io/recoil-foundry/?test=branches&combo=bullet-hell.mass-driver.convergence.follow-through.drop-forge.relay-gate.daisy-chain.triphammer.corner-cutter&mirror=1&v=2.74.0"
"bullet-hell.mass-driver.convergence.follow-through.drop-forge.relay-gate.daisy-chain.triphammer.crosscut","Bullet hell","Mass Driver","Convergence + Follow-through + Drop Forge + Relay Gate + Daisy Chain + Triphammer + Crosscut","Orbit","52","Crossfire > Mass Driver > Convergence > Afterimage > Follow-through > Drop Forge > Fold > Relay Gate > Arc Coil > Daisy Chain > Ramjet > Triphammer > Grindshot > Crosscut > Recall > Orbit > Heavy hitter > Scattershot > Hair trigger > Bank shot > Punch through > Splinter > Airshot > Kickback > Bloodwork > Light frame > Burst fire > Backblast > Banker > Landing shot > Death bloom > Slingshot > Redline > Breach > Shatter > Backfire > Homecoming > Capacitor > Reserve cell > Countershot > Reprisal > Tether rounds > Snapback > Cinder rounds > Crosswind > Flashpoint > Slipstream > Vector rounds > Afterburner > Retrace > Wallrunner > Air Brake","crossfire > mass-driver > convergence > afterimage > follow-through > drop-forge > fold > relay-gate > arc-coil > daisy-chain > ramjet > triphammer > grindshot > crosscut > recall > orbit > magnum > scatter > rapid > ricochet > pierce > split > airshot > kick > leech > light > burst > backblast > banker > landing > bloom > slingshot > redline > breach > shatter > backfire > homecoming > capacitor > reserve-cell > countershot > reprisal > tether > snapback > cinder > crosswind > flashpoint > slipstream > vector > afterburner > retrace > wallrunner > air-brake","https://caleb-guyer.github.io/recoil-foundry/?test=branches&combo=bullet-hell.mass-driver.convergence.follow-through.drop-forge.relay-gate.daisy-chain.triphammer.crosscut&v=2.74.0","https://caleb-guyer.github.io/recoil-foundry/?test=branches&combo=bullet-hell.mass-driver.convergence.follow-through.drop-forge.relay-gate.daisy-chain.triphammer.crosscut&room=boss&v=2.74.0","https://caleb-guyer.github.io/recoil-foundry/?test=branches&combo=bullet-hell.mass-driver.convergence.follow-through.drop-forge.relay-gate.daisy-chain.triphammer.crosscut&mirror=1&v=2.74.0"
"bullet-hell.mass-driver.convergence.follow-through.drop-forge.relay-gate.short-circuit.wrecking-ball.corner-cutter","Bullet hell","Mass Driver","Convergence + Follow-through + Drop Forge + Relay Gate + Short Circuit + Wrecking Ball + Corner Cutter","Orbit","52","Crossfire > Mass Driver > Convergence > Afterimage > Follow-through > Drop Forge > Fold > Relay Gate > Arc Coil > Short Circuit > Ramjet > Wrecking Ball > Grindshot > Corner Cutter > Recall > Orbit > Heavy hitter > Scattershot > Hair trigger > Bank shot > Punch through > Splinter > Airshot > Kickback > Bloodwork > Light frame > Burst fire > Backblast > Banker > Landing shot > Death bloom > Slingshot > Redline > Breach > Shatter > Backfire > Homecoming > Capacitor > Reserve cell > Countershot > Reprisal > Tether rounds > Snapback > Cinder rounds > Crosswind > Flashpoint > Slipstream > Vector rounds > Afterburner > Retrace > Wallrunner > Air Brake","crossfire > mass-driver > convergence > afterimage > follow-through > drop-forge > fold > relay-gate > arc-coil > short-circuit > ramjet > wrecking-ball > grindshot > corner-cutter > recall > orbit > magnum > scatter > rapid > ricochet > pierce > split > airshot > kick > leech > light > burst > backblast > banker > landing > bloom > slingshot > redline > breach > shatter > backfire > homecoming > capacitor > reserve-cell > countershot > reprisal > tether > snapback > cinder > crosswind > flashpoint > slipstream > vector > afterburner > retrace > wallrunner > air-brake","https://caleb-guyer.github.io/recoil-foundry/?test=branches&combo=bullet-hell.mass-driver.convergence.follow-through.drop-forge.relay-gate.short-circuit.wrecking-ball.corner-cutter&v=2.74.0","https://caleb-guyer.github.io/recoil-foundry/?test=branches&combo=bullet-hell.mass-driver.convergence.follow-through.drop-forge.relay-gate.short-circuit.wrecking-ball.corner-cutter&room=boss&v=2.74.0","https://caleb-guyer.github.io/recoil-foundry/?test=branches&combo=bullet-hell.mass-driver.convergence.follow-through.drop-forge.relay-gate.short-circuit.wrecking-ball.corner-cutter&mirror=1&v=2.74.0"
"bullet-hell.mass-driver.convergence.follow-through.drop-forge.relay-gate.short-circuit.wrecking-ball.crosscut","Bullet hell","Mass Driver","Convergence + Follow-through + Drop Forge + Relay Gate + Short Circuit + Wrecking Ball + Crosscut","Orbit","52","Crossfire > Mass Driver > Convergence > Afterimage > Follow-through > Drop Forge > Fold > Relay Gate > Arc Coil > Short Circuit > Ramjet > Wrecking Ball > Grindshot > Crosscut > Recall > Orbit > Heavy hitter > Scattershot > Hair trigger > Bank shot > Punch through > Splinter > Airshot > Kickback > Bloodwork > Light frame > Burst fire > Backblast > Banker > Landing shot > Death bloom > Slingshot > Redline > Breach > Shatter > Backfire > Homecoming > Capacitor > Reserve cell > Countershot > Reprisal > Tether rounds > Snapback > Cinder rounds > Crosswind > Flashpoint > Slipstream > Vector rounds > Afterburner > Retrace > Wallrunner > Air Brake","crossfire > mass-driver > convergence > afterimage > follow-through > drop-forge > fold > relay-gate > arc-coil > short-circuit > ramjet > wrecking-ball > grindshot > crosscut > recall > orbit > magnum > scatter > rapid > ricochet > pierce > split > airshot > kick > leech > light > burst > backblast > banker > landing > bloom > slingshot > redline > breach > shatter > backfire > homecoming > capacitor > reserve-cell > countershot > reprisal > tether > snapback > cinder > crosswind > flashpoint > slipstream > vector > afterburner > retrace > wallrunner > air-brake","https://caleb-guyer.github.io/recoil-foundry/?test=branches&combo=bullet-hell.mass-driver.convergence.follow-through.drop-forge.relay-gate.short-circuit.wrecking-ball.crosscut&v=2.74.0","https://caleb-guyer.github.io/recoil-foundry/?test=branches&combo=bullet-hell.mass-driver.convergence.follow-through.drop-forge.relay-gate.short-circuit.wrecking-ball.crosscut&room=boss&v=2.74.0","https://caleb-guyer.github.io/recoil-foundry/?test=branches&combo=bullet-hell.mass-driver.convergence.follow-through.drop-forge.relay-gate.short-circuit.wrecking-ball.crosscut&mirror=1&v=2.74.0"
"bullet-hell.mass-driver.convergence.follow-through.drop-forge.relay-gate.short-circuit.triphammer.corner-cutter","Bullet hell","Mass Driver","Convergence + Follow-through + Drop Forge + Relay Gate + Short Circuit + Triphammer + Corner Cutter","Orbit","52","Crossfire > Mass Driver > Convergence > Afterimage > Follow-through > Drop Forge > Fold > Relay Gate > Arc Coil > Short Circuit > Ramjet > Triphammer > Grindshot > Corner Cutter > Recall > Orbit > Heavy hitter > Scattershot > Hair trigger > Bank shot > Punch through > Splinter > Airshot > Kickback > Bloodwork > Light frame > Burst fire > Backblast > Banker > Landing shot > Death bloom > Slingshot > Redline > Breach > Shatter > Backfire > Homecoming > Capacitor > Reserve cell > Countershot > Reprisal > Tether rounds > Snapback > Cinder rounds > Crosswind > Flashpoint > Slipstream > Vector rounds > Afterburner > Retrace > Wallrunner > Air Brake","crossfire > mass-driver > convergence > afterimage > follow-through > drop-forge > fold > relay-gate > arc-coil > short-circuit > ramjet > triphammer > grindshot > corner-cutter > recall > orbit > magnum > scatter > rapid > ricochet > pierce > split > airshot > kick > leech > light > burst > backblast > banker > landing > bloom > slingshot > redline > breach > shatter > backfire > homecoming > capacitor > reserve-cell > countershot > reprisal > tether > snapback > cinder > crosswind > flashpoint > slipstream > vector > afterburner > retrace > wallrunner > air-brake","https://caleb-guyer.github.io/recoil-foundry/?test=branches&combo=bullet-hell.mass-driver.convergence.follow-through.drop-forge.relay-gate.short-circuit.triphammer.corner-cutter&v=2.74.0","https://caleb-guyer.github.io/recoil-foundry/?test=branches&combo=bullet-hell.mass-driver.convergence.follow-through.drop-forge.relay-gate.short-circuit.triphammer.corner-cutter&room=boss&v=2.74.0","https://caleb-guyer.github.io/recoil-foundry/?test=branches&combo=bullet-hell.mass-driver.convergence.follow-through.drop-forge.relay-gate.short-circuit.triphammer.corner-cutter&mirror=1&v=2.74.0"
"bullet-hell.mass-driver.convergence.follow-through.drop-forge.relay-gate.short-circuit.triphammer.crosscut","Bullet hell","Mass Driver","Convergence + Follow-through + Drop Forge + Relay Gate + Short Circuit + Triphammer + Crosscut","Orbit","52","Crossfire > Mass Driver > Convergence > Afterimage > Follow-through > Drop Forge > Fold > Relay Gate > Arc Coil > Short Circuit > Ramjet > Triphammer > Grindshot > Crosscut > Recall > Orbit > Heavy hitter > Scattershot > Hair trigger > Bank shot > Punch through > Splinter > Airshot > Kickback > Bloodwork > Light frame > Burst fire > Backblast > Banker > Landing shot > Death bloom > Slingshot > Redline > Breach > Shatter > Backfire > Homecoming > Capacitor > Reserve cell > Countershot > Reprisal > Tether rounds > Snapback > Cinder rounds > Crosswind > Flashpoint > Slipstream > Vector rounds > Afterburner > Retrace > Wallrunner > Air Brake","crossfire > mass-driver > convergence > afterimage > follow-through > drop-forge > fold > relay-gate > arc-coil > short-circuit > ramjet > triphammer > grindshot > crosscut > recall > orbit > magnum > scatter > rapid > ricochet > pierce > split > airshot > kick > leech > light > burst > backblast > banker > landing > bloom > slingshot > redline > breach > shatter > backfire > homecoming > capacitor > reserve-cell > countershot > reprisal > tether > snapback > cinder > crosswind > flashpoint > slipstream > vector > afterburner > retrace > wallrunner > air-brake","https://caleb-guyer.github.io/recoil-foundry/?test=branches&combo=bullet-hell.mass-driver.convergence.follow-through.drop-forge.relay-gate.short-circuit.triphammer.crosscut&v=2.74.0","https://caleb-guyer.github.io/recoil-foundry/?test=branches&combo=bullet-hell.mass-driver.convergence.follow-through.drop-forge.relay-gate.short-circuit.triphammer.crosscut&room=boss&v=2.74.0","https://caleb-guyer.github.io/recoil-foundry/?test=branches&combo=bullet-hell.mass-driver.convergence.follow-through.drop-forge.relay-gate.short-circuit.triphammer.crosscut&mirror=1&v=2.74.0"
"bullet-hell.mass-driver.convergence.follow-through.skid-plate.rewire.daisy-chain.wrecking-ball.corner-cutter","Bullet hell","Mass Driver","Convergence + Follow-through + Skid Plate + Rewire + Daisy Chain + Wrecking Ball + Corner Cutter","Orbit","52","Crossfire > Mass Driver > Convergence > Afterimage > Follow-through > Skid Plate > Fold > Rewire > Arc Coil > Daisy Chain > Ramjet > Wrecking Ball > Grindshot > Corner Cutter > Recall > Orbit > Heavy hitter > Scattershot > Hair trigger > Bank shot > Punch through > Splinter > Airshot > Kickback > Bloodwork > Light frame > Burst fire > Backblast > Banker > Landing shot > Death bloom > Slingshot > Redline > Breach > Shatter > Backfire > Homecoming > Capacitor > Reserve cell > Countershot > Reprisal > Tether rounds > Snapback > Cinder rounds > Crosswind > Flashpoint > Slipstream > Vector rounds > Afterburner > Retrace > Wallrunner > Air Brake","crossfire > mass-driver > convergence > afterimage > follow-through > skid-plate > fold > rewire > arc-coil > daisy-chain > ramjet > wrecking-ball > grindshot > corner-cutter > recall > orbit > magnum > scatter > rapid > ricochet > pierce > split > airshot > kick > leech > light > burst > backblast > banker > landing > bloom > slingshot > redline > breach > shatter > backfire > homecoming > capacitor > reserve-cell > countershot > reprisal > tether > snapback > cinder > crosswind > flashpoint > slipstream > vector > afterburner > retrace > wallrunner > air-brake","https://caleb-guyer.github.io/recoil-foundry/?test=branches&combo=bullet-hell.mass-driver.convergence.follow-through.skid-plate.rewire.daisy-chain.wrecking-ball.corner-cutter&v=2.74.0","https://caleb-guyer.github.io/recoil-foundry/?test=branches&combo=bullet-hell.mass-driver.convergence.follow-through.skid-plate.rewire.daisy-chain.wrecking-ball.corner-cutter&room=boss&v=2.74.0","https://caleb-guyer.github.io/recoil-foundry/?test=branches&combo=bullet-hell.mass-driver.convergence.follow-through.skid-plate.rewire.daisy-chain.wrecking-ball.corner-cutter&mirror=1&v=2.74.0"
"bullet-hell.mass-driver.convergence.follow-through.skid-plate.rewire.daisy-chain.wrecking-ball.crosscut","Bullet hell","Mass Driver","Convergence + Follow-through + Skid Plate + Rewire + Daisy Chain + Wrecking Ball + Crosscut","Orbit","52","Crossfire > Mass Driver > Convergence > Afterimage > Follow-through > Skid Plate > Fold > Rewire > Arc Coil > Daisy Chain > Ramjet > Wrecking Ball > Grindshot > Crosscut > Recall > Orbit > Heavy hitter > Scattershot > Hair trigger > Bank shot > Punch through > Splinter > Airshot > Kickback > Bloodwork > Light frame > Burst fire > Backblast > Banker > Landing shot > Death bloom > Slingshot > Redline > Breach > Shatter > Backfire > Homecoming > Capacitor > Reserve cell > Countershot > Reprisal > Tether rounds > Snapback > Cinder rounds > Crosswind > Flashpoint > Slipstream > Vector rounds > Afterburner > Retrace > Wallrunner > Air Brake","crossfire > mass-driver > convergence > afterimage > follow-through > skid-plate > fold > rewire > arc-coil > daisy-chain > ramjet > wrecking-ball > grindshot > crosscut > recall > orbit > magnum > scatter > rapid > ricochet > pierce > split > airshot > kick > leech > light > burst > backblast > banker > landing > bloom > slingshot > redline > breach > shatter > backfire > homecoming > capacitor > reserve-cell > countershot > reprisal > tether > snapback > cinder > crosswind > flashpoint > slipstream > vector > afterburner > retrace > wallrunner > air-brake","https://caleb-guyer.github.io/recoil-foundry/?test=branches&combo=bullet-hell.mass-driver.convergence.follow-through.skid-plate.rewire.daisy-chain.wrecking-ball.crosscut&v=2.74.0","https://caleb-guyer.github.io/recoil-foundry/?test=branches&combo=bullet-hell.mass-driver.convergence.follow-through.skid-plate.rewire.daisy-chain.wrecking-ball.crosscut&room=boss&v=2.74.0","https://caleb-guyer.github.io/recoil-foundry/?test=branches&combo=bullet-hell.mass-driver.convergence.follow-through.skid-plate.rewire.daisy-chain.wrecking-ball.crosscut&mirror=1&v=2.74.0"
"bullet-hell.mass-driver.convergence.follow-through.skid-plate.rewire.daisy-chain.wrecking-ball.crosscut.flywheel","Bullet hell","Mass Driver","Convergence + Follow-through + Skid Plate + Rewire + Daisy Chain + Wrecking Ball + Crosscut","Flywheel","52","Crossfire > Mass Driver > Convergence > Afterimage > Follow-through > Skid Plate > Fold > Rewire > Arc Coil > Daisy Chain > Ramjet > Wrecking Ball > Grindshot > Crosscut > Flywheel > Heavy hitter > Scattershot > Hair trigger > Bank shot > Punch through > Splinter > Airshot > Kickback > Bloodwork > Light frame > Burst fire > Backblast > Banker > Landing shot > Death bloom > Slingshot > Redline > Breach > Shatter > Backfire > Recall > Homecoming > Capacitor > Reserve cell > Countershot > Reprisal > Tether rounds > Snapback > Cinder rounds > Crosswind > Flashpoint > Slipstream > Vector rounds > Afterburner > Retrace > Wallrunner > Air Brake","crossfire > mass-driver > convergence > afterimage > follow-through > skid-plate > fold > rewire > arc-coil > daisy-chain > ramjet > wrecking-ball > grindshot > crosscut > flywheel > magnum > scatter > rapid > ricochet > pierce > split > airshot > kick > leech > light > burst > backblast > banker > landing > bloom > slingshot > redline > breach > shatter > backfire > recall > homecoming > capacitor > reserve-cell > countershot > reprisal > tether > snapback > cinder > crosswind > flashpoint > slipstream > vector > afterburner > retrace > wallrunner > air-brake","https://caleb-guyer.github.io/recoil-foundry/?test=branches&combo=bullet-hell.mass-driver.convergence.follow-through.skid-plate.rewire.daisy-chain.wrecking-ball.crosscut.flywheel&v=2.74.0","https://caleb-guyer.github.io/recoil-foundry/?test=branches&combo=bullet-hell.mass-driver.convergence.follow-through.skid-plate.rewire.daisy-chain.wrecking-ball.crosscut.flywheel&room=boss&v=2.74.0","https://caleb-guyer.github.io/recoil-foundry/?test=branches&combo=bullet-hell.mass-driver.convergence.follow-through.skid-plate.rewire.daisy-chain.wrecking-ball.crosscut.flywheel&mirror=1&v=2.74.0"
"bullet-hell.mass-driver.convergence.follow-through.skid-plate.rewire.daisy-chain.triphammer.corner-cutter","Bullet hell","Mass Driver","Convergence + Follow-through + Skid Plate + Rewire + Daisy Chain + Triphammer + Corner Cutter","Orbit","52","Crossfire > Mass Driver > Convergence > Afterimage > Follow-through > Skid Plate > Fold > Rewire > Arc Coil > Daisy Chain > Ramjet > Triphammer > Grindshot > Corner Cutter > Recall > Orbit > Heavy hitter > Scattershot > Hair trigger > Bank shot > Punch through > Splinter > Airshot > Kickback > Bloodwork > Light frame > Burst fire > Backblast > Banker > Landing shot > Death bloom > Slingshot > Redline > Breach > Shatter > Backfire > Homecoming > Capacitor > Reserve cell > Countershot > Reprisal > Tether rounds > Snapback > Cinder rounds > Crosswind > Flashpoint > Slipstream > Vector rounds > Afterburner > Retrace > Wallrunner > Air Brake","crossfire > mass-driver > convergence > afterimage > follow-through > skid-plate > fold > rewire > arc-coil > daisy-chain > ramjet > triphammer > grindshot > corner-cutter > recall > orbit > magnum > scatter > rapid > ricochet > pierce > split > airshot > kick > leech > light > burst > backblast > banker > landing > bloom > slingshot > redline > breach > shatter > backfire > homecoming > capacitor > reserve-cell > countershot > reprisal > tether > snapback > cinder > crosswind > flashpoint > slipstream > vector > afterburner > retrace > wallrunner > air-brake","https://caleb-guyer.github.io/recoil-foundry/?test=branches&combo=bullet-hell.mass-driver.convergence.follow-through.skid-plate.rewire.daisy-chain.triphammer.corner-cutter&v=2.74.0","https://caleb-guyer.github.io/recoil-foundry/?test=branches&combo=bullet-hell.mass-driver.convergence.follow-through.skid-plate.rewire.daisy-chain.triphammer.corner-cutter&room=boss&v=2.74.0","https://caleb-guyer.github.io/recoil-foundry/?test=branches&combo=bullet-hell.mass-driver.convergence.follow-through.skid-plate.rewire.daisy-chain.triphammer.corner-cutter&mirror=1&v=2.74.0"
"bullet-hell.mass-driver.convergence.follow-through.skid-plate.rewire.daisy-chain.triphammer.crosscut","Bullet hell","Mass Driver","Convergence + Follow-through + Skid Plate + Rewire + Daisy Chain + Triphammer + Crosscut","Orbit","52","Crossfire > Mass Driver > Convergence > Afterimage > Follow-through > Skid Plate > Fold > Rewire > Arc Coil > Daisy Chain > Ramjet > Triphammer > Grindshot > Crosscut > Recall > Orbit > Heavy hitter > Scattershot > Hair trigger > Bank shot > Punch through > Splinter > Airshot > Kickback > Bloodwork > Light frame > Burst fire > Backblast > Banker > Landing shot > Death bloom > Slingshot > Redline > Breach > Shatter > Backfire > Homecoming > Capacitor > Reserve cell > Countershot > Reprisal > Tether rounds > Snapback > Cinder rounds > Crosswind > Flashpoint > Slipstream > Vector rounds > Afterburner > Retrace > Wallrunner > Air Brake","crossfire > mass-driver > convergence > afterimage > follow-through > skid-plate > fold > rewire > arc-coil > daisy-chain > ramjet > triphammer > grindshot > crosscut > recall > orbit > magnum > scatter > rapid > ricochet > pierce > split > airshot > kick > leech > light > burst > backblast > banker > landing > bloom > slingshot > redline > breach > shatter > backfire > homecoming > capacitor > reserve-cell > countershot > reprisal > tether > snapback > cinder > crosswind > flashpoint > slipstream > vector > afterburner > retrace > wallrunner > air-brake","https://caleb-guyer.github.io/recoil-foundry/?test=branches&combo=bullet-hell.mass-driver.convergence.follow-through.skid-plate.rewire.daisy-chain.triphammer.crosscut&v=2.74.0","https://caleb-guyer.github.io/recoil-foundry/?test=branches&combo=bullet-hell.mass-driver.convergence.follow-through.skid-plate.rewire.daisy-chain.triphammer.crosscut&room=boss&v=2.74.0","https://caleb-guyer.github.io/recoil-foundry/?test=branches&combo=bullet-hell.mass-driver.convergence.follow-through.skid-plate.rewire.daisy-chain.triphammer.crosscut&mirror=1&v=2.74.0"
"bullet-hell.mass-driver.convergence.follow-through.skid-plate.rewire.daisy-chain.triphammer.crosscut.flywheel","Bullet hell","Mass Driver","Convergence + Follow-through + Skid Plate + Rewire + Daisy Chain + Triphammer + Crosscut","Flywheel","52","Crossfire > Mass Driver > Convergence > Afterimage > Follow-through > Skid Plate > Fold > Rewire > Arc Coil > Daisy Chain > Ramjet > Triphammer > Grindshot > Crosscut > Flywheel > Heavy hitter > Scattershot > Hair trigger > Bank shot > Punch through > Splinter > Airshot > Kickback > Bloodwork > Light frame > Burst fire > Backblast > Banker > Landing shot > Death bloom > Slingshot > Redline > Breach > Shatter > Backfire > Recall > Homecoming > Capacitor > Reserve cell > Countershot > Reprisal > Tether rounds > Snapback > Cinder rounds > Crosswind > Flashpoint > Slipstream > Vector rounds > Afterburner > Retrace > Wallrunner > Air Brake","crossfire > mass-driver > convergence > afterimage > follow-through > skid-plate > fold > rewire > arc-coil > daisy-chain > ramjet > triphammer > grindshot > crosscut > flywheel > magnum > scatter > rapid > ricochet > pierce > split > airshot > kick > leech > light > burst > backblast > banker > landing > bloom > slingshot > redline > breach > shatter > backfire > recall > homecoming > capacitor > reserve-cell > countershot > reprisal > tether > snapback > cinder > crosswind > flashpoint > slipstream > vector > afterburner > retrace > wallrunner > air-brake","https://caleb-guyer.github.io/recoil-foundry/?test=branches&combo=bullet-hell.mass-driver.convergence.follow-through.skid-plate.rewire.daisy-chain.triphammer.crosscut.flywheel&v=2.74.0","https://caleb-guyer.github.io/recoil-foundry/?test=branches&combo=bullet-hell.mass-driver.convergence.follow-through.skid-plate.rewire.daisy-chain.triphammer.crosscut.flywheel&room=boss&v=2.74.0","https://caleb-guyer.github.io/recoil-foundry/?test=branches&combo=bullet-hell.mass-driver.convergence.follow-through.skid-plate.rewire.daisy-chain.triphammer.crosscut.flywheel&mirror=1&v=2.74.0"
"bullet-hell.mass-driver.convergence.follow-through.skid-plate.rewire.short-circuit.wrecking-ball.corner-cutter","Bullet hell","Mass Driver","Convergence + Follow-through + Skid Plate + Rewire + Short Circuit + Wrecking Ball + Corner Cutter","Orbit","52","Crossfire > Mass Driver > Convergence > Afterimage > Follow-through > Skid Plate > Fold > Rewire > Arc Coil > Short Circuit > Ramjet > Wrecking Ball > Grindshot > Corner Cutter > Recall > Orbit > Heavy hitter > Scattershot > Hair trigger > Bank shot > Punch through > Splinter > Airshot > Kickback > Bloodwork > Light frame > Burst fire > Backblast > Banker > Landing shot > Death bloom > Slingshot > Redline > Breach > Shatter > Backfire > Homecoming > Capacitor > Reserve cell > Countershot > Reprisal > Tether rounds > Snapback > Cinder rounds > Crosswind > Flashpoint > Slipstream > Vector rounds > Afterburner > Retrace > Wallrunner > Air Brake","crossfire > mass-driver > convergence > afterimage > follow-through > skid-plate > fold > rewire > arc-coil > short-circuit > ramjet > wrecking-ball > grindshot > corner-cutter > recall > orbit > magnum > scatter > rapid > ricochet > pierce > split > airshot > kick > leech > light > burst > backblast > banker > landing > bloom > slingshot > redline > breach > shatter > backfire > homecoming > capacitor > reserve-cell > countershot > reprisal > tether > snapback > cinder > crosswind > flashpoint > slipstream > vector > afterburner > retrace > wallrunner > air-brake","https://caleb-guyer.github.io/recoil-foundry/?test=branches&combo=bullet-hell.mass-driver.convergence.follow-through.skid-plate.rewire.short-circuit.wrecking-ball.corner-cutter&v=2.74.0","https://caleb-guyer.github.io/recoil-foundry/?test=branches&combo=bullet-hell.mass-driver.convergence.follow-through.skid-plate.rewire.short-circuit.wrecking-ball.corner-cutter&room=boss&v=2.74.0","https://caleb-guyer.github.io/recoil-foundry/?test=branches&combo=bullet-hell.mass-driver.convergence.follow-through.skid-plate.rewire.short-circuit.wrecking-ball.corner-cutter&mirror=1&v=2.74.0"
"bullet-hell.mass-driver.convergence.follow-through.skid-plate.rewire.short-circuit.wrecking-ball.crosscut","Bullet hell","Mass Driver","Convergence + Follow-through + Skid Plate + Rewire + Short Circuit + Wrecking Ball + Crosscut","Orbit","52","Crossfire > Mass Driver > Convergence > Afterimage > Follow-through > Skid Plate > Fold > Rewire > Arc Coil > Short Circuit > Ramjet > Wrecking Ball > Grindshot > Crosscut > Recall > Orbit > Heavy hitter > Scattershot > Hair trigger > Bank shot > Punch through > Splinter > Airshot > Kickback > Bloodwork > Light frame > Burst fire > Backblast > Banker > Landing shot > Death bloom > Slingshot > Redline > Breach > Shatter > Backfire > Homecoming > Capacitor > Reserve cell > Countershot > Reprisal > Tether rounds > Snapback > Cinder rounds > Crosswind > Flashpoint > Slipstream > Vector rounds > Afterburner > Retrace > Wallrunner > Air Brake","crossfire > mass-driver > convergence > afterimage > follow-through > skid-plate > fold > rewire > arc-coil > short-circuit > ramjet > wrecking-ball > grindshot > crosscut > recall > orbit > magnum > scatter > rapid > ricochet > pierce > split > airshot > kick > leech > light > burst > backblast > banker > landing > bloom > slingshot > redline > breach > shatter > backfire > homecoming > capacitor > reserve-cell > countershot > reprisal > tether > snapback > cinder > crosswind > flashpoint > slipstream > vector > afterburner > retrace > wallrunner > air-brake","https://caleb-guyer.github.io/recoil-foundry/?test=branches&combo=bullet-hell.mass-driver.convergence.follow-through.skid-plate.rewire.short-circuit.wrecking-ball.crosscut&v=2.74.0","https://caleb-guyer.github.io/recoil-foundry/?test=branches&combo=bullet-hell.mass-driver.convergence.follow-through.skid-plate.rewire.short-circuit.wrecking-ball.crosscut&room=boss&v=2.74.0","https://caleb-guyer.github.io/recoil-foundry/?test=branches&combo=bullet-hell.mass-driver.convergence.follow-through.skid-plate.rewire.short-circuit.wrecking-ball.crosscut&mirror=1&v=2.74.0"
"bullet-hell.mass-driver.convergence.follow-through.skid-plate.rewire.short-circuit.wrecking-ball.crosscut.flywheel","Bullet hell","Mass Driver","Convergence + Follow-through + Skid Plate + Rewire + Short Circuit + Wrecking Ball + Crosscut","Flywheel","52","Crossfire > Mass Driver > Convergence > Afterimage > Follow-through > Skid Plate > Fold > Rewire > Arc Coil > Short Circuit > Ramjet > Wrecking Ball > Grindshot > Crosscut > Flywheel > Heavy hitter > Scattershot > Hair trigger > Bank shot > Punch through > Splinter > Airshot > Kickback > Bloodwork > Light frame > Burst fire > Backblast > Banker > Landing shot > Death bloom > Slingshot > Redline > Breach > Shatter > Backfire > Recall > Homecoming > Capacitor > Reserve cell > Countershot > Reprisal > Tether rounds > Snapback > Cinder rounds > Crosswind > Flashpoint > Slipstream > Vector rounds > Afterburner > Retrace > Wallrunner > Air Brake","crossfire > mass-driver > convergence > afterimage > follow-through > skid-plate > fold > rewire > arc-coil > short-circuit > ramjet > wrecking-ball > grindshot > crosscut > flywheel > magnum > scatter > rapid > ricochet > pierce > split > airshot > kick > leech > light > burst > backblast > banker > landing > bloom > slingshot > redline > breach > shatter > backfire > recall > homecoming > capacitor > reserve-cell > countershot > reprisal > tether > snapback > cinder > crosswind > flashpoint > slipstream > vector > afterburner > retrace > wallrunner > air-brake","https://caleb-guyer.github.io/recoil-foundry/?test=branches&combo=bullet-hell.mass-driver.convergence.follow-through.skid-plate.rewire.short-circuit.wrecking-ball.crosscut.flywheel&v=2.74.0","https://caleb-guyer.github.io/recoil-foundry/?test=branches&combo=bullet-hell.mass-driver.convergence.follow-through.skid-plate.rewire.short-circuit.wrecking-ball.crosscut.flywheel&room=boss&v=2.74.0","https://caleb-guyer.github.io/recoil-foundry/?test=branches&combo=bullet-hell.mass-driver.convergence.follow-through.skid-plate.rewire.short-circuit.wrecking-ball.crosscut.flywheel&mirror=1&v=2.74.0"
"bullet-hell.mass-driver.convergence.follow-through.skid-plate.rewire.short-circuit.triphammer.corner-cutter","Bullet hell","Mass Driver","Convergence + Follow-through + Skid Plate + Rewire + Short Circuit + Triphammer + Corner Cutter","Orbit","52","Crossfire > Mass Driver > Convergence > Afterimage > Follow-through > Skid Plate > Fold > Rewire > Arc Coil > Short Circuit > Ramjet > Triphammer > Grindshot > Corner Cutter > Recall > Orbit > Heavy hitter > Scattershot > Hair trigger > Bank shot > Punch through > Splinter > Airshot > Kickback > Bloodwork > Light frame > Burst fire > Backblast > Banker > Landing shot > Death bloom > Slingshot > Redline > Breach > Shatter > Backfire > Homecoming > Capacitor > Reserve cell > Countershot > Reprisal > Tether rounds > Snapback > Cinder rounds > Crosswind > Flashpoint > Slipstream > Vector rounds > Afterburner > Retrace > Wallrunner > Air Brake","crossfire > mass-driver > convergence > afterimage > follow-through > skid-plate > fold > rewire > arc-coil > short-circuit > ramjet > triphammer > grindshot > corner-cutter > recall > orbit > magnum > scatter > rapid > ricochet > pierce > split > airshot > kick > leech > light > burst > backblast > banker > landing > bloom > slingshot > redline > breach > shatter > backfire > homecoming > capacitor > reserve-cell > countershot > reprisal > tether > snapback > cinder > crosswind > flashpoint > slipstream > vector > afterburner > retrace > wallrunner > air-brake","https://caleb-guyer.github.io/recoil-foundry/?test=branches&combo=bullet-hell.mass-driver.convergence.follow-through.skid-plate.rewire.short-circuit.triphammer.corner-cutter&v=2.74.0","https://caleb-guyer.github.io/recoil-foundry/?test=branches&combo=bullet-hell.mass-driver.convergence.follow-through.skid-plate.rewire.short-circuit.triphammer.corner-cutter&room=boss&v=2.74.0","https://caleb-guyer.github.io/recoil-foundry/?test=branches&combo=bullet-hell.mass-driver.convergence.follow-through.skid-plate.rewire.short-circuit.triphammer.corner-cutter&mirror=1&v=2.74.0"
"bullet-hell.mass-driver.convergence.follow-through.skid-plate.rewire.short-circuit.triphammer.crosscut","Bullet hell","Mass Driver","Convergence + Follow-through + Skid Plate + Rewire + Short Circuit + Triphammer + Crosscut","Orbit","52","Crossfire > Mass Driver > Convergence > Afterimage > Follow-through > Skid Plate > Fold > Rewire > Arc Coil > Short Circuit > Ramjet > Triphammer > Grindshot > Crosscut > Recall > Orbit > Heavy hitter > Scattershot > Hair trigger > Bank shot > Punch through > Splinter > Airshot > Kickback > Bloodwork > Light frame > Burst fire > Backblast > Banker > Landing shot > Death bloom > Slingshot > Redline > Breach > Shatter > Backfire > Homecoming > Capacitor > Reserve cell > Countershot > Reprisal > Tether rounds > Snapback > Cinder rounds > Crosswind > Flashpoint > Slipstream > Vector rounds > Afterburner > Retrace > Wallrunner > Air Brake","crossfire > mass-driver > convergence > afterimage > follow-through > skid-plate > fold > rewire > arc-coil > short-circuit > ramjet > triphammer > grindshot > crosscut > recall > orbit > magnum > scatter > rapid > ricochet > pierce > split > airshot > kick > leech > light > burst > backblast > banker > landing > bloom > slingshot > redline > breach > shatter > backfire > homecoming > capacitor > reserve-cell > countershot > reprisal > tether > snapback > cinder > crosswind > flashpoint > slipstream > vector > afterburner > retrace > wallrunner > air-brake","https://caleb-guyer.github.io/recoil-foundry/?test=branches&combo=bullet-hell.mass-driver.convergence.follow-through.skid-plate.rewire.short-circuit.triphammer.crosscut&v=2.74.0","https://caleb-guyer.github.io/recoil-foundry/?test=branches&combo=bullet-hell.mass-driver.convergence.follow-through.skid-plate.rewire.short-circuit.triphammer.crosscut&room=boss&v=2.74.0","https://caleb-guyer.github.io/recoil-foundry/?test=branches&combo=bullet-hell.mass-driver.convergence.follow-through.skid-plate.rewire.short-circuit.triphammer.crosscut&mirror=1&v=2.74.0"
"bullet-hell.mass-driver.convergence.follow-through.skid-plate.rewire.short-circuit.triphammer.crosscut.flywheel","Bullet hell","Mass Driver","Convergence + Follow-through + Skid Plate + Rewire + Short Circuit + Triphammer + Crosscut","Flywheel","52","Crossfire > Mass Driver > Convergence > Afterimage > Follow-through > Skid Plate > Fold > Rewire > Arc Coil > Short Circuit > Ramjet > Triphammer > Grindshot > Crosscut > Flywheel > Heavy hitter > Scattershot > Hair trigger > Bank shot > Punch through > Splinter > Airshot > Kickback > Bloodwork > Light frame > Burst fire > Backblast > Banker > Landing shot > Death bloom > Slingshot > Redline > Breach > Shatter > Backfire > Recall > Homecoming > Capacitor > Reserve cell > Countershot > Reprisal > Tether rounds > Snapback > Cinder rounds > Crosswind > Flashpoint > Slipstream > Vector rounds > Afterburner > Retrace > Wallrunner > Air Brake","crossfire > mass-driver > convergence > afterimage > follow-through > skid-plate > fold > rewire > arc-coil > short-circuit > ramjet > triphammer > grindshot > crosscut > flywheel > magnum > scatter > rapid > ricochet > pierce > split > airshot > kick > leech > light > burst > backblast > banker > landing > bloom > slingshot > redline > breach > shatter > backfire > recall > homecoming > capacitor > reserve-cell > countershot > reprisal > tether > snapback > cinder > crosswind > flashpoint > slipstream > vector > afterburner > retrace > wallrunner > air-brake","https://caleb-guyer.github.io/recoil-foundry/?test=branches&combo=bullet-hell.mass-driver.convergence.follow-through.skid-plate.rewire.short-circuit.triphammer.crosscut.flywheel&v=2.74.0","https://caleb-guyer.github.io/recoil-foundry/?test=branches&combo=bullet-hell.mass-driver.convergence.follow-through.skid-plate.rewire.short-circuit.triphammer.crosscut.flywheel&room=boss&v=2.74.0","https://caleb-guyer.github.io/recoil-foundry/?test=branches&combo=bullet-hell.mass-driver.convergence.follow-through.skid-plate.rewire.short-circuit.triphammer.crosscut.flywheel&mirror=1&v=2.74.0"
"bullet-hell.mass-driver.convergence.follow-through.skid-plate.relay-gate.daisy-chain.wrecking-ball.corner-cutter","Bullet hell","Mass Driver","Convergence + Follow-through + Skid Plate + Relay Gate + Daisy Chain + Wrecking Ball + Corner Cutter","Orbit","52","Crossfire > Mass Driver > Convergence > Afterimage > Follow-through > Skid Plate > Fold > Relay Gate > Arc Coil > Daisy Chain > Ramjet > Wrecking Ball > Grindshot > Corner Cutter > Recall > Orbit > Heavy hitter > Scattershot > Hair trigger > Bank shot > Punch through > Splinter > Airshot > Kickback > Bloodwork > Light frame > Burst fire > Backblast > Banker > Landing shot > Death bloom > Slingshot > Redline > Breach > Shatter > Backfire > Homecoming > Capacitor > Reserve cell > Countershot > Reprisal > Tether rounds > Snapback > Cinder rounds > Crosswind > Flashpoint > Slipstream > Vector rounds > Afterburner > Retrace > Wallrunner > Air Brake","crossfire > mass-driver > convergence > afterimage > follow-through > skid-plate > fold > relay-gate > arc-coil > daisy-chain > ramjet > wrecking-ball > grindshot > corner-cutter > recall > orbit > magnum > scatter > rapid > ricochet > pierce > split > airshot > kick > leech > light > burst > backblast > banker > landing > bloom > slingshot > redline > breach > shatter > backfire > homecoming > capacitor > reserve-cell > countershot > reprisal > tether > snapback > cinder > crosswind > flashpoint > slipstream > vector > afterburner > retrace > wallrunner > air-brake","https://caleb-guyer.github.io/recoil-foundry/?test=branches&combo=bullet-hell.mass-driver.convergence.follow-through.skid-plate.relay-gate.daisy-chain.wrecking-ball.corner-cutter&v=2.74.0","https://caleb-guyer.github.io/recoil-foundry/?test=branches&combo=bullet-hell.mass-driver.convergence.follow-through.skid-plate.relay-gate.daisy-chain.wrecking-ball.corner-cutter&room=boss&v=2.74.0","https://caleb-guyer.github.io/recoil-foundry/?test=branches&combo=bullet-hell.mass-driver.convergence.follow-through.skid-plate.relay-gate.daisy-chain.wrecking-ball.corner-cutter&mirror=1&v=2.74.0"
"bullet-hell.mass-driver.convergence.follow-through.skid-plate.relay-gate.daisy-chain.wrecking-ball.crosscut","Bullet hell","Mass Driver","Convergence + Follow-through + Skid Plate + Relay Gate + Daisy Chain + Wrecking Ball + Crosscut","Orbit","52","Crossfire > Mass Driver > Convergence > Afterimage > Follow-through > Skid Plate > Fold > Relay Gate > Arc Coil > Daisy Chain > Ramjet > Wrecking Ball > Grindshot > Crosscut > Recall > Orbit > Heavy hitter > Scattershot > Hair trigger > Bank shot > Punch through > Splinter > Airshot > Kickback > Bloodwork > Light frame > Burst fire > Backblast > Banker > Landing shot > Death bloom > Slingshot > Redline > Breach > Shatter > Backfire > Homecoming > Capacitor > Reserve cell > Countershot > Reprisal > Tether rounds > Snapback > Cinder rounds > Crosswind > Flashpoint > Slipstream > Vector rounds > Afterburner > Retrace > Wallrunner > Air Brake","crossfire > mass-driver > convergence > afterimage > follow-through > skid-plate > fold > relay-gate > arc-coil > daisy-chain > ramjet > wrecking-ball > grindshot > crosscut > recall > orbit > magnum > scatter > rapid > ricochet > pierce > split > airshot > kick > leech > light > burst > backblast > banker > landing > bloom > slingshot > redline > breach > shatter > backfire > homecoming > capacitor > reserve-cell > countershot > reprisal > tether > snapback > cinder > crosswind > flashpoint > slipstream > vector > afterburner > retrace > wallrunner > air-brake","https://caleb-guyer.github.io/recoil-foundry/?test=branches&combo=bullet-hell.mass-driver.convergence.follow-through.skid-plate.relay-gate.daisy-chain.wrecking-ball.crosscut&v=2.74.0","https://caleb-guyer.github.io/recoil-foundry/?test=branches&combo=bullet-hell.mass-driver.convergence.follow-through.skid-plate.relay-gate.daisy-chain.wrecking-ball.crosscut&room=boss&v=2.74.0","https://caleb-guyer.github.io/recoil-foundry/?test=branches&combo=bullet-hell.mass-driver.convergence.follow-through.skid-plate.relay-gate.daisy-chain.wrecking-ball.crosscut&mirror=1&v=2.74.0"
"bullet-hell.mass-driver.convergence.follow-through.skid-plate.relay-gate.daisy-chain.wrecking-ball.crosscut.flywheel","Bullet hell","Mass Driver","Convergence + Follow-through + Skid Plate + Relay Gate + Daisy Chain + Wrecking Ball + Crosscut","Flywheel","52","Crossfire > Mass Driver > Convergence > Afterimage > Follow-through > Skid Plate > Fold > Relay Gate > Arc Coil > Daisy Chain > Ramjet > Wrecking Ball > Grindshot > Crosscut > Flywheel > Heavy hitter > Scattershot > Hair trigger > Bank shot > Punch through > Splinter > Airshot > Kickback > Bloodwork > Light frame > Burst fire > Backblast > Banker > Landing shot > Death bloom > Slingshot > Redline > Breach > Shatter > Backfire > Recall > Homecoming > Capacitor > Reserve cell > Countershot > Reprisal > Tether rounds > Snapback > Cinder rounds > Crosswind > Flashpoint > Slipstream > Vector rounds > Afterburner > Retrace > Wallrunner > Air Brake","crossfire > mass-driver > convergence > afterimage > follow-through > skid-plate > fold > relay-gate > arc-coil > daisy-chain > ramjet > wrecking-ball > grindshot > crosscut > flywheel > magnum > scatter > rapid > ricochet > pierce > split > airshot > kick > leech > light > burst > backblast > banker > landing > bloom > slingshot > redline > breach > shatter > backfire > recall > homecoming > capacitor > reserve-cell > countershot > reprisal > tether > snapback > cinder > crosswind > flashpoint > slipstream > vector > afterburner > retrace > wallrunner > air-brake","https://caleb-guyer.github.io/recoil-foundry/?test=branches&combo=bullet-hell.mass-driver.convergence.follow-through.skid-plate.relay-gate.daisy-chain.wrecking-ball.crosscut.flywheel&v=2.74.0","https://caleb-guyer.github.io/recoil-foundry/?test=branches&combo=bullet-hell.mass-driver.convergence.follow-through.skid-plate.relay-gate.daisy-chain.wrecking-ball.crosscut.flywheel&room=boss&v=2.74.0","https://caleb-guyer.github.io/recoil-foundry/?test=branches&combo=bullet-hell.mass-driver.convergence.follow-through.skid-plate.relay-gate.daisy-chain.wrecking-ball.crosscut.flywheel&mirror=1&v=2.74.0"
"bullet-hell.mass-driver.convergence.follow-through.skid-plate.relay-gate.daisy-chain.triphammer.corner-cutter","Bullet hell","Mass Driver","Convergence + Follow-through + Skid Plate + Relay Gate + Daisy Chain + Triphammer + Corner Cutter","Orbit","52","Crossfire > Mass Driver > Convergence > Afterimage > Follow-through > Skid Plate > Fold > Relay Gate > Arc Coil > Daisy Chain > Ramjet > Triphammer > Grindshot > Corner Cutter > Recall > Orbit > Heavy hitter > Scattershot > Hair trigger > Bank shot > Punch through > Splinter > Airshot > Kickback > Bloodwork > Light frame > Burst fire > Backblast > Banker > Landing shot > Death bloom > Slingshot > Redline > Breach > Shatter > Backfire > Homecoming > Capacitor > Reserve cell > Countershot > Reprisal > Tether rounds > Snapback > Cinder rounds > Crosswind > Flashpoint > Slipstream > Vector rounds > Afterburner > Retrace > Wallrunner > Air Brake","crossfire > mass-driver > convergence > afterimage > follow-through > skid-plate > fold > relay-gate > arc-coil > daisy-chain > ramjet > triphammer > grindshot > corner-cutter > recall > orbit > magnum > scatter > rapid > ricochet > pierce > split > airshot > kick > leech > light > burst > backblast > banker > landing > bloom > slingshot > redline > breach > shatter > backfire > homecoming > capacitor > reserve-cell > countershot > reprisal > tether > snapback > cinder > crosswind > flashpoint > slipstream > vector > afterburner > retrace > wallrunner > air-brake","https://caleb-guyer.github.io/recoil-foundry/?test=branches&combo=bullet-hell.mass-driver.convergence.follow-through.skid-plate.relay-gate.daisy-chain.triphammer.corner-cutter&v=2.74.0","https://caleb-guyer.github.io/recoil-foundry/?test=branches&combo=bullet-hell.mass-driver.convergence.follow-through.skid-plate.relay-gate.daisy-chain.triphammer.corner-cutter&room=boss&v=2.74.0","https://caleb-guyer.github.io/recoil-foundry/?test=branches&combo=bullet-hell.mass-driver.convergence.follow-through.skid-plate.relay-gate.daisy-chain.triphammer.corner-cutter&mirror=1&v=2.74.0"
"bullet-hell.mass-driver.convergence.follow-through.skid-plate.relay-gate.daisy-chain.triphammer.crosscut","Bullet hell","Mass Driver","Convergence + Follow-through + Skid Plate + Relay Gate + Daisy Chain + Triphammer + Crosscut","Orbit","52","Crossfire > Mass Driver > Convergence > Afterimage > Follow-through > Skid Plate > Fold > Relay Gate > Arc Coil > Daisy Chain > Ramjet > Triphammer > Grindshot > Crosscut > Recall > Orbit > Heavy hitter > Scattershot > Hair trigger > Bank shot > Punch through > Splinter > Airshot > Kickback > Bloodwork > Light frame > Burst fire > Backblast > Banker > Landing shot > Death bloom > Slingshot > Redline > Breach > Shatter > Backfire > Homecoming > Capacitor > Reserve cell > Countershot > Reprisal > Tether rounds > Snapback > Cinder rounds > Crosswind > Flashpoint > Slipstream > Vector rounds > Afterburner > Retrace > Wallrunner > Air Brake","crossfire > mass-driver > convergence > afterimage > follow-through > skid-plate > fold > relay-gate > arc-coil > daisy-chain > ramjet > triphammer > grindshot > crosscut > recall > orbit > magnum > scatter > rapid > ricochet > pierce > split > airshot > kick > leech > light > burst > backblast > banker > landing > bloom > slingshot > redline > breach > shatter > backfire > homecoming > capacitor > reserve-cell > countershot > reprisal > tether > snapback > cinder > crosswind > flashpoint > slipstream > vector > afterburner > retrace > wallrunner > air-brake","https://caleb-guyer.github.io/recoil-foundry/?test=branches&combo=bullet-hell.mass-driver.convergence.follow-through.skid-plate.relay-gate.daisy-chain.triphammer.crosscut&v=2.74.0","https://caleb-guyer.github.io/recoil-foundry/?test=branches&combo=bullet-hell.mass-driver.convergence.follow-through.skid-plate.relay-gate.daisy-chain.triphammer.crosscut&room=boss&v=2.74.0","https://caleb-guyer.github.io/recoil-foundry/?test=branches&combo=bullet-hell.mass-driver.convergence.follow-through.skid-plate.relay-gate.daisy-chain.triphammer.crosscut&mirror=1&v=2.74.0"
"bullet-hell.mass-driver.convergence.follow-through.skid-plate.relay-gate.daisy-chain.triphammer.crosscut.flywheel","Bullet hell","Mass Driver","Convergence + Follow-through + Skid Plate + Relay Gate + Daisy Chain + Triphammer + Crosscut","Flywheel","52","Crossfire > Mass Driver > Convergence > Afterimage > Follow-through > Skid Plate > Fold > Relay Gate > Arc Coil > Daisy Chain > Ramjet > Triphammer > Grindshot > Crosscut > Flywheel > Heavy hitter > Scattershot > Hair trigger > Bank shot > Punch through > Splinter > Airshot > Kickback > Bloodwork > Light frame > Burst fire > Backblast > Banker > Landing shot > Death bloom > Slingshot > Redline > Breach > Shatter > Backfire > Recall > Homecoming > Capacitor > Reserve cell > Countershot > Reprisal > Tether rounds > Snapback > Cinder rounds > Crosswind > Flashpoint > Slipstream > Vector rounds > Afterburner > Retrace > Wallrunner > Air Brake","crossfire > mass-driver > convergence > afterimage > follow-through > skid-plate > fold > relay-gate > arc-coil > daisy-chain > ramjet > triphammer > grindshot > crosscut > flywheel > magnum > scatter > rapid > ricochet > pierce > split > airshot > kick > leech > light > burst > backblast > banker > landing > bloom > slingshot > redline > breach > shatter > backfire > recall > homecoming > capacitor > reserve-cell > countershot > reprisal > tether > snapback > cinder > crosswind > flashpoint > slipstream > vector > afterburner > retrace > wallrunner > air-brake","https://caleb-guyer.github.io/recoil-foundry/?test=branches&combo=bullet-hell.mass-driver.convergence.follow-through.skid-plate.relay-gate.daisy-chain.triphammer.crosscut.flywheel&v=2.74.0","https://caleb-guyer.github.io/recoil-foundry/?test=branches&combo=bullet-hell.mass-driver.convergence.follow-through.skid-plate.relay-gate.daisy-chain.triphammer.crosscut.flywheel&room=boss&v=2.74.0","https://caleb-guyer.github.io/recoil-foundry/?test=branches&combo=bullet-hell.mass-driver.convergence.follow-through.skid-plate.relay-gate.daisy-chain.triphammer.crosscut.flywheel&mirror=1&v=2.74.0"
"bullet-hell.mass-driver.convergence.follow-through.skid-plate.relay-gate.short-circuit.wrecking-ball.corner-cutter","Bullet hell","Mass Driver","Convergence + Follow-through + Skid Plate + Relay Gate + Short Circuit + Wrecking Ball + Corner Cutter","Orbit","52","Crossfire > Mass Driver > Convergence > Afterimage > Follow-through > Skid Plate > Fold > Relay Gate > Arc Coil > Short Circuit > Ramjet > Wrecking Ball > Grindshot > Corner Cutter > Recall > Orbit > Heavy hitter > Scattershot > Hair trigger > Bank shot > Punch through > Splinter > Airshot > Kickback > Bloodwork > Light frame > Burst fire > Backblast > Banker > Landing shot > Death bloom > Slingshot > Redline > Breach > Shatter > Backfire > Homecoming > Capacitor > Reserve cell > Countershot > Reprisal > Tether rounds > Snapback > Cinder rounds > Crosswind > Flashpoint > Slipstream > Vector rounds > Afterburner > Retrace > Wallrunner > Air Brake","crossfire > mass-driver > convergence > afterimage > follow-through > skid-plate > fold > relay-gate > arc-coil > short-circuit > ramjet > wrecking-ball > grindshot > corner-cutter > recall > orbit > magnum > scatter > rapid > ricochet > pierce > split > airshot > kick > leech > light > burst > backblast > banker > landing > bloom > slingshot > redline > breach > shatter > backfire > homecoming > capacitor > reserve-cell > countershot > reprisal > tether > snapback > cinder > crosswind > flashpoint > slipstream > vector > afterburner > retrace > wallrunner > air-brake","https://caleb-guyer.github.io/recoil-foundry/?test=branches&combo=bullet-hell.mass-driver.convergence.follow-through.skid-plate.relay-gate.short-circuit.wrecking-ball.corner-cutter&v=2.74.0","https://caleb-guyer.github.io/recoil-foundry/?test=branches&combo=bullet-hell.mass-driver.convergence.follow-through.skid-plate.relay-gate.short-circuit.wrecking-ball.corner-cutter&room=boss&v=2.74.0","https://caleb-guyer.github.io/recoil-foundry/?test=branches&combo=bullet-hell.mass-driver.convergence.follow-through.skid-plate.relay-gate.short-circuit.wrecking-ball.corner-cutter&mirror=1&v=2.74.0"
"bullet-hell.mass-driver.convergence.follow-through.skid-plate.relay-gate.short-circuit.wrecking-ball.crosscut","Bullet hell","Mass Driver","Convergence + Follow-through + Skid Plate + Relay Gate + Short Circuit + Wrecking Ball + Crosscut","Orbit","52","Crossfire > Mass Driver > Convergence > Afterimage > Follow-through > Skid Plate > Fold > Relay Gate > Arc Coil > Short Circuit > Ramjet > Wrecking Ball > Grindshot > Crosscut > Recall > Orbit > Heavy hitter > Scattershot > Hair trigger > Bank shot > Punch through > Splinter > Airshot > Kickback > Bloodwork > Light frame > Burst fire > Backblast > Banker > Landing shot > Death bloom > Slingshot > Redline > Breach > Shatter > Backfire > Homecoming > Capacitor > Reserve cell > Countershot > Reprisal > Tether rounds > Snapback > Cinder rounds > Crosswind > Flashpoint > Slipstream > Vector rounds > Afterburner > Retrace > Wallrunner > Air Brake","crossfire > mass-driver > convergence > afterimage > follow-through > skid-plate > fold > relay-gate > arc-coil > short-circuit > ramjet > wrecking-ball > grindshot > crosscut > recall > orbit > magnum > scatter > rapid > ricochet > pierce > split > airshot > kick > leech > light > burst > backblast > banker > landing > bloom > slingshot > redline > breach > shatter > backfire > homecoming > capacitor > reserve-cell > countershot > reprisal > tether > snapback > cinder > crosswind > flashpoint > slipstream > vector > afterburner > retrace > wallrunner > air-brake","https://caleb-guyer.github.io/recoil-foundry/?test=branches&combo=bullet-hell.mass-driver.convergence.follow-through.skid-plate.relay-gate.short-circuit.wrecking-ball.crosscut&v=2.74.0","https://caleb-guyer.github.io/recoil-foundry/?test=branches&combo=bullet-hell.mass-driver.convergence.follow-through.skid-plate.relay-gate.short-circuit.wrecking-ball.crosscut&room=boss&v=2.74.0","https://caleb-guyer.github.io/recoil-foundry/?test=branches&combo=bullet-hell.mass-driver.convergence.follow-through.skid-plate.relay-gate.short-circuit.wrecking-ball.crosscut&mirror=1&v=2.74.0"
"bullet-hell.mass-driver.convergence.follow-through.skid-plate.relay-gate.short-circuit.wrecking-ball.crosscut.flywheel","Bullet hell","Mass Driver","Convergence + Follow-through + Skid Plate + Relay Gate + Short Circuit + Wrecking Ball + Crosscut","Flywheel","52","Crossfire > Mass Driver > Convergence > Afterimage > Follow-through > Skid Plate > Fold > Relay Gate > Arc Coil > Short Circuit > Ramjet > Wrecking Ball > Grindshot > Crosscut > Flywheel > Heavy hitter > Scattershot > Hair trigger > Bank shot > Punch through > Splinter > Airshot > Kickback > Bloodwork > Light frame > Burst fire > Backblast > Banker > Landing shot > Death bloom > Slingshot > Redline > Breach > Shatter > Backfire > Recall > Homecoming > Capacitor > Reserve cell > Countershot > Reprisal > Tether rounds > Snapback > Cinder rounds > Crosswind > Flashpoint > Slipstream > Vector rounds > Afterburner > Retrace > Wallrunner > Air Brake","crossfire > mass-driver > convergence > afterimage > follow-through > skid-plate > fold > relay-gate > arc-coil > short-circuit > ramjet > wrecking-ball > grindshot > crosscut > flywheel > magnum > scatter > rapid > ricochet > pierce > split > airshot > kick > leech > light > burst > backblast > banker > landing > bloom > slingshot > redline > breach > shatter > backfire > recall > homecoming > capacitor > reserve-cell > countershot > reprisal > tether > snapback > cinder > crosswind > flashpoint > slipstream > vector > afterburner > retrace > wallrunner > air-brake","https://caleb-guyer.github.io/recoil-foundry/?test=branches&combo=bullet-hell.mass-driver.convergence.follow-through.skid-plate.relay-gate.short-circuit.wrecking-ball.crosscut.flywheel&v=2.74.0","https://caleb-guyer.github.io/recoil-foundry/?test=branches&combo=bullet-hell.mass-driver.convergence.follow-through.skid-plate.relay-gate.short-circuit.wrecking-ball.crosscut.flywheel&room=boss&v=2.74.0","https://caleb-guyer.github.io/recoil-foundry/?test=branches&combo=bullet-hell.mass-driver.convergence.follow-through.skid-plate.relay-gate.short-circuit.wrecking-ball.crosscut.flywheel&mirror=1&v=2.74.0"
"bullet-hell.mass-driver.convergence.follow-through.skid-plate.relay-gate.short-circuit.triphammer.corner-cutter","Bullet hell","Mass Driver","Convergence + Follow-through + Skid Plate + Relay Gate + Short Circuit + Triphammer + Corner Cutter","Orbit","52","Crossfire > Mass Driver > Convergence > Afterimage > Follow-through > Skid Plate > Fold > Relay Gate > Arc Coil > Short Circuit > Ramjet > Triphammer > Grindshot > Corner Cutter > Recall > Orbit > Heavy hitter > Scattershot > Hair trigger > Bank shot > Punch through > Splinter > Airshot > Kickback > Bloodwork > Light frame > Burst fire > Backblast > Banker > Landing shot > Death bloom > Slingshot > Redline > Breach > Shatter > Backfire > Homecoming > Capacitor > Reserve cell > Countershot > Reprisal > Tether rounds > Snapback > Cinder rounds > Crosswind > Flashpoint > Slipstream > Vector rounds > Afterburner > Retrace > Wallrunner > Air Brake","crossfire > mass-driver > convergence > afterimage > follow-through > skid-plate > fold > relay-gate > arc-coil > short-circuit > ramjet > triphammer > grindshot > corner-cutter > recall > orbit > magnum > scatter > rapid > ricochet > pierce > split > airshot > kick > leech > light > burst > backblast > banker > landing > bloom > slingshot > redline > breach > shatter > backfire > homecoming > capacitor > reserve-cell > countershot > reprisal > tether > snapback > cinder > crosswind > flashpoint > slipstream > vector > afterburner > retrace > wallrunner > air-brake","https://caleb-guyer.github.io/recoil-foundry/?test=branches&combo=bullet-hell.mass-driver.convergence.follow-through.skid-plate.relay-gate.short-circuit.triphammer.corner-cutter&v=2.74.0","https://caleb-guyer.github.io/recoil-foundry/?test=branches&combo=bullet-hell.mass-driver.convergence.follow-through.skid-plate.relay-gate.short-circuit.triphammer.corner-cutter&room=boss&v=2.74.0","https://caleb-guyer.github.io/recoil-foundry/?test=branches&combo=bullet-hell.mass-driver.convergence.follow-through.skid-plate.relay-gate.short-circuit.triphammer.corner-cutter&mirror=1&v=2.74.0"
"bullet-hell.mass-driver.convergence.follow-through.skid-plate.relay-gate.short-circuit.triphammer.crosscut","Bullet hell","Mass Driver","Convergence + Follow-through + Skid Plate + Relay Gate + Short Circuit + Triphammer + Crosscut","Orbit","52","Crossfire > Mass Driver > Convergence > Afterimage > Follow-through > Skid Plate > Fold > Relay Gate > Arc Coil > Short Circuit > Ramjet > Triphammer > Grindshot > Crosscut > Recall > Orbit > Heavy hitter > Scattershot > Hair trigger > Bank shot > Punch through > Splinter > Airshot > Kickback > Bloodwork > Light frame > Burst fire > Backblast > Banker > Landing shot > Death bloom > Slingshot > Redline > Breach > Shatter > Backfire > Homecoming > Capacitor > Reserve cell > Countershot > Reprisal > Tether rounds > Snapback > Cinder rounds > Crosswind > Flashpoint > Slipstream > Vector rounds > Afterburner > Retrace > Wallrunner > Air Brake","crossfire > mass-driver > convergence > afterimage > follow-through > skid-plate > fold > relay-gate > arc-coil > short-circuit > ramjet > triphammer > grindshot > crosscut > recall > orbit > magnum > scatter > rapid > ricochet > pierce > split > airshot > kick > leech > light > burst > backblast > banker > landing > bloom > slingshot > redline > breach > shatter > backfire > homecoming > capacitor > reserve-cell > countershot > reprisal > tether > snapback > cinder > crosswind > flashpoint > slipstream > vector > afterburner > retrace > wallrunner > air-brake","https://caleb-guyer.github.io/recoil-foundry/?test=branches&combo=bullet-hell.mass-driver.convergence.follow-through.skid-plate.relay-gate.short-circuit.triphammer.crosscut&v=2.74.0","https://caleb-guyer.github.io/recoil-foundry/?test=branches&combo=bullet-hell.mass-driver.convergence.follow-through.skid-plate.relay-gate.short-circuit.triphammer.crosscut&room=boss&v=2.74.0","https://caleb-guyer.github.io/recoil-foundry/?test=branches&combo=bullet-hell.mass-driver.convergence.follow-through.skid-plate.relay-gate.short-circuit.triphammer.crosscut&mirror=1&v=2.74.0"
"bullet-hell.mass-driver.convergence.follow-through.skid-plate.relay-gate.short-circuit.triphammer.crosscut.flywheel","Bullet hell","Mass Driver","Convergence + Follow-through + Skid Plate + Relay Gate + Short Circuit + Triphammer + Crosscut","Flywheel","52","Crossfire > Mass Driver > Convergence > Afterimage > Follow-through > Skid Plate > Fold > Relay Gate > Arc Coil > Short Circuit > Ramjet > Triphammer > Grindshot > Crosscut > Flywheel > Heavy hitter > Scattershot > Hair trigger > Bank shot > Punch through > Splinter > Airshot > Kickback > Bloodwork > Light frame > Burst fire > Backblast > Banker > Landing shot > Death bloom > Slingshot > Redline > Breach > Shatter > Backfire > Recall > Homecoming > Capacitor > Reserve cell > Countershot > Reprisal > Tether rounds > Snapback > Cinder rounds > Crosswind > Flashpoint > Slipstream > Vector rounds > Afterburner > Retrace > Wallrunner > Air Brake","crossfire > mass-driver > convergence > afterimage > follow-through > skid-plate > fold > relay-gate > arc-coil > short-circuit > ramjet > triphammer > grindshot > crosscut > flywheel > magnum > scatter > rapid > ricochet > pierce > split > airshot > kick > leech > light > burst > backblast > banker > landing > bloom > slingshot > redline > breach > shatter > backfire > recall > homecoming > capacitor > reserve-cell > countershot > reprisal > tether > snapback > cinder > crosswind > flashpoint > slipstream > vector > afterburner > retrace > wallrunner > air-brake","https://caleb-guyer.github.io/recoil-foundry/?test=branches&combo=bullet-hell.mass-driver.convergence.follow-through.skid-plate.relay-gate.short-circuit.triphammer.crosscut.flywheel&v=2.74.0","https://caleb-guyer.github.io/recoil-foundry/?test=branches&combo=bullet-hell.mass-driver.convergence.follow-through.skid-plate.relay-gate.short-circuit.triphammer.crosscut.flywheel&room=boss&v=2.74.0","https://caleb-guyer.github.io/recoil-foundry/?test=branches&combo=bullet-hell.mass-driver.convergence.follow-through.skid-plate.relay-gate.short-circuit.triphammer.crosscut.flywheel&mirror=1&v=2.74.0"
"bullet-hell.mass-driver.pinwheel.parallax.drop-forge.rewire.daisy-chain.wrecking-ball.corner-cutter","Bullet hell","Mass Driver","Pinwheel + Parallax + Drop Forge + Rewire + Daisy Chain + Wrecking Ball + Corner Cutter","Orbit","52","Crossfire > Mass Driver > Pinwheel > Afterimage > Parallax > Drop Forge > Fold > Rewire > Arc Coil > Daisy Chain > Ramjet > Wrecking Ball > Grindshot > Corner Cutter > Recall > Orbit > Heavy hitter > Scattershot > Hair trigger > Bank shot > Punch through > Splinter > Airshot > Kickback > Bloodwork > Light frame > Burst fire > Backblast > Banker > Landing shot > Death bloom > Slingshot > Redline > Breach > Shatter > Backfire > Homecoming > Capacitor > Reserve cell > Countershot > Reprisal > Tether rounds > Snapback > Cinder rounds > Crosswind > Flashpoint > Slipstream > Vector rounds > Afterburner > Retrace > Wallrunner > Air Brake","crossfire > mass-driver > pinwheel > afterimage > parallax > drop-forge > fold > rewire > arc-coil > daisy-chain > ramjet > wrecking-ball > grindshot > corner-cutter > recall > orbit > magnum > scatter > rapid > ricochet > pierce > split > airshot > kick > leech > light > burst > backblast > banker > landing > bloom > slingshot > redline > breach > shatter > backfire > homecoming > capacitor > reserve-cell > countershot > reprisal > tether > snapback > cinder > crosswind > flashpoint > slipstream > vector > afterburner > retrace > wallrunner > air-brake","https://caleb-guyer.github.io/recoil-foundry/?test=branches&combo=bullet-hell.mass-driver.pinwheel.parallax.drop-forge.rewire.daisy-chain.wrecking-ball.corner-cutter&v=2.74.0","https://caleb-guyer.github.io/recoil-foundry/?test=branches&combo=bullet-hell.mass-driver.pinwheel.parallax.drop-forge.rewire.daisy-chain.wrecking-ball.corner-cutter&room=boss&v=2.74.0","https://caleb-guyer.github.io/recoil-foundry/?test=branches&combo=bullet-hell.mass-driver.pinwheel.parallax.drop-forge.rewire.daisy-chain.wrecking-ball.corner-cutter&mirror=1&v=2.74.0"
"bullet-hell.mass-driver.pinwheel.parallax.drop-forge.rewire.daisy-chain.wrecking-ball.crosscut","Bullet hell","Mass Driver","Pinwheel + Parallax + Drop Forge + Rewire + Daisy Chain + Wrecking Ball + Crosscut","Orbit","52","Crossfire > Mass Driver > Pinwheel > Afterimage > Parallax > Drop Forge > Fold > Rewire > Arc Coil > Daisy Chain > Ramjet > Wrecking Ball > Grindshot > Crosscut > Recall > Orbit > Heavy hitter > Scattershot > Hair trigger > Bank shot > Punch through > Splinter > Airshot > Kickback > Bloodwork > Light frame > Burst fire > Backblast > Banker > Landing shot > Death bloom > Slingshot > Redline > Breach > Shatter > Backfire > Homecoming > Capacitor > Reserve cell > Countershot > Reprisal > Tether rounds > Snapback > Cinder rounds > Crosswind > Flashpoint > Slipstream > Vector rounds > Afterburner > Retrace > Wallrunner > Air Brake","crossfire > mass-driver > pinwheel > afterimage > parallax > drop-forge > fold > rewire > arc-coil > daisy-chain > ramjet > wrecking-ball > grindshot > crosscut > recall > orbit > magnum > scatter > rapid > ricochet > pierce > split > airshot > kick > leech > light > burst > backblast > banker > landing > bloom > slingshot > redline > breach > shatter > backfire > homecoming > capacitor > reserve-cell > countershot > reprisal > tether > snapback > cinder > crosswind > flashpoint > slipstream > vector > afterburner > retrace > wallrunner > air-brake","https://caleb-guyer.github.io/recoil-foundry/?test=branches&combo=bullet-hell.mass-driver.pinwheel.parallax.drop-forge.rewire.daisy-chain.wrecking-ball.crosscut&v=2.74.0","https://caleb-guyer.github.io/recoil-foundry/?test=branches&combo=bullet-hell.mass-driver.pinwheel.parallax.drop-forge.rewire.daisy-chain.wrecking-ball.crosscut&room=boss&v=2.74.0","https://caleb-guyer.github.io/recoil-foundry/?test=branches&combo=bullet-hell.mass-driver.pinwheel.parallax.drop-forge.rewire.daisy-chain.wrecking-ball.crosscut&mirror=1&v=2.74.0"
"bullet-hell.mass-driver.pinwheel.parallax.drop-forge.rewire.daisy-chain.triphammer.corner-cutter","Bullet hell","Mass Driver","Pinwheel + Parallax + Drop Forge + Rewire + Daisy Chain + Triphammer + Corner Cutter","Orbit","52","Crossfire > Mass Driver > Pinwheel > Afterimage > Parallax > Drop Forge > Fold > Rewire > Arc Coil > Daisy Chain > Ramjet > Triphammer > Grindshot > Corner Cutter > Recall > Orbit > Heavy hitter > Scattershot > Hair trigger > Bank shot > Punch through > Splinter > Airshot > Kickback > Bloodwork > Light frame > Burst fire > Backblast > Banker > Landing shot > Death bloom > Slingshot > Redline > Breach > Shatter > Backfire > Homecoming > Capacitor > Reserve cell > Countershot > Reprisal > Tether rounds > Snapback > Cinder rounds > Crosswind > Flashpoint > Slipstream > Vector rounds > Afterburner > Retrace > Wallrunner > Air Brake","crossfire > mass-driver > pinwheel > afterimage > parallax > drop-forge > fold > rewire > arc-coil > daisy-chain > ramjet > triphammer > grindshot > corner-cutter > recall > orbit > magnum > scatter > rapid > ricochet > pierce > split > airshot > kick > leech > light > burst > backblast > banker > landing > bloom > slingshot > redline > breach > shatter > backfire > homecoming > capacitor > reserve-cell > countershot > reprisal > tether > snapback > cinder > crosswind > flashpoint > slipstream > vector > afterburner > retrace > wallrunner > air-brake","https://caleb-guyer.github.io/recoil-foundry/?test=branches&combo=bullet-hell.mass-driver.pinwheel.parallax.drop-forge.rewire.daisy-chain.triphammer.corner-cutter&v=2.74.0","https://caleb-guyer.github.io/recoil-foundry/?test=branches&combo=bullet-hell.mass-driver.pinwheel.parallax.drop-forge.rewire.daisy-chain.triphammer.corner-cutter&room=boss&v=2.74.0","https://caleb-guyer.github.io/recoil-foundry/?test=branches&combo=bullet-hell.mass-driver.pinwheel.parallax.drop-forge.rewire.daisy-chain.triphammer.corner-cutter&mirror=1&v=2.74.0"
"bullet-hell.mass-driver.pinwheel.parallax.drop-forge.rewire.daisy-chain.triphammer.crosscut","Bullet hell","Mass Driver","Pinwheel + Parallax + Drop Forge + Rewire + Daisy Chain + Triphammer + Crosscut","Orbit","52","Crossfire > Mass Driver > Pinwheel > Afterimage > Parallax > Drop Forge > Fold > Rewire > Arc Coil > Daisy Chain > Ramjet > Triphammer > Grindshot > Crosscut > Recall > Orbit > Heavy hitter > Scattershot > Hair trigger > Bank shot > Punch through > Splinter > Airshot > Kickback > Bloodwork > Light frame > Burst fire > Backblast > Banker > Landing shot > Death bloom > Slingshot > Redline > Breach > Shatter > Backfire > Homecoming > Capacitor > Reserve cell > Countershot > Reprisal > Tether rounds > Snapback > Cinder rounds > Crosswind > Flashpoint > Slipstream > Vector rounds > Afterburner > Retrace > Wallrunner > Air Brake","crossfire > mass-driver > pinwheel > afterimage > parallax > drop-forge > fold > rewire > arc-coil > daisy-chain > ramjet > triphammer > grindshot > crosscut > recall > orbit > magnum > scatter > rapid > ricochet > pierce > split > airshot > kick > leech > light > burst > backblast > banker > landing > bloom > slingshot > redline > breach > shatter > backfire > homecoming > capacitor > reserve-cell > countershot > reprisal > tether > snapback > cinder > crosswind > flashpoint > slipstream > vector > afterburner > retrace > wallrunner > air-brake","https://caleb-guyer.github.io/recoil-foundry/?test=branches&combo=bullet-hell.mass-driver.pinwheel.parallax.drop-forge.rewire.daisy-chain.triphammer.crosscut&v=2.74.0","https://caleb-guyer.github.io/recoil-foundry/?test=branches&combo=bullet-hell.mass-driver.pinwheel.parallax.drop-forge.rewire.daisy-chain.triphammer.crosscut&room=boss&v=2.74.0","https://caleb-guyer.github.io/recoil-foundry/?test=branches&combo=bullet-hell.mass-driver.pinwheel.parallax.drop-forge.rewire.daisy-chain.triphammer.crosscut&mirror=1&v=2.74.0"
"bullet-hell.mass-driver.pinwheel.parallax.drop-forge.rewire.short-circuit.wrecking-ball.corner-cutter","Bullet hell","Mass Driver","Pinwheel + Parallax + Drop Forge + Rewire + Short Circuit + Wrecking Ball + Corner Cutter","Orbit","52","Crossfire > Mass Driver > Pinwheel > Afterimage > Parallax > Drop Forge > Fold > Rewire > Arc Coil > Short Circuit > Ramjet > Wrecking Ball > Grindshot > Corner Cutter > Recall > Orbit > Heavy hitter > Scattershot > Hair trigger > Bank shot > Punch through > Splinter > Airshot > Kickback > Bloodwork > Light frame > Burst fire > Backblast > Banker > Landing shot > Death bloom > Slingshot > Redline > Breach > Shatter > Backfire > Homecoming > Capacitor > Reserve cell > Countershot > Reprisal > Tether rounds > Snapback > Cinder rounds > Crosswind > Flashpoint > Slipstream > Vector rounds > Afterburner > Retrace > Wallrunner > Air Brake","crossfire > mass-driver > pinwheel > afterimage > parallax > drop-forge > fold > rewire > arc-coil > short-circuit > ramjet > wrecking-ball > grindshot > corner-cutter > recall > orbit > magnum > scatter > rapid > ricochet > pierce > split > airshot > kick > leech > light > burst > backblast > banker > landing > bloom > slingshot > redline > breach > shatter > backfire > homecoming > capacitor > reserve-cell > countershot > reprisal > tether > snapback > cinder > crosswind > flashpoint > slipstream > vector > afterburner > retrace > wallrunner > air-brake","https://caleb-guyer.github.io/recoil-foundry/?test=branches&combo=bullet-hell.mass-driver.pinwheel.parallax.drop-forge.rewire.short-circuit.wrecking-ball.corner-cutter&v=2.74.0","https://caleb-guyer.github.io/recoil-foundry/?test=branches&combo=bullet-hell.mass-driver.pinwheel.parallax.drop-forge.rewire.short-circuit.wrecking-ball.corner-cutter&room=boss&v=2.74.0","https://caleb-guyer.github.io/recoil-foundry/?test=branches&combo=bullet-hell.mass-driver.pinwheel.parallax.drop-forge.rewire.short-circuit.wrecking-ball.corner-cutter&mirror=1&v=2.74.0"
"bullet-hell.mass-driver.pinwheel.parallax.drop-forge.rewire.short-circuit.wrecking-ball.crosscut","Bullet hell","Mass Driver","Pinwheel + Parallax + Drop Forge + Rewire + Short Circuit + Wrecking Ball + Crosscut","Orbit","52","Crossfire > Mass Driver > Pinwheel > Afterimage > Parallax > Drop Forge > Fold > Rewire > Arc Coil > Short Circuit > Ramjet > Wrecking Ball > Grindshot > Crosscut > Recall > Orbit > Heavy hitter > Scattershot > Hair trigger > Bank shot > Punch through > Splinter > Airshot > Kickback > Bloodwork > Light frame > Burst fire > Backblast > Banker > Landing shot > Death bloom > Slingshot > Redline > Breach > Shatter > Backfire > Homecoming > Capacitor > Reserve cell > Countershot > Reprisal > Tether rounds > Snapback > Cinder rounds > Crosswind > Flashpoint > Slipstream > Vector rounds > Afterburner > Retrace > Wallrunner > Air Brake","crossfire > mass-driver > pinwheel > afterimage > parallax > drop-forge > fold > rewire > arc-coil > short-circuit > ramjet > wrecking-ball > grindshot > crosscut > recall > orbit > magnum > scatter > rapid > ricochet > pierce > split > airshot > kick > leech > light > burst > backblast > banker > landing > bloom > slingshot > redline > breach > shatter > backfire > homecoming > capacitor > reserve-cell > countershot > reprisal > tether > snapback > cinder > crosswind > flashpoint > slipstream > vector > afterburner > retrace > wallrunner > air-brake","https://caleb-guyer.github.io/recoil-foundry/?test=branches&combo=bullet-hell.mass-driver.pinwheel.parallax.drop-forge.rewire.short-circuit.wrecking-ball.crosscut&v=2.74.0","https://caleb-guyer.github.io/recoil-foundry/?test=branches&combo=bullet-hell.mass-driver.pinwheel.parallax.drop-forge.rewire.short-circuit.wrecking-ball.crosscut&room=boss&v=2.74.0","https://caleb-guyer.github.io/recoil-foundry/?test=branches&combo=bullet-hell.mass-driver.pinwheel.parallax.drop-forge.rewire.short-circuit.wrecking-ball.crosscut&mirror=1&v=2.74.0"
"bullet-hell.mass-driver.pinwheel.parallax.drop-forge.rewire.short-circuit.triphammer.corner-cutter","Bullet hell","Mass Driver","Pinwheel + Parallax + Drop Forge + Rewire + Short Circuit + Triphammer + Corner Cutter","Orbit","52","Crossfire > Mass Driver > Pinwheel > Afterimage > Parallax > Drop Forge > Fold > Rewire > Arc Coil > Short Circuit > Ramjet > Triphammer > Grindshot > Corner Cutter > Recall > Orbit > Heavy hitter > Scattershot > Hair trigger > Bank shot > Punch through > Splinter > Airshot > Kickback > Bloodwork > Light frame > Burst fire > Backblast > Banker > Landing shot > Death bloom > Slingshot > Redline > Breach > Shatter > Backfire > Homecoming > Capacitor > Reserve cell > Countershot > Reprisal > Tether rounds > Snapback > Cinder rounds > Crosswind > Flashpoint > Slipstream > Vector rounds > Afterburner > Retrace > Wallrunner > Air Brake","crossfire > mass-driver > pinwheel > afterimage > parallax > drop-forge > fold > rewire > arc-coil > short-circuit > ramjet > triphammer > grindshot > corner-cutter > recall > orbit > magnum > scatter > rapid > ricochet > pierce > split > airshot > kick > leech > light > burst > backblast > banker > landing > bloom > slingshot > redline > breach > shatter > backfire > homecoming > capacitor > reserve-cell > countershot > reprisal > tether > snapback > cinder > crosswind > flashpoint > slipstream > vector > afterburner > retrace > wallrunner > air-brake","https://caleb-guyer.github.io/recoil-foundry/?test=branches&combo=bullet-hell.mass-driver.pinwheel.parallax.drop-forge.rewire.short-circuit.triphammer.corner-cutter&v=2.74.0","https://caleb-guyer.github.io/recoil-foundry/?test=branches&combo=bullet-hell.mass-driver.pinwheel.parallax.drop-forge.rewire.short-circuit.triphammer.corner-cutter&room=boss&v=2.74.0","https://caleb-guyer.github.io/recoil-foundry/?test=branches&combo=bullet-hell.mass-driver.pinwheel.parallax.drop-forge.rewire.short-circuit.triphammer.corner-cutter&mirror=1&v=2.74.0"
"bullet-hell.mass-driver.pinwheel.parallax.drop-forge.rewire.short-circuit.triphammer.crosscut","Bullet hell","Mass Driver","Pinwheel + Parallax + Drop Forge + Rewire + Short Circuit + Triphammer + Crosscut","Orbit","52","Crossfire > Mass Driver > Pinwheel > Afterimage > Parallax > Drop Forge > Fold > Rewire > Arc Coil > Short Circuit > Ramjet > Triphammer > Grindshot > Crosscut > Recall > Orbit > Heavy hitter > Scattershot > Hair trigger > Bank shot > Punch through > Splinter > Airshot > Kickback > Bloodwork > Light frame > Burst fire > Backblast > Banker > Landing shot > Death bloom > Slingshot > Redline > Breach > Shatter > Backfire > Homecoming > Capacitor > Reserve cell > Countershot > Reprisal > Tether rounds > Snapback > Cinder rounds > Crosswind > Flashpoint > Slipstream > Vector rounds > Afterburner > Retrace > Wallrunner > Air Brake","crossfire > mass-driver > pinwheel > afterimage > parallax > drop-forge > fold > rewire > arc-coil > short-circuit > ramjet > triphammer > grindshot > crosscut > recall > orbit > magnum > scatter > rapid > ricochet > pierce > split > airshot > kick > leech > light > burst > backblast > banker > landing > bloom > slingshot > redline > breach > shatter > backfire > homecoming > capacitor > reserve-cell > countershot > reprisal > tether > snapback > cinder > crosswind > flashpoint > slipstream > vector > afterburner > retrace > wallrunner > air-brake","https://caleb-guyer.github.io/recoil-foundry/?test=branches&combo=bullet-hell.mass-driver.pinwheel.parallax.drop-forge.rewire.short-circuit.triphammer.crosscut&v=2.74.0","https://caleb-guyer.github.io/recoil-foundry/?test=branches&combo=bullet-hell.mass-driver.pinwheel.parallax.drop-forge.rewire.short-circuit.triphammer.crosscut&room=boss&v=2.74.0","https://caleb-guyer.github.io/recoil-foundry/?test=branches&combo=bullet-hell.mass-driver.pinwheel.parallax.drop-forge.rewire.short-circuit.triphammer.crosscut&mirror=1&v=2.74.0"
"bullet-hell.mass-driver.pinwheel.parallax.drop-forge.relay-gate.daisy-chain.wrecking-ball.corner-cutter","Bullet hell","Mass Driver","Pinwheel + Parallax + Drop Forge + Relay Gate + Daisy Chain + Wrecking Ball + Corner Cutter","Orbit","52","Crossfire > Mass Driver > Pinwheel > Afterimage > Parallax > Drop Forge > Fold > Relay Gate > Arc Coil > Daisy Chain > Ramjet > Wrecking Ball > Grindshot > Corner Cutter > Recall > Orbit > Heavy hitter > Scattershot > Hair trigger > Bank shot > Punch through > Splinter > Airshot > Kickback > Bloodwork > Light frame > Burst fire > Backblast > Banker > Landing shot > Death bloom > Slingshot > Redline > Breach > Shatter > Backfire > Homecoming > Capacitor > Reserve cell > Countershot > Reprisal > Tether rounds > Snapback > Cinder rounds > Crosswind > Flashpoint > Slipstream > Vector rounds > Afterburner > Retrace > Wallrunner > Air Brake","crossfire > mass-driver > pinwheel > afterimage > parallax > drop-forge > fold > relay-gate > arc-coil > daisy-chain > ramjet > wrecking-ball > grindshot > corner-cutter > recall > orbit > magnum > scatter > rapid > ricochet > pierce > split > airshot > kick > leech > light > burst > backblast > banker > landing > bloom > slingshot > redline > breach > shatter > backfire > homecoming > capacitor > reserve-cell > countershot > reprisal > tether > snapback > cinder > crosswind > flashpoint > slipstream > vector > afterburner > retrace > wallrunner > air-brake","https://caleb-guyer.github.io/recoil-foundry/?test=branches&combo=bullet-hell.mass-driver.pinwheel.parallax.drop-forge.relay-gate.daisy-chain.wrecking-ball.corner-cutter&v=2.74.0","https://caleb-guyer.github.io/recoil-foundry/?test=branches&combo=bullet-hell.mass-driver.pinwheel.parallax.drop-forge.relay-gate.daisy-chain.wrecking-ball.corner-cutter&room=boss&v=2.74.0","https://caleb-guyer.github.io/recoil-foundry/?test=branches&combo=bullet-hell.mass-driver.pinwheel.parallax.drop-forge.relay-gate.daisy-chain.wrecking-ball.corner-cutter&mirror=1&v=2.74.0"
"bullet-hell.mass-driver.pinwheel.parallax.drop-forge.relay-gate.daisy-chain.wrecking-ball.crosscut","Bullet hell","Mass Driver","Pinwheel + Parallax + Drop Forge + Relay Gate + Daisy Chain + Wrecking Ball + Crosscut","Orbit","52","Crossfire > Mass Driver > Pinwheel > Afterimage > Parallax > Drop Forge > Fold > Relay Gate > Arc Coil > Daisy Chain > Ramjet > Wrecking Ball > Grindshot > Crosscut > Recall > Orbit > Heavy hitter > Scattershot > Hair trigger > Bank shot > Punch through > Splinter > Airshot > Kickback > Bloodwork > Light frame > Burst fire > Backblast > Banker > Landing shot > Death bloom > Slingshot > Redline > Breach > Shatter > Backfire > Homecoming > Capacitor > Reserve cell > Countershot > Reprisal > Tether rounds > Snapback > Cinder rounds > Crosswind > Flashpoint > Slipstream > Vector rounds > Afterburner > Retrace > Wallrunner > Air Brake","crossfire > mass-driver > pinwheel > afterimage > parallax > drop-forge > fold > relay-gate > arc-coil > daisy-chain > ramjet > wrecking-ball > grindshot > crosscut > recall > orbit > magnum > scatter > rapid > ricochet > pierce > split > airshot > kick > leech > light > burst > backblast > banker > landing > bloom > slingshot > redline > breach > shatter > backfire > homecoming > capacitor > reserve-cell > countershot > reprisal > tether > snapback > cinder > crosswind > flashpoint > slipstream > vector > afterburner > retrace > wallrunner > air-brake","https://caleb-guyer.github.io/recoil-foundry/?test=branches&combo=bullet-hell.mass-driver.pinwheel.parallax.drop-forge.relay-gate.daisy-chain.wrecking-ball.crosscut&v=2.74.0","https://caleb-guyer.github.io/recoil-foundry/?test=branches&combo=bullet-hell.mass-driver.pinwheel.parallax.drop-forge.relay-gate.daisy-chain.wrecking-ball.crosscut&room=boss&v=2.74.0","https://caleb-guyer.github.io/recoil-foundry/?test=branches&combo=bullet-hell.mass-driver.pinwheel.parallax.drop-forge.relay-gate.daisy-chain.wrecking-ball.crosscut&mirror=1&v=2.74.0"
"bullet-hell.mass-driver.pinwheel.parallax.drop-forge.relay-gate.daisy-chain.triphammer.corner-cutter","Bullet hell","Mass Driver","Pinwheel + Parallax + Drop Forge + Relay Gate + Daisy Chain + Triphammer + Corner Cutter","Orbit","52","Crossfire > Mass Driver > Pinwheel > Afterimage > Parallax > Drop Forge > Fold > Relay Gate > Arc Coil > Daisy Chain > Ramjet > Triphammer > Grindshot > Corner Cutter > Recall > Orbit > Heavy hitter > Scattershot > Hair trigger > Bank shot > Punch through > Splinter > Airshot > Kickback > Bloodwork > Light frame > Burst fire > Backblast > Banker > Landing shot > Death bloom > Slingshot > Redline > Breach > Shatter > Backfire > Homecoming > Capacitor > Reserve cell > Countershot > Reprisal > Tether rounds > Snapback > Cinder rounds > Crosswind > Flashpoint > Slipstream > Vector rounds > Afterburner > Retrace > Wallrunner > Air Brake","crossfire > mass-driver > pinwheel > afterimage > parallax > drop-forge > fold > relay-gate > arc-coil > daisy-chain > ramjet > triphammer > grindshot > corner-cutter > recall > orbit > magnum > scatter > rapid > ricochet > pierce > split > airshot > kick > leech > light > burst > backblast > banker > landing > bloom > slingshot > redline > breach > shatter > backfire > homecoming > capacitor > reserve-cell > countershot > reprisal > tether > snapback > cinder > crosswind > flashpoint > slipstream > vector > afterburner > retrace > wallrunner > air-brake","https://caleb-guyer.github.io/recoil-foundry/?test=branches&combo=bullet-hell.mass-driver.pinwheel.parallax.drop-forge.relay-gate.daisy-chain.triphammer.corner-cutter&v=2.74.0","https://caleb-guyer.github.io/recoil-foundry/?test=branches&combo=bullet-hell.mass-driver.pinwheel.parallax.drop-forge.relay-gate.daisy-chain.triphammer.corner-cutter&room=boss&v=2.74.0","https://caleb-guyer.github.io/recoil-foundry/?test=branches&combo=bullet-hell.mass-driver.pinwheel.parallax.drop-forge.relay-gate.daisy-chain.triphammer.corner-cutter&mirror=1&v=2.74.0"
"bullet-hell.mass-driver.pinwheel.parallax.drop-forge.relay-gate.daisy-chain.triphammer.crosscut","Bullet hell","Mass Driver","Pinwheel + Parallax + Drop Forge + Relay Gate + Daisy Chain + Triphammer + Crosscut","Orbit","52","Crossfire > Mass Driver > Pinwheel > Afterimage > Parallax > Drop Forge > Fold > Relay Gate > Arc Coil > Daisy Chain > Ramjet > Triphammer > Grindshot > Crosscut > Recall > Orbit > Heavy hitter > Scattershot > Hair trigger > Bank shot > Punch through > Splinter > Airshot > Kickback > Bloodwork > Light frame > Burst fire > Backblast > Banker > Landing shot > Death bloom > Slingshot > Redline > Breach > Shatter > Backfire > Homecoming > Capacitor > Reserve cell > Countershot > Reprisal > Tether rounds > Snapback > Cinder rounds > Crosswind > Flashpoint > Slipstream > Vector rounds > Afterburner > Retrace > Wallrunner > Air Brake","crossfire > mass-driver > pinwheel > afterimage > parallax > drop-forge > fold > relay-gate > arc-coil > daisy-chain > ramjet > triphammer > grindshot > crosscut > recall > orbit > magnum > scatter > rapid > ricochet > pierce > split > airshot > kick > leech > light > burst > backblast > banker > landing > bloom > slingshot > redline > breach > shatter > backfire > homecoming > capacitor > reserve-cell > countershot > reprisal > tether > snapback > cinder > crosswind > flashpoint > slipstream > vector > afterburner > retrace > wallrunner > air-brake","https://caleb-guyer.github.io/recoil-foundry/?test=branches&combo=bullet-hell.mass-driver.pinwheel.parallax.drop-forge.relay-gate.daisy-chain.triphammer.crosscut&v=2.74.0","https://caleb-guyer.github.io/recoil-foundry/?test=branches&combo=bullet-hell.mass-driver.pinwheel.parallax.drop-forge.relay-gate.daisy-chain.triphammer.crosscut&room=boss&v=2.74.0","https://caleb-guyer.github.io/recoil-foundry/?test=branches&combo=bullet-hell.mass-driver.pinwheel.parallax.drop-forge.relay-gate.daisy-chain.triphammer.crosscut&mirror=1&v=2.74.0"
"bullet-hell.mass-driver.pinwheel.parallax.drop-forge.relay-gate.short-circuit.wrecking-ball.corner-cutter","Bullet hell","Mass Driver","Pinwheel + Parallax + Drop Forge + Relay Gate + Short Circuit + Wrecking Ball + Corner Cutter","Orbit","52","Crossfire > Mass Driver > Pinwheel > Afterimage > Parallax > Drop Forge > Fold > Relay Gate > Arc Coil > Short Circuit > Ramjet > Wrecking Ball > Grindshot > Corner Cutter > Recall > Orbit > Heavy hitter > Scattershot > Hair trigger > Bank shot > Punch through > Splinter > Airshot > Kickback > Bloodwork > Light frame > Burst fire > Backblast > Banker > Landing shot > Death bloom > Slingshot > Redline > Breach > Shatter > Backfire > Homecoming > Capacitor > Reserve cell > Countershot > Reprisal > Tether rounds > Snapback > Cinder rounds > Crosswind > Flashpoint > Slipstream > Vector rounds > Afterburner > Retrace > Wallrunner > Air Brake","crossfire > mass-driver > pinwheel > afterimage > parallax > drop-forge > fold > relay-gate > arc-coil > short-circuit > ramjet > wrecking-ball > grindshot > corner-cutter > recall > orbit > magnum > scatter > rapid > ricochet > pierce > split > airshot > kick > leech > light > burst > backblast > banker > landing > bloom > slingshot > redline > breach > shatter > backfire > homecoming > capacitor > reserve-cell > countershot > reprisal > tether > snapback > cinder > crosswind > flashpoint > slipstream > vector > afterburner > retrace > wallrunner > air-brake","https://caleb-guyer.github.io/recoil-foundry/?test=branches&combo=bullet-hell.mass-driver.pinwheel.parallax.drop-forge.relay-gate.short-circuit.wrecking-ball.corner-cutter&v=2.74.0","https://caleb-guyer.github.io/recoil-foundry/?test=branches&combo=bullet-hell.mass-driver.pinwheel.parallax.drop-forge.relay-gate.short-circuit.wrecking-ball.corner-cutter&room=boss&v=2.74.0","https://caleb-guyer.github.io/recoil-foundry/?test=branches&combo=bullet-hell.mass-driver.pinwheel.parallax.drop-forge.relay-gate.short-circuit.wrecking-ball.corner-cutter&mirror=1&v=2.74.0"
"bullet-hell.mass-driver.pinwheel.parallax.drop-forge.relay-gate.short-circuit.wrecking-ball.crosscut","Bullet hell","Mass Driver","Pinwheel + Parallax + Drop Forge + Relay Gate + Short Circuit + Wrecking Ball + Crosscut","Orbit","52","Crossfire > Mass Driver > Pinwheel > Afterimage > Parallax > Drop Forge > Fold > Relay Gate > Arc Coil > Short Circuit > Ramjet > Wrecking Ball > Grindshot > Crosscut > Recall > Orbit > Heavy hitter > Scattershot > Hair trigger > Bank shot > Punch through > Splinter > Airshot > Kickback > Bloodwork > Light frame > Burst fire > Backblast > Banker > Landing shot > Death bloom > Slingshot > Redline > Breach > Shatter > Backfire > Homecoming > Capacitor > Reserve cell > Countershot > Reprisal > Tether rounds > Snapback > Cinder rounds > Crosswind > Flashpoint > Slipstream > Vector rounds > Afterburner > Retrace > Wallrunner > Air Brake","crossfire > mass-driver > pinwheel > afterimage > parallax > drop-forge > fold > relay-gate > arc-coil > short-circuit > ramjet > wrecking-ball > grindshot > crosscut > recall > orbit > magnum > scatter > rapid > ricochet > pierce > split > airshot > kick > leech > light > burst > backblast > banker > landing > bloom > slingshot > redline > breach > shatter > backfire > homecoming > capacitor > reserve-cell > countershot > reprisal > tether > snapback > cinder > crosswind > flashpoint > slipstream > vector > afterburner > retrace > wallrunner > air-brake","https://caleb-guyer.github.io/recoil-foundry/?test=branches&combo=bullet-hell.mass-driver.pinwheel.parallax.drop-forge.relay-gate.short-circuit.wrecking-ball.crosscut&v=2.74.0","https://caleb-guyer.github.io/recoil-foundry/?test=branches&combo=bullet-hell.mass-driver.pinwheel.parallax.drop-forge.relay-gate.short-circuit.wrecking-ball.crosscut&room=boss&v=2.74.0","https://caleb-guyer.github.io/recoil-foundry/?test=branches&combo=bullet-hell.mass-driver.pinwheel.parallax.drop-forge.relay-gate.short-circuit.wrecking-ball.crosscut&mirror=1&v=2.74.0"
"bullet-hell.mass-driver.pinwheel.parallax.drop-forge.relay-gate.short-circuit.triphammer.corner-cutter","Bullet hell","Mass Driver","Pinwheel + Parallax + Drop Forge + Relay Gate + Short Circuit + Triphammer + Corner Cutter","Orbit","52","Crossfire > Mass Driver > Pinwheel > Afterimage > Parallax > Drop Forge > Fold > Relay Gate > Arc Coil > Short Circuit > Ramjet > Triphammer > Grindshot > Corner Cutter > Recall > Orbit > Heavy hitter > Scattershot > Hair trigger > Bank shot > Punch through > Splinter > Airshot > Kickback > Bloodwork > Light frame > Burst fire > Backblast > Banker > Landing shot > Death bloom > Slingshot > Redline > Breach > Shatter > Backfire > Homecoming > Capacitor > Reserve cell > Countershot > Reprisal > Tether rounds > Snapback > Cinder rounds > Crosswind > Flashpoint > Slipstream > Vector rounds > Afterburner > Retrace > Wallrunner > Air Brake","crossfire > mass-driver > pinwheel > afterimage > parallax > drop-forge > fold > relay-gate > arc-coil > short-circuit > ramjet > triphammer > grindshot > corner-cutter > recall > orbit > magnum > scatter > rapid > ricochet > pierce > split > airshot > kick > leech > light > burst > backblast > banker > landing > bloom > slingshot > redline > breach > shatter > backfire > homecoming > capacitor > reserve-cell > countershot > reprisal > tether > snapback > cinder > crosswind > flashpoint > slipstream > vector > afterburner > retrace > wallrunner > air-brake","https://caleb-guyer.github.io/recoil-foundry/?test=branches&combo=bullet-hell.mass-driver.pinwheel.parallax.drop-forge.relay-gate.short-circuit.triphammer.corner-cutter&v=2.74.0","https://caleb-guyer.github.io/recoil-foundry/?test=branches&combo=bullet-hell.mass-driver.pinwheel.parallax.drop-forge.relay-gate.short-circuit.triphammer.corner-cutter&room=boss&v=2.74.0","https://caleb-guyer.github.io/recoil-foundry/?test=branches&combo=bullet-hell.mass-driver.pinwheel.parallax.drop-forge.relay-gate.short-circuit.triphammer.corner-cutter&mirror=1&v=2.74.0"
"bullet-hell.mass-driver.pinwheel.parallax.drop-forge.relay-gate.short-circuit.triphammer.crosscut","Bullet hell","Mass Driver","Pinwheel + Parallax + Drop Forge + Relay Gate + Short Circuit + Triphammer + Crosscut","Orbit","52","Crossfire > Mass Driver > Pinwheel > Afterimage > Parallax > Drop Forge > Fold > Relay Gate > Arc Coil > Short Circuit > Ramjet > Triphammer > Grindshot > Crosscut > Recall > Orbit > Heavy hitter > Scattershot > Hair trigger > Bank shot > Punch through > Splinter > Airshot > Kickback > Bloodwork > Light frame > Burst fire > Backblast > Banker > Landing shot > Death bloom > Slingshot > Redline > Breach > Shatter > Backfire > Homecoming > Capacitor > Reserve cell > Countershot > Reprisal > Tether rounds > Snapback > Cinder rounds > Crosswind > Flashpoint > Slipstream > Vector rounds > Afterburner > Retrace > Wallrunner > Air Brake","crossfire > mass-driver > pinwheel > afterimage > parallax > drop-forge > fold > relay-gate > arc-coil > short-circuit > ramjet > triphammer > grindshot > crosscut > recall > orbit > magnum > scatter > rapid > ricochet > pierce > split > airshot > kick > leech > light > burst > backblast > banker > landing > bloom > slingshot > redline > breach > shatter > backfire > homecoming > capacitor > reserve-cell > countershot > reprisal > tether > snapback > cinder > crosswind > flashpoint > slipstream > vector > afterburner > retrace > wallrunner > air-brake","https://caleb-guyer.github.io/recoil-foundry/?test=branches&combo=bullet-hell.mass-driver.pinwheel.parallax.drop-forge.relay-gate.short-circuit.triphammer.crosscut&v=2.74.0","https://caleb-guyer.github.io/recoil-foundry/?test=branches&combo=bullet-hell.mass-driver.pinwheel.parallax.drop-forge.relay-gate.short-circuit.triphammer.crosscut&room=boss&v=2.74.0","https://caleb-guyer.github.io/recoil-foundry/?test=branches&combo=bullet-hell.mass-driver.pinwheel.parallax.drop-forge.relay-gate.short-circuit.triphammer.crosscut&mirror=1&v=2.74.0"
"bullet-hell.mass-driver.pinwheel.parallax.skid-plate.rewire.daisy-chain.wrecking-ball.corner-cutter","Bullet hell","Mass Driver","Pinwheel + Parallax + Skid Plate + Rewire + Daisy Chain + Wrecking Ball + Corner Cutter","Orbit","52","Crossfire > Mass Driver > Pinwheel > Afterimage > Parallax > Skid Plate > Fold > Rewire > Arc Coil > Daisy Chain > Ramjet > Wrecking Ball > Grindshot > Corner Cutter > Recall > Orbit > Heavy hitter > Scattershot > Hair trigger > Bank shot > Punch through > Splinter > Airshot > Kickback > Bloodwork > Light frame > Burst fire > Backblast > Banker > Landing shot > Death bloom > Slingshot > Redline > Breach > Shatter > Backfire > Homecoming > Capacitor > Reserve cell > Countershot > Reprisal > Tether rounds > Snapback > Cinder rounds > Crosswind > Flashpoint > Slipstream > Vector rounds > Afterburner > Retrace > Wallrunner > Air Brake","crossfire > mass-driver > pinwheel > afterimage > parallax > skid-plate > fold > rewire > arc-coil > daisy-chain > ramjet > wrecking-ball > grindshot > corner-cutter > recall > orbit > magnum > scatter > rapid > ricochet > pierce > split > airshot > kick > leech > light > burst > backblast > banker > landing > bloom > slingshot > redline > breach > shatter > backfire > homecoming > capacitor > reserve-cell > countershot > reprisal > tether > snapback > cinder > crosswind > flashpoint > slipstream > vector > afterburner > retrace > wallrunner > air-brake","https://caleb-guyer.github.io/recoil-foundry/?test=branches&combo=bullet-hell.mass-driver.pinwheel.parallax.skid-plate.rewire.daisy-chain.wrecking-ball.corner-cutter&v=2.74.0","https://caleb-guyer.github.io/recoil-foundry/?test=branches&combo=bullet-hell.mass-driver.pinwheel.parallax.skid-plate.rewire.daisy-chain.wrecking-ball.corner-cutter&room=boss&v=2.74.0","https://caleb-guyer.github.io/recoil-foundry/?test=branches&combo=bullet-hell.mass-driver.pinwheel.parallax.skid-plate.rewire.daisy-chain.wrecking-ball.corner-cutter&mirror=1&v=2.74.0"
"bullet-hell.mass-driver.pinwheel.parallax.skid-plate.rewire.daisy-chain.wrecking-ball.crosscut","Bullet hell","Mass Driver","Pinwheel + Parallax + Skid Plate + Rewire + Daisy Chain + Wrecking Ball + Crosscut","Orbit","52","Crossfire > Mass Driver > Pinwheel > Afterimage > Parallax > Skid Plate > Fold > Rewire > Arc Coil > Daisy Chain > Ramjet > Wrecking Ball > Grindshot > Crosscut > Recall > Orbit > Heavy hitter > Scattershot > Hair trigger > Bank shot > Punch through > Splinter > Airshot > Kickback > Bloodwork > Light frame > Burst fire > Backblast > Banker > Landing shot > Death bloom > Slingshot > Redline > Breach > Shatter > Backfire > Homecoming > Capacitor > Reserve cell > Countershot > Reprisal > Tether rounds > Snapback > Cinder rounds > Crosswind > Flashpoint > Slipstream > Vector rounds > Afterburner > Retrace > Wallrunner > Air Brake","crossfire > mass-driver > pinwheel > afterimage > parallax > skid-plate > fold > rewire > arc-coil > daisy-chain > ramjet > wrecking-ball > grindshot > crosscut > recall > orbit > magnum > scatter > rapid > ricochet > pierce > split > airshot > kick > leech > light > burst > backblast > banker > landing > bloom > slingshot > redline > breach > shatter > backfire > homecoming > capacitor > reserve-cell > countershot > reprisal > tether > snapback > cinder > crosswind > flashpoint > slipstream > vector > afterburner > retrace > wallrunner > air-brake","https://caleb-guyer.github.io/recoil-foundry/?test=branches&combo=bullet-hell.mass-driver.pinwheel.parallax.skid-plate.rewire.daisy-chain.wrecking-ball.crosscut&v=2.74.0","https://caleb-guyer.github.io/recoil-foundry/?test=branches&combo=bullet-hell.mass-driver.pinwheel.parallax.skid-plate.rewire.daisy-chain.wrecking-ball.crosscut&room=boss&v=2.74.0","https://caleb-guyer.github.io/recoil-foundry/?test=branches&combo=bullet-hell.mass-driver.pinwheel.parallax.skid-plate.rewire.daisy-chain.wrecking-ball.crosscut&mirror=1&v=2.74.0"
"bullet-hell.mass-driver.pinwheel.parallax.skid-plate.rewire.daisy-chain.wrecking-ball.crosscut.flywheel","Bullet hell","Mass Driver","Pinwheel + Parallax + Skid Plate + Rewire + Daisy Chain + Wrecking Ball + Crosscut","Flywheel","52","Crossfire > Mass Driver > Pinwheel > Afterimage > Parallax > Skid Plate > Fold > Rewire > Arc Coil > Daisy Chain > Ramjet > Wrecking Ball > Grindshot > Crosscut > Flywheel > Heavy hitter > Scattershot > Hair trigger > Bank shot > Punch through > Splinter > Airshot > Kickback > Bloodwork > Light frame > Burst fire > Backblast > Banker > Landing shot > Death bloom > Slingshot > Redline > Breach > Shatter > Backfire > Recall > Homecoming > Capacitor > Reserve cell > Countershot > Reprisal > Tether rounds > Snapback > Cinder rounds > Crosswind > Flashpoint > Slipstream > Vector rounds > Afterburner > Retrace > Wallrunner > Air Brake","crossfire > mass-driver > pinwheel > afterimage > parallax > skid-plate > fold > rewire > arc-coil > daisy-chain > ramjet > wrecking-ball > grindshot > crosscut > flywheel > magnum > scatter > rapid > ricochet > pierce > split > airshot > kick > leech > light > burst > backblast > banker > landing > bloom > slingshot > redline > breach > shatter > backfire > recall > homecoming > capacitor > reserve-cell > countershot > reprisal > tether > snapback > cinder > crosswind > flashpoint > slipstream > vector > afterburner > retrace > wallrunner > air-brake","https://caleb-guyer.github.io/recoil-foundry/?test=branches&combo=bullet-hell.mass-driver.pinwheel.parallax.skid-plate.rewire.daisy-chain.wrecking-ball.crosscut.flywheel&v=2.74.0","https://caleb-guyer.github.io/recoil-foundry/?test=branches&combo=bullet-hell.mass-driver.pinwheel.parallax.skid-plate.rewire.daisy-chain.wrecking-ball.crosscut.flywheel&room=boss&v=2.74.0","https://caleb-guyer.github.io/recoil-foundry/?test=branches&combo=bullet-hell.mass-driver.pinwheel.parallax.skid-plate.rewire.daisy-chain.wrecking-ball.crosscut.flywheel&mirror=1&v=2.74.0"
"bullet-hell.mass-driver.pinwheel.parallax.skid-plate.rewire.daisy-chain.triphammer.corner-cutter","Bullet hell","Mass Driver","Pinwheel + Parallax + Skid Plate + Rewire + Daisy Chain + Triphammer + Corner Cutter","Orbit","52","Crossfire > Mass Driver > Pinwheel > Afterimage > Parallax > Skid Plate > Fold > Rewire > Arc Coil > Daisy Chain > Ramjet > Triphammer > Grindshot > Corner Cutter > Recall > Orbit > Heavy hitter > Scattershot > Hair trigger > Bank shot > Punch through > Splinter > Airshot > Kickback > Bloodwork > Light frame > Burst fire > Backblast > Banker > Landing shot > Death bloom > Slingshot > Redline > Breach > Shatter > Backfire > Homecoming > Capacitor > Reserve cell > Countershot > Reprisal > Tether rounds > Snapback > Cinder rounds > Crosswind > Flashpoint > Slipstream > Vector rounds > Afterburner > Retrace > Wallrunner > Air Brake","crossfire > mass-driver > pinwheel > afterimage > parallax > skid-plate > fold > rewire > arc-coil > daisy-chain > ramjet > triphammer > grindshot > corner-cutter > recall > orbit > magnum > scatter > rapid > ricochet > pierce > split > airshot > kick > leech > light > burst > backblast > banker > landing > bloom > slingshot > redline > breach > shatter > backfire > homecoming > capacitor > reserve-cell > countershot > reprisal > tether > snapback > cinder > crosswind > flashpoint > slipstream > vector > afterburner > retrace > wallrunner > air-brake","https://caleb-guyer.github.io/recoil-foundry/?test=branches&combo=bullet-hell.mass-driver.pinwheel.parallax.skid-plate.rewire.daisy-chain.triphammer.corner-cutter&v=2.74.0","https://caleb-guyer.github.io/recoil-foundry/?test=branches&combo=bullet-hell.mass-driver.pinwheel.parallax.skid-plate.rewire.daisy-chain.triphammer.corner-cutter&room=boss&v=2.74.0","https://caleb-guyer.github.io/recoil-foundry/?test=branches&combo=bullet-hell.mass-driver.pinwheel.parallax.skid-plate.rewire.daisy-chain.triphammer.corner-cutter&mirror=1&v=2.74.0"
"bullet-hell.mass-driver.pinwheel.parallax.skid-plate.rewire.daisy-chain.triphammer.crosscut","Bullet hell","Mass Driver","Pinwheel + Parallax + Skid Plate + Rewire + Daisy Chain + Triphammer + Crosscut","Orbit","52","Crossfire > Mass Driver > Pinwheel > Afterimage > Parallax > Skid Plate > Fold > Rewire > Arc Coil > Daisy Chain > Ramjet > Triphammer > Grindshot > Crosscut > Recall > Orbit > Heavy hitter > Scattershot > Hair trigger > Bank shot > Punch through > Splinter > Airshot > Kickback > Bloodwork > Light frame > Burst fire > Backblast > Banker > Landing shot > Death bloom > Slingshot > Redline > Breach > Shatter > Backfire > Homecoming > Capacitor > Reserve cell > Countershot > Reprisal > Tether rounds > Snapback > Cinder rounds > Crosswind > Flashpoint > Slipstream > Vector rounds > Afterburner > Retrace > Wallrunner > Air Brake","crossfire > mass-driver > pinwheel > afterimage > parallax > skid-plate > fold > rewire > arc-coil > daisy-chain > ramjet > triphammer > grindshot > crosscut > recall > orbit > magnum > scatter > rapid > ricochet > pierce > split > airshot > kick > leech > light > burst > backblast > banker > landing > bloom > slingshot > redline > breach > shatter > backfire > homecoming > capacitor > reserve-cell > countershot > reprisal > tether > snapback > cinder > crosswind > flashpoint > slipstream > vector > afterburner > retrace > wallrunner > air-brake","https://caleb-guyer.github.io/recoil-foundry/?test=branches&combo=bullet-hell.mass-driver.pinwheel.parallax.skid-plate.rewire.daisy-chain.triphammer.crosscut&v=2.74.0","https://caleb-guyer.github.io/recoil-foundry/?test=branches&combo=bullet-hell.mass-driver.pinwheel.parallax.skid-plate.rewire.daisy-chain.triphammer.crosscut&room=boss&v=2.74.0","https://caleb-guyer.github.io/recoil-foundry/?test=branches&combo=bullet-hell.mass-driver.pinwheel.parallax.skid-plate.rewire.daisy-chain.triphammer.crosscut&mirror=1&v=2.74.0"
"bullet-hell.mass-driver.pinwheel.parallax.skid-plate.rewire.daisy-chain.triphammer.crosscut.flywheel","Bullet hell","Mass Driver","Pinwheel + Parallax + Skid Plate + Rewire + Daisy Chain + Triphammer + Crosscut","Flywheel","52","Crossfire > Mass Driver > Pinwheel > Afterimage > Parallax > Skid Plate > Fold > Rewire > Arc Coil > Daisy Chain > Ramjet > Triphammer > Grindshot > Crosscut > Flywheel > Heavy hitter > Scattershot > Hair trigger > Bank shot > Punch through > Splinter > Airshot > Kickback > Bloodwork > Light frame > Burst fire > Backblast > Banker > Landing shot > Death bloom > Slingshot > Redline > Breach > Shatter > Backfire > Recall > Homecoming > Capacitor > Reserve cell > Countershot > Reprisal > Tether rounds > Snapback > Cinder rounds > Crosswind > Flashpoint > Slipstream > Vector rounds > Afterburner > Retrace > Wallrunner > Air Brake","crossfire > mass-driver > pinwheel > afterimage > parallax > skid-plate > fold > rewire > arc-coil > daisy-chain > ramjet > triphammer > grindshot > crosscut > flywheel > magnum > scatter > rapid > ricochet > pierce > split > airshot > kick > leech > light > burst > backblast > banker > landing > bloom > slingshot > redline > breach > shatter > backfire > recall > homecoming > capacitor > reserve-cell > countershot > reprisal > tether > snapback > cinder > crosswind > flashpoint > slipstream > vector > afterburner > retrace > wallrunner > air-brake","https://caleb-guyer.github.io/recoil-foundry/?test=branches&combo=bullet-hell.mass-driver.pinwheel.parallax.skid-plate.rewire.daisy-chain.triphammer.crosscut.flywheel&v=2.74.0","https://caleb-guyer.github.io/recoil-foundry/?test=branches&combo=bullet-hell.mass-driver.pinwheel.parallax.skid-plate.rewire.daisy-chain.triphammer.crosscut.flywheel&room=boss&v=2.74.0","https://caleb-guyer.github.io/recoil-foundry/?test=branches&combo=bullet-hell.mass-driver.pinwheel.parallax.skid-plate.rewire.daisy-chain.triphammer.crosscut.flywheel&mirror=1&v=2.74.0"
"bullet-hell.mass-driver.pinwheel.parallax.skid-plate.rewire.short-circuit.wrecking-ball.corner-cutter","Bullet hell","Mass Driver","Pinwheel + Parallax + Skid Plate + Rewire + Short Circuit + Wrecking Ball + Corner Cutter","Orbit","52","Crossfire > Mass Driver > Pinwheel > Afterimage > Parallax > Skid Plate > Fold > Rewire > Arc Coil > Short Circuit > Ramjet > Wrecking Ball > Grindshot > Corner Cutter > Recall > Orbit > Heavy hitter > Scattershot > Hair trigger > Bank shot > Punch through > Splinter > Airshot > Kickback > Bloodwork > Light frame > Burst fire > Backblast > Banker > Landing shot > Death bloom > Slingshot > Redline > Breach > Shatter > Backfire > Homecoming > Capacitor > Reserve cell > Countershot > Reprisal > Tether rounds > Snapback > Cinder rounds > Crosswind > Flashpoint > Slipstream > Vector rounds > Afterburner > Retrace > Wallrunner > Air Brake","crossfire > mass-driver > pinwheel > afterimage > parallax > skid-plate > fold > rewire > arc-coil > short-circuit > ramjet > wrecking-ball > grindshot > corner-cutter > recall > orbit > magnum > scatter > rapid > ricochet > pierce > split > airshot > kick > leech > light > burst > backblast > banker > landing > bloom > slingshot > redline > breach > shatter > backfire > homecoming > capacitor > reserve-cell > countershot > reprisal > tether > snapback > cinder > crosswind > flashpoint > slipstream > vector > afterburner > retrace > wallrunner > air-brake","https://caleb-guyer.github.io/recoil-foundry/?test=branches&combo=bullet-hell.mass-driver.pinwheel.parallax.skid-plate.rewire.short-circuit.wrecking-ball.corner-cutter&v=2.74.0","https://caleb-guyer.github.io/recoil-foundry/?test=branches&combo=bullet-hell.mass-driver.pinwheel.parallax.skid-plate.rewire.short-circuit.wrecking-ball.corner-cutter&room=boss&v=2.74.0","https://caleb-guyer.github.io/recoil-foundry/?test=branches&combo=bullet-hell.mass-driver.pinwheel.parallax.skid-plate.rewire.short-circuit.wrecking-ball.corner-cutter&mirror=1&v=2.74.0"
"bullet-hell.mass-driver.pinwheel.parallax.skid-plate.rewire.short-circuit.wrecking-ball.crosscut","Bullet hell","Mass Driver","Pinwheel + Parallax + Skid Plate + Rewire + Short Circuit + Wrecking Ball + Crosscut","Orbit","52","Crossfire > Mass Driver > Pinwheel > Afterimage > Parallax > Skid Plate > Fold > Rewire > Arc Coil > Short Circuit > Ramjet > Wrecking Ball > Grindshot > Crosscut > Recall > Orbit > Heavy hitter > Scattershot > Hair trigger > Bank shot > Punch through > Splinter > Airshot > Kickback > Bloodwork > Light frame > Burst fire > Backblast > Banker > Landing shot > Death bloom > Slingshot > Redline > Breach > Shatter > Backfire > Homecoming > Capacitor > Reserve cell > Countershot > Reprisal > Tether rounds > Snapback > Cinder rounds > Crosswind > Flashpoint > Slipstream > Vector rounds > Afterburner > Retrace > Wallrunner > Air Brake","crossfire > mass-driver > pinwheel > afterimage > parallax > skid-plate > fold > rewire > arc-coil > short-circuit > ramjet > wrecking-ball > grindshot > crosscut > recall > orbit > magnum > scatter > rapid > ricochet > pierce > split > airshot > kick > leech > light > burst > backblast > banker > landing > bloom > slingshot > redline > breach > shatter > backfire > homecoming > capacitor > reserve-cell > countershot > reprisal > tether > snapback > cinder > crosswind > flashpoint > slipstream > vector > afterburner > retrace > wallrunner > air-brake","https://caleb-guyer.github.io/recoil-foundry/?test=branches&combo=bullet-hell.mass-driver.pinwheel.parallax.skid-plate.rewire.short-circuit.wrecking-ball.crosscut&v=2.74.0","https://caleb-guyer.github.io/recoil-foundry/?test=branches&combo=bullet-hell.mass-driver.pinwheel.parallax.skid-plate.rewire.short-circuit.wrecking-ball.crosscut&room=boss&v=2.74.0","https://caleb-guyer.github.io/recoil-foundry/?test=branches&combo=bullet-hell.mass-driver.pinwheel.parallax.skid-plate.rewire.short-circuit.wrecking-ball.crosscut&mirror=1&v=2.74.0"
"bullet-hell.mass-driver.pinwheel.parallax.skid-plate.rewire.short-circuit.wrecking-ball.crosscut.flywheel","Bullet hell","Mass Driver","Pinwheel + Parallax + Skid Plate + Rewire + Short Circuit + Wrecking Ball + Crosscut","Flywheel","52","Crossfire > Mass Driver > Pinwheel > Afterimage > Parallax > Skid Plate > Fold > Rewire > Arc Coil > Short Circuit > Ramjet > Wrecking Ball > Grindshot > Crosscut > Flywheel > Heavy hitter > Scattershot > Hair trigger > Bank shot > Punch through > Splinter > Airshot > Kickback > Bloodwork > Light frame > Burst fire > Backblast > Banker > Landing shot > Death bloom > Slingshot > Redline > Breach > Shatter > Backfire > Recall > Homecoming > Capacitor > Reserve cell > Countershot > Reprisal > Tether rounds > Snapback > Cinder rounds > Crosswind > Flashpoint > Slipstream > Vector rounds > Afterburner > Retrace > Wallrunner > Air Brake","crossfire > mass-driver > pinwheel > afterimage > parallax > skid-plate > fold > rewire > arc-coil > short-circuit > ramjet > wrecking-ball > grindshot > crosscut > flywheel > magnum > scatter > rapid > ricochet > pierce > split > airshot > kick > leech > light > burst > backblast > banker > landing > bloom > slingshot > redline > breach > shatter > backfire > recall > homecoming > capacitor > reserve-cell > countershot > reprisal > tether > snapback > cinder > crosswind > flashpoint > slipstream > vector > afterburner > retrace > wallrunner > air-brake","https://caleb-guyer.github.io/recoil-foundry/?test=branches&combo=bullet-hell.mass-driver.pinwheel.parallax.skid-plate.rewire.short-circuit.wrecking-ball.crosscut.flywheel&v=2.74.0","https://caleb-guyer.github.io/recoil-foundry/?test=branches&combo=bullet-hell.mass-driver.pinwheel.parallax.skid-plate.rewire.short-circuit.wrecking-ball.crosscut.flywheel&room=boss&v=2.74.0","https://caleb-guyer.github.io/recoil-foundry/?test=branches&combo=bullet-hell.mass-driver.pinwheel.parallax.skid-plate.rewire.short-circuit.wrecking-ball.crosscut.flywheel&mirror=1&v=2.74.0"
"bullet-hell.mass-driver.pinwheel.parallax.skid-plate.rewire.short-circuit.triphammer.corner-cutter","Bullet hell","Mass Driver","Pinwheel + Parallax + Skid Plate + Rewire + Short Circuit + Triphammer + Corner Cutter","Orbit","52","Crossfire > Mass Driver > Pinwheel > Afterimage > Parallax > Skid Plate > Fold > Rewire > Arc Coil > Short Circuit > Ramjet > Triphammer > Grindshot > Corner Cutter > Recall > Orbit > Heavy hitter > Scattershot > Hair trigger > Bank shot > Punch through > Splinter > Airshot > Kickback > Bloodwork > Light frame > Burst fire > Backblast > Banker > Landing shot > Death bloom > Slingshot > Redline > Breach > Shatter > Backfire > Homecoming > Capacitor > Reserve cell > Countershot > Reprisal > Tether rounds > Snapback > Cinder rounds > Crosswind > Flashpoint > Slipstream > Vector rounds > Afterburner > Retrace > Wallrunner > Air Brake","crossfire > mass-driver > pinwheel > afterimage > parallax > skid-plate > fold > rewire > arc-coil > short-circuit > ramjet > triphammer > grindshot > corner-cutter > recall > orbit > magnum > scatter > rapid > ricochet > pierce > split > airshot > kick > leech > light > burst > backblast > banker > landing > bloom > slingshot > redline > breach > shatter > backfire > homecoming > capacitor > reserve-cell > countershot > reprisal > tether > snapback > cinder > crosswind > flashpoint > slipstream > vector > afterburner > retrace > wallrunner > air-brake","https://caleb-guyer.github.io/recoil-foundry/?test=branches&combo=bullet-hell.mass-driver.pinwheel.parallax.skid-plate.rewire.short-circuit.triphammer.corner-cutter&v=2.74.0","https://caleb-guyer.github.io/recoil-foundry/?test=branches&combo=bullet-hell.mass-driver.pinwheel.parallax.skid-plate.rewire.short-circuit.triphammer.corner-cutter&room=boss&v=2.74.0","https://caleb-guyer.github.io/recoil-foundry/?test=branches&combo=bullet-hell.mass-driver.pinwheel.parallax.skid-plate.rewire.short-circuit.triphammer.corner-cutter&mirror=1&v=2.74.0"
"bullet-hell.mass-driver.pinwheel.parallax.skid-plate.rewire.short-circuit.triphammer.crosscut","Bullet hell","Mass Driver","Pinwheel + Parallax + Skid Plate + Rewire + Short Circuit + Triphammer + Crosscut","Orbit","52","Crossfire > Mass Driver > Pinwheel > Afterimage > Parallax > Skid Plate > Fold > Rewire > Arc Coil > Short Circuit > Ramjet > Triphammer > Grindshot > Crosscut > Recall > Orbit > Heavy hitter > Scattershot > Hair trigger > Bank shot > Punch through > Splinter > Airshot > Kickback > Bloodwork > Light frame > Burst fire > Backblast > Banker > Landing shot > Death bloom > Slingshot > Redline > Breach > Shatter > Backfire > Homecoming > Capacitor > Reserve cell > Countershot > Reprisal > Tether rounds > Snapback > Cinder rounds > Crosswind > Flashpoint > Slipstream > Vector rounds > Afterburner > Retrace > Wallrunner > Air Brake","crossfire > mass-driver > pinwheel > afterimage > parallax > skid-plate > fold > rewire > arc-coil > short-circuit > ramjet > triphammer > grindshot > crosscut > recall > orbit > magnum > scatter > rapid > ricochet > pierce > split > airshot > kick > leech > light > burst > backblast > banker > landing > bloom > slingshot > redline > breach > shatter > backfire > homecoming > capacitor > reserve-cell > countershot > reprisal > tether > snapback > cinder > crosswind > flashpoint > slipstream > vector > afterburner > retrace > wallrunner > air-brake","https://caleb-guyer.github.io/recoil-foundry/?test=branches&combo=bullet-hell.mass-driver.pinwheel.parallax.skid-plate.rewire.short-circuit.triphammer.crosscut&v=2.74.0","https://caleb-guyer.github.io/recoil-foundry/?test=branches&combo=bullet-hell.mass-driver.pinwheel.parallax.skid-plate.rewire.short-circuit.triphammer.crosscut&room=boss&v=2.74.0","https://caleb-guyer.github.io/recoil-foundry/?test=branches&combo=bullet-hell.mass-driver.pinwheel.parallax.skid-plate.rewire.short-circuit.triphammer.crosscut&mirror=1&v=2.74.0"
"bullet-hell.mass-driver.pinwheel.parallax.skid-plate.rewire.short-circuit.triphammer.crosscut.flywheel","Bullet hell","Mass Driver","Pinwheel + Parallax + Skid Plate + Rewire + Short Circuit + Triphammer + Crosscut","Flywheel","52","Crossfire > Mass Driver > Pinwheel > Afterimage > Parallax > Skid Plate > Fold > Rewire > Arc Coil > Short Circuit > Ramjet > Triphammer > Grindshot > Crosscut > Flywheel > Heavy hitter > Scattershot > Hair trigger > Bank shot > Punch through > Splinter > Airshot > Kickback > Bloodwork > Light frame > Burst fire > Backblast > Banker > Landing shot > Death bloom > Slingshot > Redline > Breach > Shatter > Backfire > Recall > Homecoming > Capacitor > Reserve cell > Countershot > Reprisal > Tether rounds > Snapback > Cinder rounds > Crosswind > Flashpoint > Slipstream > Vector rounds > Afterburner > Retrace > Wallrunner > Air Brake","crossfire > mass-driver > pinwheel > afterimage > parallax > skid-plate > fold > rewire > arc-coil > short-circuit > ramjet > triphammer > grindshot > crosscut > flywheel > magnum > scatter > rapid > ricochet > pierce > split > airshot > kick > leech > light > burst > backblast > banker > landing > bloom > slingshot > redline > breach > shatter > backfire > recall > homecoming > capacitor > reserve-cell > countershot > reprisal > tether > snapback > cinder > crosswind > flashpoint > slipstream > vector > afterburner > retrace > wallrunner > air-brake","https://caleb-guyer.github.io/recoil-foundry/?test=branches&combo=bullet-hell.mass-driver.pinwheel.parallax.skid-plate.rewire.short-circuit.triphammer.crosscut.flywheel&v=2.74.0","https://caleb-guyer.github.io/recoil-foundry/?test=branches&combo=bullet-hell.mass-driver.pinwheel.parallax.skid-plate.rewire.short-circuit.triphammer.crosscut.flywheel&room=boss&v=2.74.0","https://caleb-guyer.github.io/recoil-foundry/?test=branches&combo=bullet-hell.mass-driver.pinwheel.parallax.skid-plate.rewire.short-circuit.triphammer.crosscut.flywheel&mirror=1&v=2.74.0"
"bullet-hell.mass-driver.pinwheel.parallax.skid-plate.relay-gate.daisy-chain.wrecking-ball.corner-cutter","Bullet hell","Mass Driver","Pinwheel + Parallax + Skid Plate + Relay Gate + Daisy Chain + Wrecking Ball + Corner Cutter","Orbit","52","Crossfire > Mass Driver > Pinwheel > Afterimage > Parallax > Skid Plate > Fold > Relay Gate > Arc Coil > Daisy Chain > Ramjet > Wrecking Ball > Grindshot > Corner Cutter > Recall > Orbit > Heavy hitter > Scattershot > Hair trigger > Bank shot > Punch through > Splinter > Airshot > Kickback > Bloodwork > Light frame > Burst fire > Backblast > Banker > Landing shot > Death bloom > Slingshot > Redline > Breach > Shatter > Backfire > Homecoming > Capacitor > Reserve cell > Countershot > Reprisal > Tether rounds > Snapback > Cinder rounds > Crosswind > Flashpoint > Slipstream > Vector rounds > Afterburner > Retrace > Wallrunner > Air Brake","crossfire > mass-driver > pinwheel > afterimage > parallax > skid-plate > fold > relay-gate > arc-coil > daisy-chain > ramjet > wrecking-ball > grindshot > corner-cutter > recall > orbit > magnum > scatter > rapid > ricochet > pierce > split > airshot > kick > leech > light > burst > backblast > banker > landing > bloom > slingshot > redline > breach > shatter > backfire > homecoming > capacitor > reserve-cell > countershot > reprisal > tether > snapback > cinder > crosswind > flashpoint > slipstream > vector > afterburner > retrace > wallrunner > air-brake","https://caleb-guyer.github.io/recoil-foundry/?test=branches&combo=bullet-hell.mass-driver.pinwheel.parallax.skid-plate.relay-gate.daisy-chain.wrecking-ball.corner-cutter&v=2.74.0","https://caleb-guyer.github.io/recoil-foundry/?test=branches&combo=bullet-hell.mass-driver.pinwheel.parallax.skid-plate.relay-gate.daisy-chain.wrecking-ball.corner-cutter&room=boss&v=2.74.0","https://caleb-guyer.github.io/recoil-foundry/?test=branches&combo=bullet-hell.mass-driver.pinwheel.parallax.skid-plate.relay-gate.daisy-chain.wrecking-ball.corner-cutter&mirror=1&v=2.74.0"
"bullet-hell.mass-driver.pinwheel.parallax.skid-plate.relay-gate.daisy-chain.wrecking-ball.crosscut","Bullet hell","Mass Driver","Pinwheel + Parallax + Skid Plate + Relay Gate + Daisy Chain + Wrecking Ball + Crosscut","Orbit","52","Crossfire > Mass Driver > Pinwheel > Afterimage > Parallax > Skid Plate > Fold > Relay Gate > Arc Coil > Daisy Chain > Ramjet > Wrecking Ball > Grindshot > Crosscut > Recall > Orbit > Heavy hitter > Scattershot > Hair trigger > Bank shot > Punch through > Splinter > Airshot > Kickback > Bloodwork > Light frame > Burst fire > Backblast > Banker > Landing shot > Death bloom > Slingshot > Redline > Breach > Shatter > Backfire > Homecoming > Capacitor > Reserve cell > Countershot > Reprisal > Tether rounds > Snapback > Cinder rounds > Crosswind > Flashpoint > Slipstream > Vector rounds > Afterburner > Retrace > Wallrunner > Air Brake","crossfire > mass-driver > pinwheel > afterimage > parallax > skid-plate > fold > relay-gate > arc-coil > daisy-chain > ramjet > wrecking-ball > grindshot > crosscut > recall > orbit > magnum > scatter > rapid > ricochet > pierce > split > airshot > kick > leech > light > burst > backblast > banker > landing > bloom > slingshot > redline > breach > shatter > backfire > homecoming > capacitor > reserve-cell > countershot > reprisal > tether > snapback > cinder > crosswind > flashpoint > slipstream > vector > afterburner > retrace > wallrunner > air-brake","https://caleb-guyer.github.io/recoil-foundry/?test=branches&combo=bullet-hell.mass-driver.pinwheel.parallax.skid-plate.relay-gate.daisy-chain.wrecking-ball.crosscut&v=2.74.0","https://caleb-guyer.github.io/recoil-foundry/?test=branches&combo=bullet-hell.mass-driver.pinwheel.parallax.skid-plate.relay-gate.daisy-chain.wrecking-ball.crosscut&room=boss&v=2.74.0","https://caleb-guyer.github.io/recoil-foundry/?test=branches&combo=bullet-hell.mass-driver.pinwheel.parallax.skid-plate.relay-gate.daisy-chain.wrecking-ball.crosscut&mirror=1&v=2.74.0"
"bullet-hell.mass-driver.pinwheel.parallax.skid-plate.relay-gate.daisy-chain.wrecking-ball.crosscut.flywheel","Bullet hell","Mass Driver","Pinwheel + Parallax + Skid Plate + Relay Gate + Daisy Chain + Wrecking Ball + Crosscut","Flywheel","52","Crossfire > Mass Driver > Pinwheel > Afterimage > Parallax > Skid Plate > Fold > Relay Gate > Arc Coil > Daisy Chain > Ramjet > Wrecking Ball > Grindshot > Crosscut > Flywheel > Heavy hitter > Scattershot > Hair trigger > Bank shot > Punch through > Splinter > Airshot > Kickback > Bloodwork > Light frame > Burst fire > Backblast > Banker > Landing shot > Death bloom > Slingshot > Redline > Breach > Shatter > Backfire > Recall > Homecoming > Capacitor > Reserve cell > Countershot > Reprisal > Tether rounds > Snapback > Cinder rounds > Crosswind > Flashpoint > Slipstream > Vector rounds > Afterburner > Retrace > Wallrunner > Air Brake","crossfire > mass-driver > pinwheel > afterimage > parallax > skid-plate > fold > relay-gate > arc-coil > daisy-chain > ramjet > wrecking-ball > grindshot > crosscut > flywheel > magnum > scatter > rapid > ricochet > pierce > split > airshot > kick > leech > light > burst > backblast > banker > landing > bloom > slingshot > redline > breach > shatter > backfire > recall > homecoming > capacitor > reserve-cell > countershot > reprisal > tether > snapback > cinder > crosswind > flashpoint > slipstream > vector > afterburner > retrace > wallrunner > air-brake","https://caleb-guyer.github.io/recoil-foundry/?test=branches&combo=bullet-hell.mass-driver.pinwheel.parallax.skid-plate.relay-gate.daisy-chain.wrecking-ball.crosscut.flywheel&v=2.74.0","https://caleb-guyer.github.io/recoil-foundry/?test=branches&combo=bullet-hell.mass-driver.pinwheel.parallax.skid-plate.relay-gate.daisy-chain.wrecking-ball.crosscut.flywheel&room=boss&v=2.74.0","https://caleb-guyer.github.io/recoil-foundry/?test=branches&combo=bullet-hell.mass-driver.pinwheel.parallax.skid-plate.relay-gate.daisy-chain.wrecking-ball.crosscut.flywheel&mirror=1&v=2.74.0"
"bullet-hell.mass-driver.pinwheel.parallax.skid-plate.relay-gate.daisy-chain.triphammer.corner-cutter","Bullet hell","Mass Driver","Pinwheel + Parallax + Skid Plate + Relay Gate + Daisy Chain + Triphammer + Corner Cutter","Orbit","52","Crossfire > Mass Driver > Pinwheel > Afterimage > Parallax > Skid Plate > Fold > Relay Gate > Arc Coil > Daisy Chain > Ramjet > Triphammer > Grindshot > Corner Cutter > Recall > Orbit > Heavy hitter > Scattershot > Hair trigger > Bank shot > Punch through > Splinter > Airshot > Kickback > Bloodwork > Light frame > Burst fire > Backblast > Banker > Landing shot > Death bloom > Slingshot > Redline > Breach > Shatter > Backfire > Homecoming > Capacitor > Reserve cell > Countershot > Reprisal > Tether rounds > Snapback > Cinder rounds > Crosswind > Flashpoint > Slipstream > Vector rounds > Afterburner > Retrace > Wallrunner > Air Brake","crossfire > mass-driver > pinwheel > afterimage > parallax > skid-plate > fold > relay-gate > arc-coil > daisy-chain > ramjet > triphammer > grindshot > corner-cutter > recall > orbit > magnum > scatter > rapid > ricochet > pierce > split > airshot > kick > leech > light > burst > backblast > banker > landing > bloom > slingshot > redline > breach > shatter > backfire > homecoming > capacitor > reserve-cell > countershot > reprisal > tether > snapback > cinder > crosswind > flashpoint > slipstream > vector > afterburner > retrace > wallrunner > air-brake","https://caleb-guyer.github.io/recoil-foundry/?test=branches&combo=bullet-hell.mass-driver.pinwheel.parallax.skid-plate.relay-gate.daisy-chain.triphammer.corner-cutter&v=2.74.0","https://caleb-guyer.github.io/recoil-foundry/?test=branches&combo=bullet-hell.mass-driver.pinwheel.parallax.skid-plate.relay-gate.daisy-chain.triphammer.corner-cutter&room=boss&v=2.74.0","https://caleb-guyer.github.io/recoil-foundry/?test=branches&combo=bullet-hell.mass-driver.pinwheel.parallax.skid-plate.relay-gate.daisy-chain.triphammer.corner-cutter&mirror=1&v=2.74.0"
"bullet-hell.mass-driver.pinwheel.parallax.skid-plate.relay-gate.daisy-chain.triphammer.crosscut","Bullet hell","Mass Driver","Pinwheel + Parallax + Skid Plate + Relay Gate + Daisy Chain + Triphammer + Crosscut","Orbit","52","Crossfire > Mass Driver > Pinwheel > Afterimage > Parallax > Skid Plate > Fold > Relay Gate > Arc Coil > Daisy Chain > Ramjet > Triphammer > Grindshot > Crosscut > Recall > Orbit > Heavy hitter > Scattershot > Hair trigger > Bank shot > Punch through > Splinter > Airshot > Kickback > Bloodwork > Light frame > Burst fire > Backblast > Banker > Landing shot > Death bloom > Slingshot > Redline > Breach > Shatter > Backfire > Homecoming > Capacitor > Reserve cell > Countershot > Reprisal > Tether rounds > Snapback > Cinder rounds > Crosswind > Flashpoint > Slipstream > Vector rounds > Afterburner > Retrace > Wallrunner > Air Brake","crossfire > mass-driver > pinwheel > afterimage > parallax > skid-plate > fold > relay-gate > arc-coil > daisy-chain > ramjet > triphammer > grindshot > crosscut > recall > orbit > magnum > scatter > rapid > ricochet > pierce > split > airshot > kick > leech > light > burst > backblast > banker > landing > bloom > slingshot > redline > breach > shatter > backfire > homecoming > capacitor > reserve-cell > countershot > reprisal > tether > snapback > cinder > crosswind > flashpoint > slipstream > vector > afterburner > retrace > wallrunner > air-brake","https://caleb-guyer.github.io/recoil-foundry/?test=branches&combo=bullet-hell.mass-driver.pinwheel.parallax.skid-plate.relay-gate.daisy-chain.triphammer.crosscut&v=2.74.0","https://caleb-guyer.github.io/recoil-foundry/?test=branches&combo=bullet-hell.mass-driver.pinwheel.parallax.skid-plate.relay-gate.daisy-chain.triphammer.crosscut&room=boss&v=2.74.0","https://caleb-guyer.github.io/recoil-foundry/?test=branches&combo=bullet-hell.mass-driver.pinwheel.parallax.skid-plate.relay-gate.daisy-chain.triphammer.crosscut&mirror=1&v=2.74.0"
"bullet-hell.mass-driver.pinwheel.parallax.skid-plate.relay-gate.daisy-chain.triphammer.crosscut.flywheel","Bullet hell","Mass Driver","Pinwheel + Parallax + Skid Plate + Relay Gate + Daisy Chain + Triphammer + Crosscut","Flywheel","52","Crossfire > Mass Driver > Pinwheel > Afterimage > Parallax > Skid Plate > Fold > Relay Gate > Arc Coil > Daisy Chain > Ramjet > Triphammer > Grindshot > Crosscut > Flywheel > Heavy hitter > Scattershot > Hair trigger > Bank shot > Punch through > Splinter > Airshot > Kickback > Bloodwork > Light frame > Burst fire > Backblast > Banker > Landing shot > Death bloom > Slingshot > Redline > Breach > Shatter > Backfire > Recall > Homecoming > Capacitor > Reserve cell > Countershot > Reprisal > Tether rounds > Snapback > Cinder rounds > Crosswind > Flashpoint > Slipstream > Vector rounds > Afterburner > Retrace > Wallrunner > Air Brake","crossfire > mass-driver > pinwheel > afterimage > parallax > skid-plate > fold > relay-gate > arc-coil > daisy-chain > ramjet > triphammer > grindshot > crosscut > flywheel > magnum > scatter > rapid > ricochet > pierce > split > airshot > kick > leech > light > burst > backblast > banker > landing > bloom > slingshot > redline > breach > shatter > backfire > recall > homecoming > capacitor > reserve-cell > countershot > reprisal > tether > snapback > cinder > crosswind > flashpoint > slipstream > vector > afterburner > retrace > wallrunner > air-brake","https://caleb-guyer.github.io/recoil-foundry/?test=branches&combo=bullet-hell.mass-driver.pinwheel.parallax.skid-plate.relay-gate.daisy-chain.triphammer.crosscut.flywheel&v=2.74.0","https://caleb-guyer.github.io/recoil-foundry/?test=branches&combo=bullet-hell.mass-driver.pinwheel.parallax.skid-plate.relay-gate.daisy-chain.triphammer.crosscut.flywheel&room=boss&v=2.74.0","https://caleb-guyer.github.io/recoil-foundry/?test=branches&combo=bullet-hell.mass-driver.pinwheel.parallax.skid-plate.relay-gate.daisy-chain.triphammer.crosscut.flywheel&mirror=1&v=2.74.0"
"bullet-hell.mass-driver.pinwheel.parallax.skid-plate.relay-gate.short-circuit.wrecking-ball.corner-cutter","Bullet hell","Mass Driver","Pinwheel + Parallax + Skid Plate + Relay Gate + Short Circuit + Wrecking Ball + Corner Cutter","Orbit","52","Crossfire > Mass Driver > Pinwheel > Afterimage > Parallax > Skid Plate > Fold > Relay Gate > Arc Coil > Short Circuit > Ramjet > Wrecking Ball > Grindshot > Corner Cutter > Recall > Orbit > Heavy hitter > Scattershot > Hair trigger > Bank shot > Punch through > Splinter > Airshot > Kickback > Bloodwork > Light frame > Burst fire > Backblast > Banker > Landing shot > Death bloom > Slingshot > Redline > Breach > Shatter > Backfire > Homecoming > Capacitor > Reserve cell > Countershot > Reprisal > Tether rounds > Snapback > Cinder rounds > Crosswind > Flashpoint > Slipstream > Vector rounds > Afterburner > Retrace > Wallrunner > Air Brake","crossfire > mass-driver > pinwheel > afterimage > parallax > skid-plate > fold > relay-gate > arc-coil > short-circuit > ramjet > wrecking-ball > grindshot > corner-cutter > recall > orbit > magnum > scatter > rapid > ricochet > pierce > split > airshot > kick > leech > light > burst > backblast > banker > landing > bloom > slingshot > redline > breach > shatter > backfire > homecoming > capacitor > reserve-cell > countershot > reprisal > tether > snapback > cinder > crosswind > flashpoint > slipstream > vector > afterburner > retrace > wallrunner > air-brake","https://caleb-guyer.github.io/recoil-foundry/?test=branches&combo=bullet-hell.mass-driver.pinwheel.parallax.skid-plate.relay-gate.short-circuit.wrecking-ball.corner-cutter&v=2.74.0","https://caleb-guyer.github.io/recoil-foundry/?test=branches&combo=bullet-hell.mass-driver.pinwheel.parallax.skid-plate.relay-gate.short-circuit.wrecking-ball.corner-cutter&room=boss&v=2.74.0","https://caleb-guyer.github.io/recoil-foundry/?test=branches&combo=bullet-hell.mass-driver.pinwheel.parallax.skid-plate.relay-gate.short-circuit.wrecking-ball.corner-cutter&mirror=1&v=2.74.0"
"bullet-hell.mass-driver.pinwheel.parallax.skid-plate.relay-gate.short-circuit.wrecking-ball.crosscut","Bullet hell","Mass Driver","Pinwheel + Parallax + Skid Plate + Relay Gate + Short Circuit + Wrecking Ball + Crosscut","Orbit","52","Crossfire > Mass Driver > Pinwheel > Afterimage > Parallax > Skid Plate > Fold > Relay Gate > Arc Coil > Short Circuit > Ramjet > Wrecking Ball > Grindshot > Crosscut > Recall > Orbit > Heavy hitter > Scattershot > Hair trigger > Bank shot > Punch through > Splinter > Airshot > Kickback > Bloodwork > Light frame > Burst fire > Backblast > Banker > Landing shot > Death bloom > Slingshot > Redline > Breach > Shatter > Backfire > Homecoming > Capacitor > Reserve cell > Countershot > Reprisal > Tether rounds > Snapback > Cinder rounds > Crosswind > Flashpoint > Slipstream > Vector rounds > Afterburner > Retrace > Wallrunner > Air Brake","crossfire > mass-driver > pinwheel > afterimage > parallax > skid-plate > fold > relay-gate > arc-coil > short-circuit > ramjet > wrecking-ball > grindshot > crosscut > recall > orbit > magnum > scatter > rapid > ricochet > pierce > split > airshot > kick > leech > light > burst > backblast > banker > landing > bloom > slingshot > redline > breach > shatter > backfire > homecoming > capacitor > reserve-cell > countershot > reprisal > tether > snapback > cinder > crosswind > flashpoint > slipstream > vector > afterburner > retrace > wallrunner > air-brake","https://caleb-guyer.github.io/recoil-foundry/?test=branches&combo=bullet-hell.mass-driver.pinwheel.parallax.skid-plate.relay-gate.short-circuit.wrecking-ball.crosscut&v=2.74.0","https://caleb-guyer.github.io/recoil-foundry/?test=branches&combo=bullet-hell.mass-driver.pinwheel.parallax.skid-plate.relay-gate.short-circuit.wrecking-ball.crosscut&room=boss&v=2.74.0","https://caleb-guyer.github.io/recoil-foundry/?test=branches&combo=bullet-hell.mass-driver.pinwheel.parallax.skid-plate.relay-gate.short-circuit.wrecking-ball.crosscut&mirror=1&v=2.74.0"
"bullet-hell.mass-driver.pinwheel.parallax.skid-plate.relay-gate.short-circuit.wrecking-ball.crosscut.flywheel","Bullet hell","Mass Driver","Pinwheel + Parallax + Skid Plate + Relay Gate + Short Circuit + Wrecking Ball + Crosscut","Flywheel","52","Crossfire > Mass Driver > Pinwheel > Afterimage > Parallax > Skid Plate > Fold > Relay Gate > Arc Coil > Short Circuit > Ramjet > Wrecking Ball > Grindshot > Crosscut > Flywheel > Heavy hitter > Scattershot > Hair trigger > Bank shot > Punch through > Splinter > Airshot > Kickback > Bloodwork > Light frame > Burst fire > Backblast > Banker > Landing shot > Death bloom > Slingshot > Redline > Breach > Shatter > Backfire > Recall > Homecoming > Capacitor > Reserve cell > Countershot > Reprisal > Tether rounds > Snapback > Cinder rounds > Crosswind > Flashpoint > Slipstream > Vector rounds > Afterburner > Retrace > Wallrunner > Air Brake","crossfire > mass-driver > pinwheel > afterimage > parallax > skid-plate > fold > relay-gate > arc-coil > short-circuit > ramjet > wrecking-ball > grindshot > crosscut > flywheel > magnum > scatter > rapid > ricochet > pierce > split > airshot > kick > leech > light > burst > backblast > banker > landing > bloom > slingshot > redline > breach > shatter > backfire > recall > homecoming > capacitor > reserve-cell > countershot > reprisal > tether > snapback > cinder > crosswind > flashpoint > slipstream > vector > afterburner > retrace > wallrunner > air-brake","https://caleb-guyer.github.io/recoil-foundry/?test=branches&combo=bullet-hell.mass-driver.pinwheel.parallax.skid-plate.relay-gate.short-circuit.wrecking-ball.crosscut.flywheel&v=2.74.0","https://caleb-guyer.github.io/recoil-foundry/?test=branches&combo=bullet-hell.mass-driver.pinwheel.parallax.skid-plate.relay-gate.short-circuit.wrecking-ball.crosscut.flywheel&room=boss&v=2.74.0","https://caleb-guyer.github.io/recoil-foundry/?test=branches&combo=bullet-hell.mass-driver.pinwheel.parallax.skid-plate.relay-gate.short-circuit.wrecking-ball.crosscut.flywheel&mirror=1&v=2.74.0"
"bullet-hell.mass-driver.pinwheel.parallax.skid-plate.relay-gate.short-circuit.triphammer.corner-cutter","Bullet hell","Mass Driver","Pinwheel + Parallax + Skid Plate + Relay Gate + Short Circuit + Triphammer + Corner Cutter","Orbit","52","Crossfire > Mass Driver > Pinwheel > Afterimage > Parallax > Skid Plate > Fold > Relay Gate > Arc Coil > Short Circuit > Ramjet > Triphammer > Grindshot > Corner Cutter > Recall > Orbit > Heavy hitter > Scattershot > Hair trigger > Bank shot > Punch through > Splinter > Airshot > Kickback > Bloodwork > Light frame > Burst fire > Backblast > Banker > Landing shot > Death bloom > Slingshot > Redline > Breach > Shatter > Backfire > Homecoming > Capacitor > Reserve cell > Countershot > Reprisal > Tether rounds > Snapback > Cinder rounds > Crosswind > Flashpoint > Slipstream > Vector rounds > Afterburner > Retrace > Wallrunner > Air Brake","crossfire > mass-driver > pinwheel > afterimage > parallax > skid-plate > fold > relay-gate > arc-coil > short-circuit > ramjet > triphammer > grindshot > corner-cutter > recall > orbit > magnum > scatter > rapid > ricochet > pierce > split > airshot > kick > leech > light > burst > backblast > banker > landing > bloom > slingshot > redline > breach > shatter > backfire > homecoming > capacitor > reserve-cell > countershot > reprisal > tether > snapback > cinder > crosswind > flashpoint > slipstream > vector > afterburner > retrace > wallrunner > air-brake","https://caleb-guyer.github.io/recoil-foundry/?test=branches&combo=bullet-hell.mass-driver.pinwheel.parallax.skid-plate.relay-gate.short-circuit.triphammer.corner-cutter&v=2.74.0","https://caleb-guyer.github.io/recoil-foundry/?test=branches&combo=bullet-hell.mass-driver.pinwheel.parallax.skid-plate.relay-gate.short-circuit.triphammer.corner-cutter&room=boss&v=2.74.0","https://caleb-guyer.github.io/recoil-foundry/?test=branches&combo=bullet-hell.mass-driver.pinwheel.parallax.skid-plate.relay-gate.short-circuit.triphammer.corner-cutter&mirror=1&v=2.74.0"
"bullet-hell.mass-driver.pinwheel.parallax.skid-plate.relay-gate.short-circuit.triphammer.crosscut","Bullet hell","Mass Driver","Pinwheel + Parallax + Skid Plate + Relay Gate + Short Circuit + Triphammer + Crosscut","Orbit","52","Crossfire > Mass Driver > Pinwheel > Afterimage > Parallax > Skid Plate > Fold > Relay Gate > Arc Coil > Short Circuit > Ramjet > Triphammer > Grindshot > Crosscut > Recall > Orbit > Heavy hitter > Scattershot > Hair trigger > Bank shot > Punch through > Splinter > Airshot > Kickback > Bloodwork > Light frame > Burst fire > Backblast > Banker > Landing shot > Death bloom > Slingshot > Redline > Breach > Shatter > Backfire > Homecoming > Capacitor > Reserve cell > Countershot > Reprisal > Tether rounds > Snapback > Cinder rounds > Crosswind > Flashpoint > Slipstream > Vector rounds > Afterburner > Retrace > Wallrunner > Air Brake","crossfire > mass-driver > pinwheel > afterimage > parallax > skid-plate > fold > relay-gate > arc-coil > short-circuit > ramjet > triphammer > grindshot > crosscut > recall > orbit > magnum > scatter > rapid > ricochet > pierce > split > airshot > kick > leech > light > burst > backblast > banker > landing > bloom > slingshot > redline > breach > shatter > backfire > homecoming > capacitor > reserve-cell > countershot > reprisal > tether > snapback > cinder > crosswind > flashpoint > slipstream > vector > afterburner > retrace > wallrunner > air-brake","https://caleb-guyer.github.io/recoil-foundry/?test=branches&combo=bullet-hell.mass-driver.pinwheel.parallax.skid-plate.relay-gate.short-circuit.triphammer.crosscut&v=2.74.0","https://caleb-guyer.github.io/recoil-foundry/?test=branches&combo=bullet-hell.mass-driver.pinwheel.parallax.skid-plate.relay-gate.short-circuit.triphammer.crosscut&room=boss&v=2.74.0","https://caleb-guyer.github.io/recoil-foundry/?test=branches&combo=bullet-hell.mass-driver.pinwheel.parallax.skid-plate.relay-gate.short-circuit.triphammer.crosscut&mirror=1&v=2.74.0"
"bullet-hell.mass-driver.pinwheel.parallax.skid-plate.relay-gate.short-circuit.triphammer.crosscut.flywheel","Bullet hell","Mass Driver","Pinwheel + Parallax + Skid Plate + Relay Gate + Short Circuit + Triphammer + Crosscut","Flywheel","52","Crossfire > Mass Driver > Pinwheel > Afterimage > Parallax > Skid Plate > Fold > Relay Gate > Arc Coil > Short Circuit > Ramjet > Triphammer > Grindshot > Crosscut > Flywheel > Heavy hitter > Scattershot > Hair trigger > Bank shot > Punch through > Splinter > Airshot > Kickback > Bloodwork > Light frame > Burst fire > Backblast > Banker > Landing shot > Death bloom > Slingshot > Redline > Breach > Shatter > Backfire > Recall > Homecoming > Capacitor > Reserve cell > Countershot > Reprisal > Tether rounds > Snapback > Cinder rounds > Crosswind > Flashpoint > Slipstream > Vector rounds > Afterburner > Retrace > Wallrunner > Air Brake","crossfire > mass-driver > pinwheel > afterimage > parallax > skid-plate > fold > relay-gate > arc-coil > short-circuit > ramjet > triphammer > grindshot > crosscut > flywheel > magnum > scatter > rapid > ricochet > pierce > split > airshot > kick > leech > light > burst > backblast > banker > landing > bloom > slingshot > redline > breach > shatter > backfire > recall > homecoming > capacitor > reserve-cell > countershot > reprisal > tether > snapback > cinder > crosswind > flashpoint > slipstream > vector > afterburner > retrace > wallrunner > air-brake","https://caleb-guyer.github.io/recoil-foundry/?test=branches&combo=bullet-hell.mass-driver.pinwheel.parallax.skid-plate.relay-gate.short-circuit.triphammer.crosscut.flywheel&v=2.74.0","https://caleb-guyer.github.io/recoil-foundry/?test=branches&combo=bullet-hell.mass-driver.pinwheel.parallax.skid-plate.relay-gate.short-circuit.triphammer.crosscut.flywheel&room=boss&v=2.74.0","https://caleb-guyer.github.io/recoil-foundry/?test=branches&combo=bullet-hell.mass-driver.pinwheel.parallax.skid-plate.relay-gate.short-circuit.triphammer.crosscut.flywheel&mirror=1&v=2.74.0"
"bullet-hell.mass-driver.pinwheel.follow-through.drop-forge.rewire.daisy-chain.wrecking-ball.corner-cutter","Bullet hell","Mass Driver","Pinwheel + Follow-through + Drop Forge + Rewire + Daisy Chain + Wrecking Ball + Corner Cutter","Orbit","52","Crossfire > Mass Driver > Pinwheel > Afterimage > Follow-through > Drop Forge > Fold > Rewire > Arc Coil > Daisy Chain > Ramjet > Wrecking Ball > Grindshot > Corner Cutter > Recall > Orbit > Heavy hitter > Scattershot > Hair trigger > Bank shot > Punch through > Splinter > Airshot > Kickback > Bloodwork > Light frame > Burst fire > Backblast > Banker > Landing shot > Death bloom > Slingshot > Redline > Breach > Shatter > Backfire > Homecoming > Capacitor > Reserve cell > Countershot > Reprisal > Tether rounds > Snapback > Cinder rounds > Crosswind > Flashpoint > Slipstream > Vector rounds > Afterburner > Retrace > Wallrunner > Air Brake","crossfire > mass-driver > pinwheel > afterimage > follow-through > drop-forge > fold > rewire > arc-coil > daisy-chain > ramjet > wrecking-ball > grindshot > corner-cutter > recall > orbit > magnum > scatter > rapid > ricochet > pierce > split > airshot > kick > leech > light > burst > backblast > banker > landing > bloom > slingshot > redline > breach > shatter > backfire > homecoming > capacitor > reserve-cell > countershot > reprisal > tether > snapback > cinder > crosswind > flashpoint > slipstream > vector > afterburner > retrace > wallrunner > air-brake","https://caleb-guyer.github.io/recoil-foundry/?test=branches&combo=bullet-hell.mass-driver.pinwheel.follow-through.drop-forge.rewire.daisy-chain.wrecking-ball.corner-cutter&v=2.74.0","https://caleb-guyer.github.io/recoil-foundry/?test=branches&combo=bullet-hell.mass-driver.pinwheel.follow-through.drop-forge.rewire.daisy-chain.wrecking-ball.corner-cutter&room=boss&v=2.74.0","https://caleb-guyer.github.io/recoil-foundry/?test=branches&combo=bullet-hell.mass-driver.pinwheel.follow-through.drop-forge.rewire.daisy-chain.wrecking-ball.corner-cutter&mirror=1&v=2.74.0"
"bullet-hell.mass-driver.pinwheel.follow-through.drop-forge.rewire.daisy-chain.wrecking-ball.crosscut","Bullet hell","Mass Driver","Pinwheel + Follow-through + Drop Forge + Rewire + Daisy Chain + Wrecking Ball + Crosscut","Orbit","52","Crossfire > Mass Driver > Pinwheel > Afterimage > Follow-through > Drop Forge > Fold > Rewire > Arc Coil > Daisy Chain > Ramjet > Wrecking Ball > Grindshot > Crosscut > Recall > Orbit > Heavy hitter > Scattershot > Hair trigger > Bank shot > Punch through > Splinter > Airshot > Kickback > Bloodwork > Light frame > Burst fire > Backblast > Banker > Landing shot > Death bloom > Slingshot > Redline > Breach > Shatter > Backfire > Homecoming > Capacitor > Reserve cell > Countershot > Reprisal > Tether rounds > Snapback > Cinder rounds > Crosswind > Flashpoint > Slipstream > Vector rounds > Afterburner > Retrace > Wallrunner > Air Brake","crossfire > mass-driver > pinwheel > afterimage > follow-through > drop-forge > fold > rewire > arc-coil > daisy-chain > ramjet > wrecking-ball > grindshot > crosscut > recall > orbit > magnum > scatter > rapid > ricochet > pierce > split > airshot > kick > leech > light > burst > backblast > banker > landing > bloom > slingshot > redline > breach > shatter > backfire > homecoming > capacitor > reserve-cell > countershot > reprisal > tether > snapback > cinder > crosswind > flashpoint > slipstream > vector > afterburner > retrace > wallrunner > air-brake","https://caleb-guyer.github.io/recoil-foundry/?test=branches&combo=bullet-hell.mass-driver.pinwheel.follow-through.drop-forge.rewire.daisy-chain.wrecking-ball.crosscut&v=2.74.0","https://caleb-guyer.github.io/recoil-foundry/?test=branches&combo=bullet-hell.mass-driver.pinwheel.follow-through.drop-forge.rewire.daisy-chain.wrecking-ball.crosscut&room=boss&v=2.74.0","https://caleb-guyer.github.io/recoil-foundry/?test=branches&combo=bullet-hell.mass-driver.pinwheel.follow-through.drop-forge.rewire.daisy-chain.wrecking-ball.crosscut&mirror=1&v=2.74.0"
"bullet-hell.mass-driver.pinwheel.follow-through.drop-forge.rewire.daisy-chain.triphammer.corner-cutter","Bullet hell","Mass Driver","Pinwheel + Follow-through + Drop Forge + Rewire + Daisy Chain + Triphammer + Corner Cutter","Orbit","52","Crossfire > Mass Driver > Pinwheel > Afterimage > Follow-through > Drop Forge > Fold > Rewire > Arc Coil > Daisy Chain > Ramjet > Triphammer > Grindshot > Corner Cutter > Recall > Orbit > Heavy hitter > Scattershot > Hair trigger > Bank shot > Punch through > Splinter > Airshot > Kickback > Bloodwork > Light frame > Burst fire > Backblast > Banker > Landing shot > Death bloom > Slingshot > Redline > Breach > Shatter > Backfire > Homecoming > Capacitor > Reserve cell > Countershot > Reprisal > Tether rounds > Snapback > Cinder rounds > Crosswind > Flashpoint > Slipstream > Vector rounds > Afterburner > Retrace > Wallrunner > Air Brake","crossfire > mass-driver > pinwheel > afterimage > follow-through > drop-forge > fold > rewire > arc-coil > daisy-chain > ramjet > triphammer > grindshot > corner-cutter > recall > orbit > magnum > scatter > rapid > ricochet > pierce > split > airshot > kick > leech > light > burst > backblast > banker > landing > bloom > slingshot > redline > breach > shatter > backfire > homecoming > capacitor > reserve-cell > countershot > reprisal > tether > snapback > cinder > crosswind > flashpoint > slipstream > vector > afterburner > retrace > wallrunner > air-brake","https://caleb-guyer.github.io/recoil-foundry/?test=branches&combo=bullet-hell.mass-driver.pinwheel.follow-through.drop-forge.rewire.daisy-chain.triphammer.corner-cutter&v=2.74.0","https://caleb-guyer.github.io/recoil-foundry/?test=branches&combo=bullet-hell.mass-driver.pinwheel.follow-through.drop-forge.rewire.daisy-chain.triphammer.corner-cutter&room=boss&v=2.74.0","https://caleb-guyer.github.io/recoil-foundry/?test=branches&combo=bullet-hell.mass-driver.pinwheel.follow-through.drop-forge.rewire.daisy-chain.triphammer.corner-cutter&mirror=1&v=2.74.0"
"bullet-hell.mass-driver.pinwheel.follow-through.drop-forge.rewire.daisy-chain.triphammer.crosscut","Bullet hell","Mass Driver","Pinwheel + Follow-through + Drop Forge + Rewire + Daisy Chain + Triphammer + Crosscut","Orbit","52","Crossfire > Mass Driver > Pinwheel > Afterimage > Follow-through > Drop Forge > Fold > Rewire > Arc Coil > Daisy Chain > Ramjet > Triphammer > Grindshot > Crosscut > Recall > Orbit > Heavy hitter > Scattershot > Hair trigger > Bank shot > Punch through > Splinter > Airshot > Kickback > Bloodwork > Light frame > Burst fire > Backblast > Banker > Landing shot > Death bloom > Slingshot > Redline > Breach > Shatter > Backfire > Homecoming > Capacitor > Reserve cell > Countershot > Reprisal > Tether rounds > Snapback > Cinder rounds > Crosswind > Flashpoint > Slipstream > Vector rounds > Afterburner > Retrace > Wallrunner > Air Brake","crossfire > mass-driver > pinwheel > afterimage > follow-through > drop-forge > fold > rewire > arc-coil > daisy-chain > ramjet > triphammer > grindshot > crosscut > recall > orbit > magnum > scatter > rapid > ricochet > pierce > split > airshot > kick > leech > light > burst > backblast > banker > landing > bloom > slingshot > redline > breach > shatter > backfire > homecoming > capacitor > reserve-cell > countershot > reprisal > tether > snapback > cinder > crosswind > flashpoint > slipstream > vector > afterburner > retrace > wallrunner > air-brake","https://caleb-guyer.github.io/recoil-foundry/?test=branches&combo=bullet-hell.mass-driver.pinwheel.follow-through.drop-forge.rewire.daisy-chain.triphammer.crosscut&v=2.74.0","https://caleb-guyer.github.io/recoil-foundry/?test=branches&combo=bullet-hell.mass-driver.pinwheel.follow-through.drop-forge.rewire.daisy-chain.triphammer.crosscut&room=boss&v=2.74.0","https://caleb-guyer.github.io/recoil-foundry/?test=branches&combo=bullet-hell.mass-driver.pinwheel.follow-through.drop-forge.rewire.daisy-chain.triphammer.crosscut&mirror=1&v=2.74.0"
"bullet-hell.mass-driver.pinwheel.follow-through.drop-forge.rewire.short-circuit.wrecking-ball.corner-cutter","Bullet hell","Mass Driver","Pinwheel + Follow-through + Drop Forge + Rewire + Short Circuit + Wrecking Ball + Corner Cutter","Orbit","52","Crossfire > Mass Driver > Pinwheel > Afterimage > Follow-through > Drop Forge > Fold > Rewire > Arc Coil > Short Circuit > Ramjet > Wrecking Ball > Grindshot > Corner Cutter > Recall > Orbit > Heavy hitter > Scattershot > Hair trigger > Bank shot > Punch through > Splinter > Airshot > Kickback > Bloodwork > Light frame > Burst fire > Backblast > Banker > Landing shot > Death bloom > Slingshot > Redline > Breach > Shatter > Backfire > Homecoming > Capacitor > Reserve cell > Countershot > Reprisal > Tether rounds > Snapback > Cinder rounds > Crosswind > Flashpoint > Slipstream > Vector rounds > Afterburner > Retrace > Wallrunner > Air Brake","crossfire > mass-driver > pinwheel > afterimage > follow-through > drop-forge > fold > rewire > arc-coil > short-circuit > ramjet > wrecking-ball > grindshot > corner-cutter > recall > orbit > magnum > scatter > rapid > ricochet > pierce > split > airshot > kick > leech > light > burst > backblast > banker > landing > bloom > slingshot > redline > breach > shatter > backfire > homecoming > capacitor > reserve-cell > countershot > reprisal > tether > snapback > cinder > crosswind > flashpoint > slipstream > vector > afterburner > retrace > wallrunner > air-brake","https://caleb-guyer.github.io/recoil-foundry/?test=branches&combo=bullet-hell.mass-driver.pinwheel.follow-through.drop-forge.rewire.short-circuit.wrecking-ball.corner-cutter&v=2.74.0","https://caleb-guyer.github.io/recoil-foundry/?test=branches&combo=bullet-hell.mass-driver.pinwheel.follow-through.drop-forge.rewire.short-circuit.wrecking-ball.corner-cutter&room=boss&v=2.74.0","https://caleb-guyer.github.io/recoil-foundry/?test=branches&combo=bullet-hell.mass-driver.pinwheel.follow-through.drop-forge.rewire.short-circuit.wrecking-ball.corner-cutter&mirror=1&v=2.74.0"
"bullet-hell.mass-driver.pinwheel.follow-through.drop-forge.rewire.short-circuit.wrecking-ball.crosscut","Bullet hell","Mass Driver","Pinwheel + Follow-through + Drop Forge + Rewire + Short Circuit + Wrecking Ball + Crosscut","Orbit","52","Crossfire > Mass Driver > Pinwheel > Afterimage > Follow-through > Drop Forge > Fold > Rewire > Arc Coil > Short Circuit > Ramjet > Wrecking Ball > Grindshot > Crosscut > Recall > Orbit > Heavy hitter > Scattershot > Hair trigger > Bank shot > Punch through > Splinter > Airshot > Kickback > Bloodwork > Light frame > Burst fire > Backblast > Banker > Landing shot > Death bloom > Slingshot > Redline > Breach > Shatter > Backfire > Homecoming > Capacitor > Reserve cell > Countershot > Reprisal > Tether rounds > Snapback > Cinder rounds > Crosswind > Flashpoint > Slipstream > Vector rounds > Afterburner > Retrace > Wallrunner > Air Brake","crossfire > mass-driver > pinwheel > afterimage > follow-through > drop-forge > fold > rewire > arc-coil > short-circuit > ramjet > wrecking-ball > grindshot > crosscut > recall > orbit > magnum > scatter > rapid > ricochet > pierce > split > airshot > kick > leech > light > burst > backblast > banker > landing > bloom > slingshot > redline > breach > shatter > backfire > homecoming > capacitor > reserve-cell > countershot > reprisal > tether > snapback > cinder > crosswind > flashpoint > slipstream > vector > afterburner > retrace > wallrunner > air-brake","https://caleb-guyer.github.io/recoil-foundry/?test=branches&combo=bullet-hell.mass-driver.pinwheel.follow-through.drop-forge.rewire.short-circuit.wrecking-ball.crosscut&v=2.74.0","https://caleb-guyer.github.io/recoil-foundry/?test=branches&combo=bullet-hell.mass-driver.pinwheel.follow-through.drop-forge.rewire.short-circuit.wrecking-ball.crosscut&room=boss&v=2.74.0","https://caleb-guyer.github.io/recoil-foundry/?test=branches&combo=bullet-hell.mass-driver.pinwheel.follow-through.drop-forge.rewire.short-circuit.wrecking-ball.crosscut&mirror=1&v=2.74.0"
"bullet-hell.mass-driver.pinwheel.follow-through.drop-forge.rewire.short-circuit.triphammer.corner-cutter","Bullet hell","Mass Driver","Pinwheel + Follow-through + Drop Forge + Rewire + Short Circuit + Triphammer + Corner Cutter","Orbit","52","Crossfire > Mass Driver > Pinwheel > Afterimage > Follow-through > Drop Forge > Fold > Rewire > Arc Coil > Short Circuit > Ramjet > Triphammer > Grindshot > Corner Cutter > Recall > Orbit > Heavy hitter > Scattershot > Hair trigger > Bank shot > Punch through > Splinter > Airshot > Kickback > Bloodwork > Light frame > Burst fire > Backblast > Banker > Landing shot > Death bloom > Slingshot > Redline > Breach > Shatter > Backfire > Homecoming > Capacitor > Reserve cell > Countershot > Reprisal > Tether rounds > Snapback > Cinder rounds > Crosswind > Flashpoint > Slipstream > Vector rounds > Afterburner > Retrace > Wallrunner > Air Brake","crossfire > mass-driver > pinwheel > afterimage > follow-through > drop-forge > fold > rewire > arc-coil > short-circuit > ramjet > triphammer > grindshot > corner-cutter > recall > orbit > magnum > scatter > rapid > ricochet > pierce > split > airshot > kick > leech > light > burst > backblast > banker > landing > bloom > slingshot > redline > breach > shatter > backfire > homecoming > capacitor > reserve-cell > countershot > reprisal > tether > snapback > cinder > crosswind > flashpoint > slipstream > vector > afterburner > retrace > wallrunner > air-brake","https://caleb-guyer.github.io/recoil-foundry/?test=branches&combo=bullet-hell.mass-driver.pinwheel.follow-through.drop-forge.rewire.short-circuit.triphammer.corner-cutter&v=2.74.0","https://caleb-guyer.github.io/recoil-foundry/?test=branches&combo=bullet-hell.mass-driver.pinwheel.follow-through.drop-forge.rewire.short-circuit.triphammer.corner-cutter&room=boss&v=2.74.0","https://caleb-guyer.github.io/recoil-foundry/?test=branches&combo=bullet-hell.mass-driver.pinwheel.follow-through.drop-forge.rewire.short-circuit.triphammer.corner-cutter&mirror=1&v=2.74.0"
"bullet-hell.mass-driver.pinwheel.follow-through.drop-forge.rewire.short-circuit.triphammer.crosscut","Bullet hell","Mass Driver","Pinwheel + Follow-through + Drop Forge + Rewire + Short Circuit + Triphammer + Crosscut","Orbit","52","Crossfire > Mass Driver > Pinwheel > Afterimage > Follow-through > Drop Forge > Fold > Rewire > Arc Coil > Short Circuit > Ramjet > Triphammer > Grindshot > Crosscut > Recall > Orbit > Heavy hitter > Scattershot > Hair trigger > Bank shot > Punch through > Splinter > Airshot > Kickback > Bloodwork > Light frame > Burst fire > Backblast > Banker > Landing shot > Death bloom > Slingshot > Redline > Breach > Shatter > Backfire > Homecoming > Capacitor > Reserve cell > Countershot > Reprisal > Tether rounds > Snapback > Cinder rounds > Crosswind > Flashpoint > Slipstream > Vector rounds > Afterburner > Retrace > Wallrunner > Air Brake","crossfire > mass-driver > pinwheel > afterimage > follow-through > drop-forge > fold > rewire > arc-coil > short-circuit > ramjet > triphammer > grindshot > crosscut > recall > orbit > magnum > scatter > rapid > ricochet > pierce > split > airshot > kick > leech > light > burst > backblast > banker > landing > bloom > slingshot > redline > breach > shatter > backfire > homecoming > capacitor > reserve-cell > countershot > reprisal > tether > snapback > cinder > crosswind > flashpoint > slipstream > vector > afterburner > retrace > wallrunner > air-brake","https://caleb-guyer.github.io/recoil-foundry/?test=branches&combo=bullet-hell.mass-driver.pinwheel.follow-through.drop-forge.rewire.short-circuit.triphammer.crosscut&v=2.74.0","https://caleb-guyer.github.io/recoil-foundry/?test=branches&combo=bullet-hell.mass-driver.pinwheel.follow-through.drop-forge.rewire.short-circuit.triphammer.crosscut&room=boss&v=2.74.0","https://caleb-guyer.github.io/recoil-foundry/?test=branches&combo=bullet-hell.mass-driver.pinwheel.follow-through.drop-forge.rewire.short-circuit.triphammer.crosscut&mirror=1&v=2.74.0"
"bullet-hell.mass-driver.pinwheel.follow-through.drop-forge.relay-gate.daisy-chain.wrecking-ball.corner-cutter","Bullet hell","Mass Driver","Pinwheel + Follow-through + Drop Forge + Relay Gate + Daisy Chain + Wrecking Ball + Corner Cutter","Orbit","52","Crossfire > Mass Driver > Pinwheel > Afterimage > Follow-through > Drop Forge > Fold > Relay Gate > Arc Coil > Daisy Chain > Ramjet > Wrecking Ball > Grindshot > Corner Cutter > Recall > Orbit > Heavy hitter > Scattershot > Hair trigger > Bank shot > Punch through > Splinter > Airshot > Kickback > Bloodwork > Light frame > Burst fire > Backblast > Banker > Landing shot > Death bloom > Slingshot > Redline > Breach > Shatter > Backfire > Homecoming > Capacitor > Reserve cell > Countershot > Reprisal > Tether rounds > Snapback > Cinder rounds > Crosswind > Flashpoint > Slipstream > Vector rounds > Afterburner > Retrace > Wallrunner > Air Brake","crossfire > mass-driver > pinwheel > afterimage > follow-through > drop-forge > fold > relay-gate > arc-coil > daisy-chain > ramjet > wrecking-ball > grindshot > corner-cutter > recall > orbit > magnum > scatter > rapid > ricochet > pierce > split > airshot > kick > leech > light > burst > backblast > banker > landing > bloom > slingshot > redline > breach > shatter > backfire > homecoming > capacitor > reserve-cell > countershot > reprisal > tether > snapback > cinder > crosswind > flashpoint > slipstream > vector > afterburner > retrace > wallrunner > air-brake","https://caleb-guyer.github.io/recoil-foundry/?test=branches&combo=bullet-hell.mass-driver.pinwheel.follow-through.drop-forge.relay-gate.daisy-chain.wrecking-ball.corner-cutter&v=2.74.0","https://caleb-guyer.github.io/recoil-foundry/?test=branches&combo=bullet-hell.mass-driver.pinwheel.follow-through.drop-forge.relay-gate.daisy-chain.wrecking-ball.corner-cutter&room=boss&v=2.74.0","https://caleb-guyer.github.io/recoil-foundry/?test=branches&combo=bullet-hell.mass-driver.pinwheel.follow-through.drop-forge.relay-gate.daisy-chain.wrecking-ball.corner-cutter&mirror=1&v=2.74.0"
"bullet-hell.mass-driver.pinwheel.follow-through.drop-forge.relay-gate.daisy-chain.wrecking-ball.crosscut","Bullet hell","Mass Driver","Pinwheel + Follow-through + Drop Forge + Relay Gate + Daisy Chain + Wrecking Ball + Crosscut","Orbit","52","Crossfire > Mass Driver > Pinwheel > Afterimage > Follow-through > Drop Forge > Fold > Relay Gate > Arc Coil > Daisy Chain > Ramjet > Wrecking Ball > Grindshot > Crosscut > Recall > Orbit > Heavy hitter > Scattershot > Hair trigger > Bank shot > Punch through > Splinter > Airshot > Kickback > Bloodwork > Light frame > Burst fire > Backblast > Banker > Landing shot > Death bloom > Slingshot > Redline > Breach > Shatter > Backfire > Homecoming > Capacitor > Reserve cell > Countershot > Reprisal > Tether rounds > Snapback > Cinder rounds > Crosswind > Flashpoint > Slipstream > Vector rounds > Afterburner > Retrace > Wallrunner > Air Brake","crossfire > mass-driver > pinwheel > afterimage > follow-through > drop-forge > fold > relay-gate > arc-coil > daisy-chain > ramjet > wrecking-ball > grindshot > crosscut > recall > orbit > magnum > scatter > rapid > ricochet > pierce > split > airshot > kick > leech > light > burst > backblast > banker > landing > bloom > slingshot > redline > breach > shatter > backfire > homecoming > capacitor > reserve-cell > countershot > reprisal > tether > snapback > cinder > crosswind > flashpoint > slipstream > vector > afterburner > retrace > wallrunner > air-brake","https://caleb-guyer.github.io/recoil-foundry/?test=branches&combo=bullet-hell.mass-driver.pinwheel.follow-through.drop-forge.relay-gate.daisy-chain.wrecking-ball.crosscut&v=2.74.0","https://caleb-guyer.github.io/recoil-foundry/?test=branches&combo=bullet-hell.mass-driver.pinwheel.follow-through.drop-forge.relay-gate.daisy-chain.wrecking-ball.crosscut&room=boss&v=2.74.0","https://caleb-guyer.github.io/recoil-foundry/?test=branches&combo=bullet-hell.mass-driver.pinwheel.follow-through.drop-forge.relay-gate.daisy-chain.wrecking-ball.crosscut&mirror=1&v=2.74.0"
"bullet-hell.mass-driver.pinwheel.follow-through.drop-forge.relay-gate.daisy-chain.triphammer.corner-cutter","Bullet hell","Mass Driver","Pinwheel + Follow-through + Drop Forge + Relay Gate + Daisy Chain + Triphammer + Corner Cutter","Orbit","52","Crossfire > Mass Driver > Pinwheel > Afterimage > Follow-through > Drop Forge > Fold > Relay Gate > Arc Coil > Daisy Chain > Ramjet > Triphammer > Grindshot > Corner Cutter > Recall > Orbit > Heavy hitter > Scattershot > Hair trigger > Bank shot > Punch through > Splinter > Airshot > Kickback > Bloodwork > Light frame > Burst fire > Backblast > Banker > Landing shot > Death bloom > Slingshot > Redline > Breach > Shatter > Backfire > Homecoming > Capacitor > Reserve cell > Countershot > Reprisal > Tether rounds > Snapback > Cinder rounds > Crosswind > Flashpoint > Slipstream > Vector rounds > Afterburner > Retrace > Wallrunner > Air Brake","crossfire > mass-driver > pinwheel > afterimage > follow-through > drop-forge > fold > relay-gate > arc-coil > daisy-chain > ramjet > triphammer > grindshot > corner-cutter > recall > orbit > magnum > scatter > rapid > ricochet > pierce > split > airshot > kick > leech > light > burst > backblast > banker > landing > bloom > slingshot > redline > breach > shatter > backfire > homecoming > capacitor > reserve-cell > countershot > reprisal > tether > snapback > cinder > crosswind > flashpoint > slipstream > vector > afterburner > retrace > wallrunner > air-brake","https://caleb-guyer.github.io/recoil-foundry/?test=branches&combo=bullet-hell.mass-driver.pinwheel.follow-through.drop-forge.relay-gate.daisy-chain.triphammer.corner-cutter&v=2.74.0","https://caleb-guyer.github.io/recoil-foundry/?test=branches&combo=bullet-hell.mass-driver.pinwheel.follow-through.drop-forge.relay-gate.daisy-chain.triphammer.corner-cutter&room=boss&v=2.74.0","https://caleb-guyer.github.io/recoil-foundry/?test=branches&combo=bullet-hell.mass-driver.pinwheel.follow-through.drop-forge.relay-gate.daisy-chain.triphammer.corner-cutter&mirror=1&v=2.74.0"
"bullet-hell.mass-driver.pinwheel.follow-through.drop-forge.relay-gate.daisy-chain.triphammer.crosscut","Bullet hell","Mass Driver","Pinwheel + Follow-through + Drop Forge + Relay Gate + Daisy Chain + Triphammer + Crosscut","Orbit","52","Crossfire > Mass Driver > Pinwheel > Afterimage > Follow-through > Drop Forge > Fold > Relay Gate > Arc Coil > Daisy Chain > Ramjet > Triphammer > Grindshot > Crosscut > Recall > Orbit > Heavy hitter > Scattershot > Hair trigger > Bank shot > Punch through > Splinter > Airshot > Kickback > Bloodwork > Light frame > Burst fire > Backblast > Banker > Landing shot > Death bloom > Slingshot > Redline > Breach > Shatter > Backfire > Homecoming > Capacitor > Reserve cell > Countershot > Reprisal > Tether rounds > Snapback > Cinder rounds > Crosswind > Flashpoint > Slipstream > Vector rounds > Afterburner > Retrace > Wallrunner > Air Brake","crossfire > mass-driver > pinwheel > afterimage > follow-through > drop-forge > fold > relay-gate > arc-coil > daisy-chain > ramjet > triphammer > grindshot > crosscut > recall > orbit > magnum > scatter > rapid > ricochet > pierce > split > airshot > kick > leech > light > burst > backblast > banker > landing > bloom > slingshot > redline > breach > shatter > backfire > homecoming > capacitor > reserve-cell > countershot > reprisal > tether > snapback > cinder > crosswind > flashpoint > slipstream > vector > afterburner > retrace > wallrunner > air-brake","https://caleb-guyer.github.io/recoil-foundry/?test=branches&combo=bullet-hell.mass-driver.pinwheel.follow-through.drop-forge.relay-gate.daisy-chain.triphammer.crosscut&v=2.74.0","https://caleb-guyer.github.io/recoil-foundry/?test=branches&combo=bullet-hell.mass-driver.pinwheel.follow-through.drop-forge.relay-gate.daisy-chain.triphammer.crosscut&room=boss&v=2.74.0","https://caleb-guyer.github.io/recoil-foundry/?test=branches&combo=bullet-hell.mass-driver.pinwheel.follow-through.drop-forge.relay-gate.daisy-chain.triphammer.crosscut&mirror=1&v=2.74.0"
"bullet-hell.mass-driver.pinwheel.follow-through.drop-forge.relay-gate.short-circuit.wrecking-ball.corner-cutter","Bullet hell","Mass Driver","Pinwheel + Follow-through + Drop Forge + Relay Gate + Short Circuit + Wrecking Ball + Corner Cutter","Orbit","52","Crossfire > Mass Driver > Pinwheel > Afterimage > Follow-through > Drop Forge > Fold > Relay Gate > Arc Coil > Short Circuit > Ramjet > Wrecking Ball > Grindshot > Corner Cutter > Recall > Orbit > Heavy hitter > Scattershot > Hair trigger > Bank shot > Punch through > Splinter > Airshot > Kickback > Bloodwork > Light frame > Burst fire > Backblast > Banker > Landing shot > Death bloom > Slingshot > Redline > Breach > Shatter > Backfire > Homecoming > Capacitor > Reserve cell > Countershot > Reprisal > Tether rounds > Snapback > Cinder rounds > Crosswind > Flashpoint > Slipstream > Vector rounds > Afterburner > Retrace > Wallrunner > Air Brake","crossfire > mass-driver > pinwheel > afterimage > follow-through > drop-forge > fold > relay-gate > arc-coil > short-circuit > ramjet > wrecking-ball > grindshot > corner-cutter > recall > orbit > magnum > scatter > rapid > ricochet > pierce > split > airshot > kick > leech > light > burst > backblast > banker > landing > bloom > slingshot > redline > breach > shatter > backfire > homecoming > capacitor > reserve-cell > countershot > reprisal > tether > snapback > cinder > crosswind > flashpoint > slipstream > vector > afterburner > retrace > wallrunner > air-brake","https://caleb-guyer.github.io/recoil-foundry/?test=branches&combo=bullet-hell.mass-driver.pinwheel.follow-through.drop-forge.relay-gate.short-circuit.wrecking-ball.corner-cutter&v=2.74.0","https://caleb-guyer.github.io/recoil-foundry/?test=branches&combo=bullet-hell.mass-driver.pinwheel.follow-through.drop-forge.relay-gate.short-circuit.wrecking-ball.corner-cutter&room=boss&v=2.74.0","https://caleb-guyer.github.io/recoil-foundry/?test=branches&combo=bullet-hell.mass-driver.pinwheel.follow-through.drop-forge.relay-gate.short-circuit.wrecking-ball.corner-cutter&mirror=1&v=2.74.0"
"bullet-hell.mass-driver.pinwheel.follow-through.drop-forge.relay-gate.short-circuit.wrecking-ball.crosscut","Bullet hell","Mass Driver","Pinwheel + Follow-through + Drop Forge + Relay Gate + Short Circuit + Wrecking Ball + Crosscut","Orbit","52","Crossfire > Mass Driver > Pinwheel > Afterimage > Follow-through > Drop Forge > Fold > Relay Gate > Arc Coil > Short Circuit > Ramjet > Wrecking Ball > Grindshot > Crosscut > Recall > Orbit > Heavy hitter > Scattershot > Hair trigger > Bank shot > Punch through > Splinter > Airshot > Kickback > Bloodwork > Light frame > Burst fire > Backblast > Banker > Landing shot > Death bloom > Slingshot > Redline > Breach > Shatter > Backfire > Homecoming > Capacitor > Reserve cell > Countershot > Reprisal > Tether rounds > Snapback > Cinder rounds > Crosswind > Flashpoint > Slipstream > Vector rounds > Afterburner > Retrace > Wallrunner > Air Brake","crossfire > mass-driver > pinwheel > afterimage > follow-through > drop-forge > fold > relay-gate > arc-coil > short-circuit > ramjet > wrecking-ball > grindshot > crosscut > recall > orbit > magnum > scatter > rapid > ricochet > pierce > split > airshot > kick > leech > light > burst > backblast > banker > landing > bloom > slingshot > redline > breach > shatter > backfire > homecoming > capacitor > reserve-cell > countershot > reprisal > tether > snapback > cinder > crosswind > flashpoint > slipstream > vector > afterburner > retrace > wallrunner > air-brake","https://caleb-guyer.github.io/recoil-foundry/?test=branches&combo=bullet-hell.mass-driver.pinwheel.follow-through.drop-forge.relay-gate.short-circuit.wrecking-ball.crosscut&v=2.74.0","https://caleb-guyer.github.io/recoil-foundry/?test=branches&combo=bullet-hell.mass-driver.pinwheel.follow-through.drop-forge.relay-gate.short-circuit.wrecking-ball.crosscut&room=boss&v=2.74.0","https://caleb-guyer.github.io/recoil-foundry/?test=branches&combo=bullet-hell.mass-driver.pinwheel.follow-through.drop-forge.relay-gate.short-circuit.wrecking-ball.crosscut&mirror=1&v=2.74.0"
"bullet-hell.mass-driver.pinwheel.follow-through.drop-forge.relay-gate.short-circuit.triphammer.corner-cutter","Bullet hell","Mass Driver","Pinwheel + Follow-through + Drop Forge + Relay Gate + Short Circuit + Triphammer + Corner Cutter","Orbit","52","Crossfire > Mass Driver > Pinwheel > Afterimage > Follow-through > Drop Forge > Fold > Relay Gate > Arc Coil > Short Circuit > Ramjet > Triphammer > Grindshot > Corner Cutter > Recall > Orbit > Heavy hitter > Scattershot > Hair trigger > Bank shot > Punch through > Splinter > Airshot > Kickback > Bloodwork > Light frame > Burst fire > Backblast > Banker > Landing shot > Death bloom > Slingshot > Redline > Breach > Shatter > Backfire > Homecoming > Capacitor > Reserve cell > Countershot > Reprisal > Tether rounds > Snapback > Cinder rounds > Crosswind > Flashpoint > Slipstream > Vector rounds > Afterburner > Retrace > Wallrunner > Air Brake","crossfire > mass-driver > pinwheel > afterimage > follow-through > drop-forge > fold > relay-gate > arc-coil > short-circuit > ramjet > triphammer > grindshot > corner-cutter > recall > orbit > magnum > scatter > rapid > ricochet > pierce > split > airshot > kick > leech > light > burst > backblast > banker > landing > bloom > slingshot > redline > breach > shatter > backfire > homecoming > capacitor > reserve-cell > countershot > reprisal > tether > snapback > cinder > crosswind > flashpoint > slipstream > vector > afterburner > retrace > wallrunner > air-brake","https://caleb-guyer.github.io/recoil-foundry/?test=branches&combo=bullet-hell.mass-driver.pinwheel.follow-through.drop-forge.relay-gate.short-circuit.triphammer.corner-cutter&v=2.74.0","https://caleb-guyer.github.io/recoil-foundry/?test=branches&combo=bullet-hell.mass-driver.pinwheel.follow-through.drop-forge.relay-gate.short-circuit.triphammer.corner-cutter&room=boss&v=2.74.0","https://caleb-guyer.github.io/recoil-foundry/?test=branches&combo=bullet-hell.mass-driver.pinwheel.follow-through.drop-forge.relay-gate.short-circuit.triphammer.corner-cutter&mirror=1&v=2.74.0"
"bullet-hell.mass-driver.pinwheel.follow-through.drop-forge.relay-gate.short-circuit.triphammer.crosscut","Bullet hell","Mass Driver","Pinwheel + Follow-through + Drop Forge + Relay Gate + Short Circuit + Triphammer + Crosscut","Orbit","52","Crossfire > Mass Driver > Pinwheel > Afterimage > Follow-through > Drop Forge > Fold > Relay Gate > Arc Coil > Short Circuit > Ramjet > Triphammer > Grindshot > Crosscut > Recall > Orbit > Heavy hitter > Scattershot > Hair trigger > Bank shot > Punch through > Splinter > Airshot > Kickback > Bloodwork > Light frame > Burst fire > Backblast > Banker > Landing shot > Death bloom > Slingshot > Redline > Breach > Shatter > Backfire > Homecoming > Capacitor > Reserve cell > Countershot > Reprisal > Tether rounds > Snapback > Cinder rounds > Crosswind > Flashpoint > Slipstream > Vector rounds > Afterburner > Retrace > Wallrunner > Air Brake","crossfire > mass-driver > pinwheel > afterimage > follow-through > drop-forge > fold > relay-gate > arc-coil > short-circuit > ramjet > triphammer > grindshot > crosscut > recall > orbit > magnum > scatter > rapid > ricochet > pierce > split > airshot > kick > leech > light > burst > backblast > banker > landing > bloom > slingshot > redline > breach > shatter > backfire > homecoming > capacitor > reserve-cell > countershot > reprisal > tether > snapback > cinder > crosswind > flashpoint > slipstream > vector > afterburner > retrace > wallrunner > air-brake","https://caleb-guyer.github.io/recoil-foundry/?test=branches&combo=bullet-hell.mass-driver.pinwheel.follow-through.drop-forge.relay-gate.short-circuit.triphammer.crosscut&v=2.74.0","https://caleb-guyer.github.io/recoil-foundry/?test=branches&combo=bullet-hell.mass-driver.pinwheel.follow-through.drop-forge.relay-gate.short-circuit.triphammer.crosscut&room=boss&v=2.74.0","https://caleb-guyer.github.io/recoil-foundry/?test=branches&combo=bullet-hell.mass-driver.pinwheel.follow-through.drop-forge.relay-gate.short-circuit.triphammer.crosscut&mirror=1&v=2.74.0"
"bullet-hell.mass-driver.pinwheel.follow-through.skid-plate.rewire.daisy-chain.wrecking-ball.corner-cutter","Bullet hell","Mass Driver","Pinwheel + Follow-through + Skid Plate + Rewire + Daisy Chain + Wrecking Ball + Corner Cutter","Orbit","52","Crossfire > Mass Driver > Pinwheel > Afterimage > Follow-through > Skid Plate > Fold > Rewire > Arc Coil > Daisy Chain > Ramjet > Wrecking Ball > Grindshot > Corner Cutter > Recall > Orbit > Heavy hitter > Scattershot > Hair trigger > Bank shot > Punch through > Splinter > Airshot > Kickback > Bloodwork > Light frame > Burst fire > Backblast > Banker > Landing shot > Death bloom > Slingshot > Redline > Breach > Shatter > Backfire > Homecoming > Capacitor > Reserve cell > Countershot > Reprisal > Tether rounds > Snapback > Cinder rounds > Crosswind > Flashpoint > Slipstream > Vector rounds > Afterburner > Retrace > Wallrunner > Air Brake","crossfire > mass-driver > pinwheel > afterimage > follow-through > skid-plate > fold > rewire > arc-coil > daisy-chain > ramjet > wrecking-ball > grindshot > corner-cutter > recall > orbit > magnum > scatter > rapid > ricochet > pierce > split > airshot > kick > leech > light > burst > backblast > banker > landing > bloom > slingshot > redline > breach > shatter > backfire > homecoming > capacitor > reserve-cell > countershot > reprisal > tether > snapback > cinder > crosswind > flashpoint > slipstream > vector > afterburner > retrace > wallrunner > air-brake","https://caleb-guyer.github.io/recoil-foundry/?test=branches&combo=bullet-hell.mass-driver.pinwheel.follow-through.skid-plate.rewire.daisy-chain.wrecking-ball.corner-cutter&v=2.74.0","https://caleb-guyer.github.io/recoil-foundry/?test=branches&combo=bullet-hell.mass-driver.pinwheel.follow-through.skid-plate.rewire.daisy-chain.wrecking-ball.corner-cutter&room=boss&v=2.74.0","https://caleb-guyer.github.io/recoil-foundry/?test=branches&combo=bullet-hell.mass-driver.pinwheel.follow-through.skid-plate.rewire.daisy-chain.wrecking-ball.corner-cutter&mirror=1&v=2.74.0"
"bullet-hell.mass-driver.pinwheel.follow-through.skid-plate.rewire.daisy-chain.wrecking-ball.crosscut","Bullet hell","Mass Driver","Pinwheel + Follow-through + Skid Plate + Rewire + Daisy Chain + Wrecking Ball + Crosscut","Orbit","52","Crossfire > Mass Driver > Pinwheel > Afterimage > Follow-through > Skid Plate > Fold > Rewire > Arc Coil > Daisy Chain > Ramjet > Wrecking Ball > Grindshot > Crosscut > Recall > Orbit > Heavy hitter > Scattershot > Hair trigger > Bank shot > Punch through > Splinter > Airshot > Kickback > Bloodwork > Light frame > Burst fire > Backblast > Banker > Landing shot > Death bloom > Slingshot > Redline > Breach > Shatter > Backfire > Homecoming > Capacitor > Reserve cell > Countershot > Reprisal > Tether rounds > Snapback > Cinder rounds > Crosswind > Flashpoint > Slipstream > Vector rounds > Afterburner > Retrace > Wallrunner > Air Brake","crossfire > mass-driver > pinwheel > afterimage > follow-through > skid-plate > fold > rewire > arc-coil > daisy-chain > ramjet > wrecking-ball > grindshot > crosscut > recall > orbit > magnum > scatter > rapid > ricochet > pierce > split > airshot > kick > leech > light > burst > backblast > banker > landing > bloom > slingshot > redline > breach > shatter > backfire > homecoming > capacitor > reserve-cell > countershot > reprisal > tether > snapback > cinder > crosswind > flashpoint > slipstream > vector > afterburner > retrace > wallrunner > air-brake","https://caleb-guyer.github.io/recoil-foundry/?test=branches&combo=bullet-hell.mass-driver.pinwheel.follow-through.skid-plate.rewire.daisy-chain.wrecking-ball.crosscut&v=2.74.0","https://caleb-guyer.github.io/recoil-foundry/?test=branches&combo=bullet-hell.mass-driver.pinwheel.follow-through.skid-plate.rewire.daisy-chain.wrecking-ball.crosscut&room=boss&v=2.74.0","https://caleb-guyer.github.io/recoil-foundry/?test=branches&combo=bullet-hell.mass-driver.pinwheel.follow-through.skid-plate.rewire.daisy-chain.wrecking-ball.crosscut&mirror=1&v=2.74.0"
"bullet-hell.mass-driver.pinwheel.follow-through.skid-plate.rewire.daisy-chain.wrecking-ball.crosscut.flywheel","Bullet hell","Mass Driver","Pinwheel + Follow-through + Skid Plate + Rewire + Daisy Chain + Wrecking Ball + Crosscut","Flywheel","52","Crossfire > Mass Driver > Pinwheel > Afterimage > Follow-through > Skid Plate > Fold > Rewire > Arc Coil > Daisy Chain > Ramjet > Wrecking Ball > Grindshot > Crosscut > Flywheel > Heavy hitter > Scattershot > Hair trigger > Bank shot > Punch through > Splinter > Airshot > Kickback > Bloodwork > Light frame > Burst fire > Backblast > Banker > Landing shot > Death bloom > Slingshot > Redline > Breach > Shatter > Backfire > Recall > Homecoming > Capacitor > Reserve cell > Countershot > Reprisal > Tether rounds > Snapback > Cinder rounds > Crosswind > Flashpoint > Slipstream > Vector rounds > Afterburner > Retrace > Wallrunner > Air Brake","crossfire > mass-driver > pinwheel > afterimage > follow-through > skid-plate > fold > rewire > arc-coil > daisy-chain > ramjet > wrecking-ball > grindshot > crosscut > flywheel > magnum > scatter > rapid > ricochet > pierce > split > airshot > kick > leech > light > burst > backblast > banker > landing > bloom > slingshot > redline > breach > shatter > backfire > recall > homecoming > capacitor > reserve-cell > countershot > reprisal > tether > snapback > cinder > crosswind > flashpoint > slipstream > vector > afterburner > retrace > wallrunner > air-brake","https://caleb-guyer.github.io/recoil-foundry/?test=branches&combo=bullet-hell.mass-driver.pinwheel.follow-through.skid-plate.rewire.daisy-chain.wrecking-ball.crosscut.flywheel&v=2.74.0","https://caleb-guyer.github.io/recoil-foundry/?test=branches&combo=bullet-hell.mass-driver.pinwheel.follow-through.skid-plate.rewire.daisy-chain.wrecking-ball.crosscut.flywheel&room=boss&v=2.74.0","https://caleb-guyer.github.io/recoil-foundry/?test=branches&combo=bullet-hell.mass-driver.pinwheel.follow-through.skid-plate.rewire.daisy-chain.wrecking-ball.crosscut.flywheel&mirror=1&v=2.74.0"
"bullet-hell.mass-driver.pinwheel.follow-through.skid-plate.rewire.daisy-chain.triphammer.corner-cutter","Bullet hell","Mass Driver","Pinwheel + Follow-through + Skid Plate + Rewire + Daisy Chain + Triphammer + Corner Cutter","Orbit","52","Crossfire > Mass Driver > Pinwheel > Afterimage > Follow-through > Skid Plate > Fold > Rewire > Arc Coil > Daisy Chain > Ramjet > Triphammer > Grindshot > Corner Cutter > Recall > Orbit > Heavy hitter > Scattershot > Hair trigger > Bank shot > Punch through > Splinter > Airshot > Kickback > Bloodwork > Light frame > Burst fire > Backblast > Banker > Landing shot > Death bloom > Slingshot > Redline > Breach > Shatter > Backfire > Homecoming > Capacitor > Reserve cell > Countershot > Reprisal > Tether rounds > Snapback > Cinder rounds > Crosswind > Flashpoint > Slipstream > Vector rounds > Afterburner > Retrace > Wallrunner > Air Brake","crossfire > mass-driver > pinwheel > afterimage > follow-through > skid-plate > fold > rewire > arc-coil > daisy-chain > ramjet > triphammer > grindshot > corner-cutter > recall > orbit > magnum > scatter > rapid > ricochet > pierce > split > airshot > kick > leech > light > burst > backblast > banker > landing > bloom > slingshot > redline > breach > shatter > backfire > homecoming > capacitor > reserve-cell > countershot > reprisal > tether > snapback > cinder > crosswind > flashpoint > slipstream > vector > afterburner > retrace > wallrunner > air-brake","https://caleb-guyer.github.io/recoil-foundry/?test=branches&combo=bullet-hell.mass-driver.pinwheel.follow-through.skid-plate.rewire.daisy-chain.triphammer.corner-cutter&v=2.74.0","https://caleb-guyer.github.io/recoil-foundry/?test=branches&combo=bullet-hell.mass-driver.pinwheel.follow-through.skid-plate.rewire.daisy-chain.triphammer.corner-cutter&room=boss&v=2.74.0","https://caleb-guyer.github.io/recoil-foundry/?test=branches&combo=bullet-hell.mass-driver.pinwheel.follow-through.skid-plate.rewire.daisy-chain.triphammer.corner-cutter&mirror=1&v=2.74.0"
"bullet-hell.mass-driver.pinwheel.follow-through.skid-plate.rewire.daisy-chain.triphammer.crosscut","Bullet hell","Mass Driver","Pinwheel + Follow-through + Skid Plate + Rewire + Daisy Chain + Triphammer + Crosscut","Orbit","52","Crossfire > Mass Driver > Pinwheel > Afterimage > Follow-through > Skid Plate > Fold > Rewire > Arc Coil > Daisy Chain > Ramjet > Triphammer > Grindshot > Crosscut > Recall > Orbit > Heavy hitter > Scattershot > Hair trigger > Bank shot > Punch through > Splinter > Airshot > Kickback > Bloodwork > Light frame > Burst fire > Backblast > Banker > Landing shot > Death bloom > Slingshot > Redline > Breach > Shatter > Backfire > Homecoming > Capacitor > Reserve cell > Countershot > Reprisal > Tether rounds > Snapback > Cinder rounds > Crosswind > Flashpoint > Slipstream > Vector rounds > Afterburner > Retrace > Wallrunner > Air Brake","crossfire > mass-driver > pinwheel > afterimage > follow-through > skid-plate > fold > rewire > arc-coil > daisy-chain > ramjet > triphammer > grindshot > crosscut > recall > orbit > magnum > scatter > rapid > ricochet > pierce > split > airshot > kick > leech > light > burst > backblast > banker > landing > bloom > slingshot > redline > breach > shatter > backfire > homecoming > capacitor > reserve-cell > countershot > reprisal > tether > snapback > cinder > crosswind > flashpoint > slipstream > vector > afterburner > retrace > wallrunner > air-brake","https://caleb-guyer.github.io/recoil-foundry/?test=branches&combo=bullet-hell.mass-driver.pinwheel.follow-through.skid-plate.rewire.daisy-chain.triphammer.crosscut&v=2.74.0","https://caleb-guyer.github.io/recoil-foundry/?test=branches&combo=bullet-hell.mass-driver.pinwheel.follow-through.skid-plate.rewire.daisy-chain.triphammer.crosscut&room=boss&v=2.74.0","https://caleb-guyer.github.io/recoil-foundry/?test=branches&combo=bullet-hell.mass-driver.pinwheel.follow-through.skid-plate.rewire.daisy-chain.triphammer.crosscut&mirror=1&v=2.74.0"
"bullet-hell.mass-driver.pinwheel.follow-through.skid-plate.rewire.daisy-chain.triphammer.crosscut.flywheel","Bullet hell","Mass Driver","Pinwheel + Follow-through + Skid Plate + Rewire + Daisy Chain + Triphammer + Crosscut","Flywheel","52","Crossfire > Mass Driver > Pinwheel > Afterimage > Follow-through > Skid Plate > Fold > Rewire > Arc Coil > Daisy Chain > Ramjet > Triphammer > Grindshot > Crosscut > Flywheel > Heavy hitter > Scattershot > Hair trigger > Bank shot > Punch through > Splinter > Airshot > Kickback > Bloodwork > Light frame > Burst fire > Backblast > Banker > Landing shot > Death bloom > Slingshot > Redline > Breach > Shatter > Backfire > Recall > Homecoming > Capacitor > Reserve cell > Countershot > Reprisal > Tether rounds > Snapback > Cinder rounds > Crosswind > Flashpoint > Slipstream > Vector rounds > Afterburner > Retrace > Wallrunner > Air Brake","crossfire > mass-driver > pinwheel > afterimage > follow-through > skid-plate > fold > rewire > arc-coil > daisy-chain > ramjet > triphammer > grindshot > crosscut > flywheel > magnum > scatter > rapid > ricochet > pierce > split > airshot > kick > leech > light > burst > backblast > banker > landing > bloom > slingshot > redline > breach > shatter > backfire > recall > homecoming > capacitor > reserve-cell > countershot > reprisal > tether > snapback > cinder > crosswind > flashpoint > slipstream > vector > afterburner > retrace > wallrunner > air-brake","https://caleb-guyer.github.io/recoil-foundry/?test=branches&combo=bullet-hell.mass-driver.pinwheel.follow-through.skid-plate.rewire.daisy-chain.triphammer.crosscut.flywheel&v=2.74.0","https://caleb-guyer.github.io/recoil-foundry/?test=branches&combo=bullet-hell.mass-driver.pinwheel.follow-through.skid-plate.rewire.daisy-chain.triphammer.crosscut.flywheel&room=boss&v=2.74.0","https://caleb-guyer.github.io/recoil-foundry/?test=branches&combo=bullet-hell.mass-driver.pinwheel.follow-through.skid-plate.rewire.daisy-chain.triphammer.crosscut.flywheel&mirror=1&v=2.74.0"
"bullet-hell.mass-driver.pinwheel.follow-through.skid-plate.rewire.short-circuit.wrecking-ball.corner-cutter","Bullet hell","Mass Driver","Pinwheel + Follow-through + Skid Plate + Rewire + Short Circuit + Wrecking Ball + Corner Cutter","Orbit","52","Crossfire > Mass Driver > Pinwheel > Afterimage > Follow-through > Skid Plate > Fold > Rewire > Arc Coil > Short Circuit > Ramjet > Wrecking Ball > Grindshot > Corner Cutter > Recall > Orbit > Heavy hitter > Scattershot > Hair trigger > Bank shot > Punch through > Splinter > Airshot > Kickback > Bloodwork > Light frame > Burst fire > Backblast > Banker > Landing shot > Death bloom > Slingshot > Redline > Breach > Shatter > Backfire > Homecoming > Capacitor > Reserve cell > Countershot > Reprisal > Tether rounds > Snapback > Cinder rounds > Crosswind > Flashpoint > Slipstream > Vector rounds > Afterburner > Retrace > Wallrunner > Air Brake","crossfire > mass-driver > pinwheel > afterimage > follow-through > skid-plate > fold > rewire > arc-coil > short-circuit > ramjet > wrecking-ball > grindshot > corner-cutter > recall > orbit > magnum > scatter > rapid > ricochet > pierce > split > airshot > kick > leech > light > burst > backblast > banker > landing > bloom > slingshot > redline > breach > shatter > backfire > homecoming > capacitor > reserve-cell > countershot > reprisal > tether > snapback > cinder > crosswind > flashpoint > slipstream > vector > afterburner > retrace > wallrunner > air-brake","https://caleb-guyer.github.io/recoil-foundry/?test=branches&combo=bullet-hell.mass-driver.pinwheel.follow-through.skid-plate.rewire.short-circuit.wrecking-ball.corner-cutter&v=2.74.0","https://caleb-guyer.github.io/recoil-foundry/?test=branches&combo=bullet-hell.mass-driver.pinwheel.follow-through.skid-plate.rewire.short-circuit.wrecking-ball.corner-cutter&room=boss&v=2.74.0","https://caleb-guyer.github.io/recoil-foundry/?test=branches&combo=bullet-hell.mass-driver.pinwheel.follow-through.skid-plate.rewire.short-circuit.wrecking-ball.corner-cutter&mirror=1&v=2.74.0"
"bullet-hell.mass-driver.pinwheel.follow-through.skid-plate.rewire.short-circuit.wrecking-ball.crosscut","Bullet hell","Mass Driver","Pinwheel + Follow-through + Skid Plate + Rewire + Short Circuit + Wrecking Ball + Crosscut","Orbit","52","Crossfire > Mass Driver > Pinwheel > Afterimage > Follow-through > Skid Plate > Fold > Rewire > Arc Coil > Short Circuit > Ramjet > Wrecking Ball > Grindshot > Crosscut > Recall > Orbit > Heavy hitter > Scattershot > Hair trigger > Bank shot > Punch through > Splinter > Airshot > Kickback > Bloodwork > Light frame > Burst fire > Backblast > Banker > Landing shot > Death bloom > Slingshot > Redline > Breach > Shatter > Backfire > Homecoming > Capacitor > Reserve cell > Countershot > Reprisal > Tether rounds > Snapback > Cinder rounds > Crosswind > Flashpoint > Slipstream > Vector rounds > Afterburner > Retrace > Wallrunner > Air Brake","crossfire > mass-driver > pinwheel > afterimage > follow-through > skid-plate > fold > rewire > arc-coil > short-circuit > ramjet > wrecking-ball > grindshot > crosscut > recall > orbit > magnum > scatter > rapid > ricochet > pierce > split > airshot > kick > leech > light > burst > backblast > banker > landing > bloom > slingshot > redline > breach > shatter > backfire > homecoming > capacitor > reserve-cell > countershot > reprisal > tether > snapback > cinder > crosswind > flashpoint > slipstream > vector > afterburner > retrace > wallrunner > air-brake","https://caleb-guyer.github.io/recoil-foundry/?test=branches&combo=bullet-hell.mass-driver.pinwheel.follow-through.skid-plate.rewire.short-circuit.wrecking-ball.crosscut&v=2.74.0","https://caleb-guyer.github.io/recoil-foundry/?test=branches&combo=bullet-hell.mass-driver.pinwheel.follow-through.skid-plate.rewire.short-circuit.wrecking-ball.crosscut&room=boss&v=2.74.0","https://caleb-guyer.github.io/recoil-foundry/?test=branches&combo=bullet-hell.mass-driver.pinwheel.follow-through.skid-plate.rewire.short-circuit.wrecking-ball.crosscut&mirror=1&v=2.74.0"
"bullet-hell.mass-driver.pinwheel.follow-through.skid-plate.rewire.short-circuit.wrecking-ball.crosscut.flywheel","Bullet hell","Mass Driver","Pinwheel + Follow-through + Skid Plate + Rewire + Short Circuit + Wrecking Ball + Crosscut","Flywheel","52","Crossfire > Mass Driver > Pinwheel > Afterimage > Follow-through > Skid Plate > Fold > Rewire > Arc Coil > Short Circuit > Ramjet > Wrecking Ball > Grindshot > Crosscut > Flywheel > Heavy hitter > Scattershot > Hair trigger > Bank shot > Punch through > Splinter > Airshot > Kickback > Bloodwork > Light frame > Burst fire > Backblast > Banker > Landing shot > Death bloom > Slingshot > Redline > Breach > Shatter > Backfire > Recall > Homecoming > Capacitor > Reserve cell > Countershot > Reprisal > Tether rounds > Snapback > Cinder rounds > Crosswind > Flashpoint > Slipstream > Vector rounds > Afterburner > Retrace > Wallrunner > Air Brake","crossfire > mass-driver > pinwheel > afterimage > follow-through > skid-plate > fold > rewire > arc-coil > short-circuit > ramjet > wrecking-ball > grindshot > crosscut > flywheel > magnum > scatter > rapid > ricochet > pierce > split > airshot > kick > leech > light > burst > backblast > banker > landing > bloom > slingshot > redline > breach > shatter > backfire > recall > homecoming > capacitor > reserve-cell > countershot > reprisal > tether > snapback > cinder > crosswind > flashpoint > slipstream > vector > afterburner > retrace > wallrunner > air-brake","https://caleb-guyer.github.io/recoil-foundry/?test=branches&combo=bullet-hell.mass-driver.pinwheel.follow-through.skid-plate.rewire.short-circuit.wrecking-ball.crosscut.flywheel&v=2.74.0","https://caleb-guyer.github.io/recoil-foundry/?test=branches&combo=bullet-hell.mass-driver.pinwheel.follow-through.skid-plate.rewire.short-circuit.wrecking-ball.crosscut.flywheel&room=boss&v=2.74.0","https://caleb-guyer.github.io/recoil-foundry/?test=branches&combo=bullet-hell.mass-driver.pinwheel.follow-through.skid-plate.rewire.short-circuit.wrecking-ball.crosscut.flywheel&mirror=1&v=2.74.0"
"bullet-hell.mass-driver.pinwheel.follow-through.skid-plate.rewire.short-circuit.triphammer.corner-cutter","Bullet hell","Mass Driver","Pinwheel + Follow-through + Skid Plate + Rewire + Short Circuit + Triphammer + Corner Cutter","Orbit","52","Crossfire > Mass Driver > Pinwheel > Afterimage > Follow-through > Skid Plate > Fold > Rewire > Arc Coil > Short Circuit > Ramjet > Triphammer > Grindshot > Corner Cutter > Recall > Orbit > Heavy hitter > Scattershot > Hair trigger > Bank shot > Punch through > Splinter > Airshot > Kickback > Bloodwork > Light frame > Burst fire > Backblast > Banker > Landing shot > Death bloom > Slingshot > Redline > Breach > Shatter > Backfire > Homecoming > Capacitor > Reserve cell > Countershot > Reprisal > Tether rounds > Snapback > Cinder rounds > Crosswind > Flashpoint > Slipstream > Vector rounds > Afterburner > Retrace > Wallrunner > Air Brake","crossfire > mass-driver > pinwheel > afterimage > follow-through > skid-plate > fold > rewire > arc-coil > short-circuit > ramjet > triphammer > grindshot > corner-cutter > recall > orbit > magnum > scatter > rapid > ricochet > pierce > split > airshot > kick > leech > light > burst > backblast > banker > landing > bloom > slingshot > redline > breach > shatter > backfire > homecoming > capacitor > reserve-cell > countershot > reprisal > tether > snapback > cinder > crosswind > flashpoint > slipstream > vector > afterburner > retrace > wallrunner > air-brake","https://caleb-guyer.github.io/recoil-foundry/?test=branches&combo=bullet-hell.mass-driver.pinwheel.follow-through.skid-plate.rewire.short-circuit.triphammer.corner-cutter&v=2.74.0","https://caleb-guyer.github.io/recoil-foundry/?test=branches&combo=bullet-hell.mass-driver.pinwheel.follow-through.skid-plate.rewire.short-circuit.triphammer.corner-cutter&room=boss&v=2.74.0","https://caleb-guyer.github.io/recoil-foundry/?test=branches&combo=bullet-hell.mass-driver.pinwheel.follow-through.skid-plate.rewire.short-circuit.triphammer.corner-cutter&mirror=1&v=2.74.0"
"bullet-hell.mass-driver.pinwheel.follow-through.skid-plate.rewire.short-circuit.triphammer.crosscut","Bullet hell","Mass Driver","Pinwheel + Follow-through + Skid Plate + Rewire + Short Circuit + Triphammer + Crosscut","Orbit","52","Crossfire > Mass Driver > Pinwheel > Afterimage > Follow-through > Skid Plate > Fold > Rewire > Arc Coil > Short Circuit > Ramjet > Triphammer > Grindshot > Crosscut > Recall > Orbit > Heavy hitter > Scattershot > Hair trigger > Bank shot > Punch through > Splinter > Airshot > Kickback > Bloodwork > Light frame > Burst fire > Backblast > Banker > Landing shot > Death bloom > Slingshot > Redline > Breach > Shatter > Backfire > Homecoming > Capacitor > Reserve cell > Countershot > Reprisal > Tether rounds > Snapback > Cinder rounds > Crosswind > Flashpoint > Slipstream > Vector rounds > Afterburner > Retrace > Wallrunner > Air Brake","crossfire > mass-driver > pinwheel > afterimage > follow-through > skid-plate > fold > rewire > arc-coil > short-circuit > ramjet > triphammer > grindshot > crosscut > recall > orbit > magnum > scatter > rapid > ricochet > pierce > split > airshot > kick > leech > light > burst > backblast > banker > landing > bloom > slingshot > redline > breach > shatter > backfire > homecoming > capacitor > reserve-cell > countershot > reprisal > tether > snapback > cinder > crosswind > flashpoint > slipstream > vector > afterburner > retrace > wallrunner > air-brake","https://caleb-guyer.github.io/recoil-foundry/?test=branches&combo=bullet-hell.mass-driver.pinwheel.follow-through.skid-plate.rewire.short-circuit.triphammer.crosscut&v=2.74.0","https://caleb-guyer.github.io/recoil-foundry/?test=branches&combo=bullet-hell.mass-driver.pinwheel.follow-through.skid-plate.rewire.short-circuit.triphammer.crosscut&room=boss&v=2.74.0","https://caleb-guyer.github.io/recoil-foundry/?test=branches&combo=bullet-hell.mass-driver.pinwheel.follow-through.skid-plate.rewire.short-circuit.triphammer.crosscut&mirror=1&v=2.74.0"
"bullet-hell.mass-driver.pinwheel.follow-through.skid-plate.rewire.short-circuit.triphammer.crosscut.flywheel","Bullet hell","Mass Driver","Pinwheel + Follow-through + Skid Plate + Rewire + Short Circuit + Triphammer + Crosscut","Flywheel","52","Crossfire > Mass Driver > Pinwheel > Afterimage > Follow-through > Skid Plate > Fold > Rewire > Arc Coil > Short Circuit > Ramjet > Triphammer > Grindshot > Crosscut > Flywheel > Heavy hitter > Scattershot > Hair trigger > Bank shot > Punch through > Splinter > Airshot > Kickback > Bloodwork > Light frame > Burst fire > Backblast > Banker > Landing shot > Death bloom > Slingshot > Redline > Breach > Shatter > Backfire > Recall > Homecoming > Capacitor > Reserve cell > Countershot > Reprisal > Tether rounds > Snapback > Cinder rounds > Crosswind > Flashpoint > Slipstream > Vector rounds > Afterburner > Retrace > Wallrunner > Air Brake","crossfire > mass-driver > pinwheel > afterimage > follow-through > skid-plate > fold > rewire > arc-coil > short-circuit > ramjet > triphammer > grindshot > crosscut > flywheel > magnum > scatter > rapid > ricochet > pierce > split > airshot > kick > leech > light > burst > backblast > banker > landing > bloom > slingshot > redline > breach > shatter > backfire > recall > homecoming > capacitor > reserve-cell > countershot > reprisal > tether > snapback > cinder > crosswind > flashpoint > slipstream > vector > afterburner > retrace > wallrunner > air-brake","https://caleb-guyer.github.io/recoil-foundry/?test=branches&combo=bullet-hell.mass-driver.pinwheel.follow-through.skid-plate.rewire.short-circuit.triphammer.crosscut.flywheel&v=2.74.0","https://caleb-guyer.github.io/recoil-foundry/?test=branches&combo=bullet-hell.mass-driver.pinwheel.follow-through.skid-plate.rewire.short-circuit.triphammer.crosscut.flywheel&room=boss&v=2.74.0","https://caleb-guyer.github.io/recoil-foundry/?test=branches&combo=bullet-hell.mass-driver.pinwheel.follow-through.skid-plate.rewire.short-circuit.triphammer.crosscut.flywheel&mirror=1&v=2.74.0"
"bullet-hell.mass-driver.pinwheel.follow-through.skid-plate.relay-gate.daisy-chain.wrecking-ball.corner-cutter","Bullet hell","Mass Driver","Pinwheel + Follow-through + Skid Plate + Relay Gate + Daisy Chain + Wrecking Ball + Corner Cutter","Orbit","52","Crossfire > Mass Driver > Pinwheel > Afterimage > Follow-through > Skid Plate > Fold > Relay Gate > Arc Coil > Daisy Chain > Ramjet > Wrecking Ball > Grindshot > Corner Cutter > Recall > Orbit > Heavy hitter > Scattershot > Hair trigger > Bank shot > Punch through > Splinter > Airshot > Kickback > Bloodwork > Light frame > Burst fire > Backblast > Banker > Landing shot > Death bloom > Slingshot > Redline > Breach > Shatter > Backfire > Homecoming > Capacitor > Reserve cell > Countershot > Reprisal > Tether rounds > Snapback > Cinder rounds > Crosswind > Flashpoint > Slipstream > Vector rounds > Afterburner > Retrace > Wallrunner > Air Brake","crossfire > mass-driver > pinwheel > afterimage > follow-through > skid-plate > fold > relay-gate > arc-coil > daisy-chain > ramjet > wrecking-ball > grindshot > corner-cutter > recall > orbit > magnum > scatter > rapid > ricochet > pierce > split > airshot > kick > leech > light > burst > backblast > banker > landing > bloom > slingshot > redline > breach > shatter > backfire > homecoming > capacitor > reserve-cell > countershot > reprisal > tether > snapback > cinder > crosswind > flashpoint > slipstream > vector > afterburner > retrace > wallrunner > air-brake","https://caleb-guyer.github.io/recoil-foundry/?test=branches&combo=bullet-hell.mass-driver.pinwheel.follow-through.skid-plate.relay-gate.daisy-chain.wrecking-ball.corner-cutter&v=2.74.0","https://caleb-guyer.github.io/recoil-foundry/?test=branches&combo=bullet-hell.mass-driver.pinwheel.follow-through.skid-plate.relay-gate.daisy-chain.wrecking-ball.corner-cutter&room=boss&v=2.74.0","https://caleb-guyer.github.io/recoil-foundry/?test=branches&combo=bullet-hell.mass-driver.pinwheel.follow-through.skid-plate.relay-gate.daisy-chain.wrecking-ball.corner-cutter&mirror=1&v=2.74.0"
"bullet-hell.mass-driver.pinwheel.follow-through.skid-plate.relay-gate.daisy-chain.wrecking-ball.crosscut","Bullet hell","Mass Driver","Pinwheel + Follow-through + Skid Plate + Relay Gate + Daisy Chain + Wrecking Ball + Crosscut","Orbit","52","Crossfire > Mass Driver > Pinwheel > Afterimage > Follow-through > Skid Plate > Fold > Relay Gate > Arc Coil > Daisy Chain > Ramjet > Wrecking Ball > Grindshot > Crosscut > Recall > Orbit > Heavy hitter > Scattershot > Hair trigger > Bank shot > Punch through > Splinter > Airshot > Kickback > Bloodwork > Light frame > Burst fire > Backblast > Banker > Landing shot > Death bloom > Slingshot > Redline > Breach > Shatter > Backfire > Homecoming > Capacitor > Reserve cell > Countershot > Reprisal > Tether rounds > Snapback > Cinder rounds > Crosswind > Flashpoint > Slipstream > Vector rounds > Afterburner > Retrace > Wallrunner > Air Brake","crossfire > mass-driver > pinwheel > afterimage > follow-through > skid-plate > fold > relay-gate > arc-coil > daisy-chain > ramjet > wrecking-ball > grindshot > crosscut > recall > orbit > magnum > scatter > rapid > ricochet > pierce > split > airshot > kick > leech > light > burst > backblast > banker > landing > bloom > slingshot > redline > breach > shatter > backfire > homecoming > capacitor > reserve-cell > countershot > reprisal > tether > snapback > cinder > crosswind > flashpoint > slipstream > vector > afterburner > retrace > wallrunner > air-brake","https://caleb-guyer.github.io/recoil-foundry/?test=branches&combo=bullet-hell.mass-driver.pinwheel.follow-through.skid-plate.relay-gate.daisy-chain.wrecking-ball.crosscut&v=2.74.0","https://caleb-guyer.github.io/recoil-foundry/?test=branches&combo=bullet-hell.mass-driver.pinwheel.follow-through.skid-plate.relay-gate.daisy-chain.wrecking-ball.crosscut&room=boss&v=2.74.0","https://caleb-guyer.github.io/recoil-foundry/?test=branches&combo=bullet-hell.mass-driver.pinwheel.follow-through.skid-plate.relay-gate.daisy-chain.wrecking-ball.crosscut&mirror=1&v=2.74.0"
"bullet-hell.mass-driver.pinwheel.follow-through.skid-plate.relay-gate.daisy-chain.wrecking-ball.crosscut.flywheel","Bullet hell","Mass Driver","Pinwheel + Follow-through + Skid Plate + Relay Gate + Daisy Chain + Wrecking Ball + Crosscut","Flywheel","52","Crossfire > Mass Driver > Pinwheel > Afterimage > Follow-through > Skid Plate > Fold > Relay Gate > Arc Coil > Daisy Chain > Ramjet > Wrecking Ball > Grindshot > Crosscut > Flywheel > Heavy hitter > Scattershot > Hair trigger > Bank shot > Punch through > Splinter > Airshot > Kickback > Bloodwork > Light frame > Burst fire > Backblast > Banker > Landing shot > Death bloom > Slingshot > Redline > Breach > Shatter > Backfire > Recall > Homecoming > Capacitor > Reserve cell > Countershot > Reprisal > Tether rounds > Snapback > Cinder rounds > Crosswind > Flashpoint > Slipstream > Vector rounds > Afterburner > Retrace > Wallrunner > Air Brake","crossfire > mass-driver > pinwheel > afterimage > follow-through > skid-plate > fold > relay-gate > arc-coil > daisy-chain > ramjet > wrecking-ball > grindshot > crosscut > flywheel > magnum > scatter > rapid > ricochet > pierce > split > airshot > kick > leech > light > burst > backblast > banker > landing > bloom > slingshot > redline > breach > shatter > backfire > recall > homecoming > capacitor > reserve-cell > countershot > reprisal > tether > snapback > cinder > crosswind > flashpoint > slipstream > vector > afterburner > retrace > wallrunner > air-brake","https://caleb-guyer.github.io/recoil-foundry/?test=branches&combo=bullet-hell.mass-driver.pinwheel.follow-through.skid-plate.relay-gate.daisy-chain.wrecking-ball.crosscut.flywheel&v=2.74.0","https://caleb-guyer.github.io/recoil-foundry/?test=branches&combo=bullet-hell.mass-driver.pinwheel.follow-through.skid-plate.relay-gate.daisy-chain.wrecking-ball.crosscut.flywheel&room=boss&v=2.74.0","https://caleb-guyer.github.io/recoil-foundry/?test=branches&combo=bullet-hell.mass-driver.pinwheel.follow-through.skid-plate.relay-gate.daisy-chain.wrecking-ball.crosscut.flywheel&mirror=1&v=2.74.0"
"bullet-hell.mass-driver.pinwheel.follow-through.skid-plate.relay-gate.daisy-chain.triphammer.corner-cutter","Bullet hell","Mass Driver","Pinwheel + Follow-through + Skid Plate + Relay Gate + Daisy Chain + Triphammer + Corner Cutter","Orbit","52","Crossfire > Mass Driver > Pinwheel > Afterimage > Follow-through > Skid Plate > Fold > Relay Gate > Arc Coil > Daisy Chain > Ramjet > Triphammer > Grindshot > Corner Cutter > Recall > Orbit > Heavy hitter > Scattershot > Hair trigger > Bank shot > Punch through > Splinter > Airshot > Kickback > Bloodwork > Light frame > Burst fire > Backblast > Banker > Landing shot > Death bloom > Slingshot > Redline > Breach > Shatter > Backfire > Homecoming > Capacitor > Reserve cell > Countershot > Reprisal > Tether rounds > Snapback > Cinder rounds > Crosswind > Flashpoint > Slipstream > Vector rounds > Afterburner > Retrace > Wallrunner > Air Brake","crossfire > mass-driver > pinwheel > afterimage > follow-through > skid-plate > fold > relay-gate > arc-coil > daisy-chain > ramjet > triphammer > grindshot > corner-cutter > recall > orbit > magnum > scatter > rapid > ricochet > pierce > split > airshot > kick > leech > light > burst > backblast > banker > landing > bloom > slingshot > redline > breach > shatter > backfire > homecoming > capacitor > reserve-cell > countershot > reprisal > tether > snapback > cinder > crosswind > flashpoint > slipstream > vector > afterburner > retrace > wallrunner > air-brake","https://caleb-guyer.github.io/recoil-foundry/?test=branches&combo=bullet-hell.mass-driver.pinwheel.follow-through.skid-plate.relay-gate.daisy-chain.triphammer.corner-cutter&v=2.74.0","https://caleb-guyer.github.io/recoil-foundry/?test=branches&combo=bullet-hell.mass-driver.pinwheel.follow-through.skid-plate.relay-gate.daisy-chain.triphammer.corner-cutter&room=boss&v=2.74.0","https://caleb-guyer.github.io/recoil-foundry/?test=branches&combo=bullet-hell.mass-driver.pinwheel.follow-through.skid-plate.relay-gate.daisy-chain.triphammer.corner-cutter&mirror=1&v=2.74.0"
"bullet-hell.mass-driver.pinwheel.follow-through.skid-plate.relay-gate.daisy-chain.triphammer.crosscut","Bullet hell","Mass Driver","Pinwheel + Follow-through + Skid Plate + Relay Gate + Daisy Chain + Triphammer + Crosscut","Orbit","52","Crossfire > Mass Driver > Pinwheel > Afterimage > Follow-through > Skid Plate > Fold > Relay Gate > Arc Coil > Daisy Chain > Ramjet > Triphammer > Grindshot > Crosscut > Recall > Orbit > Heavy hitter > Scattershot > Hair trigger > Bank shot > Punch through > Splinter > Airshot > Kickback > Bloodwork > Light frame > Burst fire > Backblast > Banker > Landing shot > Death bloom > Slingshot > Redline > Breach > Shatter > Backfire > Homecoming > Capacitor > Reserve cell > Countershot > Reprisal > Tether rounds > Snapback > Cinder rounds > Crosswind > Flashpoint > Slipstream > Vector rounds > Afterburner > Retrace > Wallrunner > Air Brake","crossfire > mass-driver > pinwheel > afterimage > follow-through > skid-plate > fold > relay-gate > arc-coil > daisy-chain > ramjet > triphammer > grindshot > crosscut > recall > orbit > magnum > scatter > rapid > ricochet > pierce > split > airshot > kick > leech > light > burst > backblast > banker > landing > bloom > slingshot > redline > breach > shatter > backfire > homecoming > capacitor > reserve-cell > countershot > reprisal > tether > snapback > cinder > crosswind > flashpoint > slipstream > vector > afterburner > retrace > wallrunner > air-brake","https://caleb-guyer.github.io/recoil-foundry/?test=branches&combo=bullet-hell.mass-driver.pinwheel.follow-through.skid-plate.relay-gate.daisy-chain.triphammer.crosscut&v=2.74.0","https://caleb-guyer.github.io/recoil-foundry/?test=branches&combo=bullet-hell.mass-driver.pinwheel.follow-through.skid-plate.relay-gate.daisy-chain.triphammer.crosscut&room=boss&v=2.74.0","https://caleb-guyer.github.io/recoil-foundry/?test=branches&combo=bullet-hell.mass-driver.pinwheel.follow-through.skid-plate.relay-gate.daisy-chain.triphammer.crosscut&mirror=1&v=2.74.0"
"bullet-hell.mass-driver.pinwheel.follow-through.skid-plate.relay-gate.daisy-chain.triphammer.crosscut.flywheel","Bullet hell","Mass Driver","Pinwheel + Follow-through + Skid Plate + Relay Gate + Daisy Chain + Triphammer + Crosscut","Flywheel","52","Crossfire > Mass Driver > Pinwheel > Afterimage > Follow-through > Skid Plate > Fold > Relay Gate > Arc Coil > Daisy Chain > Ramjet > Triphammer > Grindshot > Crosscut > Flywheel > Heavy hitter > Scattershot > Hair trigger > Bank shot > Punch through > Splinter > Airshot > Kickback > Bloodwork > Light frame > Burst fire > Backblast > Banker > Landing shot > Death bloom > Slingshot > Redline > Breach > Shatter > Backfire > Recall > Homecoming > Capacitor > Reserve cell > Countershot > Reprisal > Tether rounds > Snapback > Cinder rounds > Crosswind > Flashpoint > Slipstream > Vector rounds > Afterburner > Retrace > Wallrunner > Air Brake","crossfire > mass-driver > pinwheel > afterimage > follow-through > skid-plate > fold > relay-gate > arc-coil > daisy-chain > ramjet > triphammer > grindshot > crosscut > flywheel > magnum > scatter > rapid > ricochet > pierce > split > airshot > kick > leech > light > burst > backblast > banker > landing > bloom > slingshot > redline > breach > shatter > backfire > recall > homecoming > capacitor > reserve-cell > countershot > reprisal > tether > snapback > cinder > crosswind > flashpoint > slipstream > vector > afterburner > retrace > wallrunner > air-brake","https://caleb-guyer.github.io/recoil-foundry/?test=branches&combo=bullet-hell.mass-driver.pinwheel.follow-through.skid-plate.relay-gate.daisy-chain.triphammer.crosscut.flywheel&v=2.74.0","https://caleb-guyer.github.io/recoil-foundry/?test=branches&combo=bullet-hell.mass-driver.pinwheel.follow-through.skid-plate.relay-gate.daisy-chain.triphammer.crosscut.flywheel&room=boss&v=2.74.0","https://caleb-guyer.github.io/recoil-foundry/?test=branches&combo=bullet-hell.mass-driver.pinwheel.follow-through.skid-plate.relay-gate.daisy-chain.triphammer.crosscut.flywheel&mirror=1&v=2.74.0"
"bullet-hell.mass-driver.pinwheel.follow-through.skid-plate.relay-gate.short-circuit.wrecking-ball.corner-cutter","Bullet hell","Mass Driver","Pinwheel + Follow-through + Skid Plate + Relay Gate + Short Circuit + Wrecking Ball + Corner Cutter","Orbit","52","Crossfire > Mass Driver > Pinwheel > Afterimage > Follow-through > Skid Plate > Fold > Relay Gate > Arc Coil > Short Circuit > Ramjet > Wrecking Ball > Grindshot > Corner Cutter > Recall > Orbit > Heavy hitter > Scattershot > Hair trigger > Bank shot > Punch through > Splinter > Airshot > Kickback > Bloodwork > Light frame > Burst fire > Backblast > Banker > Landing shot > Death bloom > Slingshot > Redline > Breach > Shatter > Backfire > Homecoming > Capacitor > Reserve cell > Countershot > Reprisal > Tether rounds > Snapback > Cinder rounds > Crosswind > Flashpoint > Slipstream > Vector rounds > Afterburner > Retrace > Wallrunner > Air Brake","crossfire > mass-driver > pinwheel > afterimage > follow-through > skid-plate > fold > relay-gate > arc-coil > short-circuit > ramjet > wrecking-ball > grindshot > corner-cutter > recall > orbit > magnum > scatter > rapid > ricochet > pierce > split > airshot > kick > leech > light > burst > backblast > banker > landing > bloom > slingshot > redline > breach > shatter > backfire > homecoming > capacitor > reserve-cell > countershot > reprisal > tether > snapback > cinder > crosswind > flashpoint > slipstream > vector > afterburner > retrace > wallrunner > air-brake","https://caleb-guyer.github.io/recoil-foundry/?test=branches&combo=bullet-hell.mass-driver.pinwheel.follow-through.skid-plate.relay-gate.short-circuit.wrecking-ball.corner-cutter&v=2.74.0","https://caleb-guyer.github.io/recoil-foundry/?test=branches&combo=bullet-hell.mass-driver.pinwheel.follow-through.skid-plate.relay-gate.short-circuit.wrecking-ball.corner-cutter&room=boss&v=2.74.0","https://caleb-guyer.github.io/recoil-foundry/?test=branches&combo=bullet-hell.mass-driver.pinwheel.follow-through.skid-plate.relay-gate.short-circuit.wrecking-ball.corner-cutter&mirror=1&v=2.74.0"
"bullet-hell.mass-driver.pinwheel.follow-through.skid-plate.relay-gate.short-circuit.wrecking-ball.crosscut","Bullet hell","Mass Driver","Pinwheel + Follow-through + Skid Plate + Relay Gate + Short Circuit + Wrecking Ball + Crosscut","Orbit","52","Crossfire > Mass Driver > Pinwheel > Afterimage > Follow-through > Skid Plate > Fold > Relay Gate > Arc Coil > Short Circuit > Ramjet > Wrecking Ball > Grindshot > Crosscut > Recall > Orbit > Heavy hitter > Scattershot > Hair trigger > Bank shot > Punch through > Splinter > Airshot > Kickback > Bloodwork > Light frame > Burst fire > Backblast > Banker > Landing shot > Death bloom > Slingshot > Redline > Breach > Shatter > Backfire > Homecoming > Capacitor > Reserve cell > Countershot > Reprisal > Tether rounds > Snapback > Cinder rounds > Crosswind > Flashpoint > Slipstream > Vector rounds > Afterburner > Retrace > Wallrunner > Air Brake","crossfire > mass-driver > pinwheel > afterimage > follow-through > skid-plate > fold > relay-gate > arc-coil > short-circuit > ramjet > wrecking-ball > grindshot > crosscut > recall > orbit > magnum > scatter > rapid > ricochet > pierce > split > airshot > kick > leech > light > burst > backblast > banker > landing > bloom > slingshot > redline > breach > shatter > backfire > homecoming > capacitor > reserve-cell > countershot > reprisal > tether > snapback > cinder > crosswind > flashpoint > slipstream > vector > afterburner > retrace > wallrunner > air-brake","https://caleb-guyer.github.io/recoil-foundry/?test=branches&combo=bullet-hell.mass-driver.pinwheel.follow-through.skid-plate.relay-gate.short-circuit.wrecking-ball.crosscut&v=2.74.0","https://caleb-guyer.github.io/recoil-foundry/?test=branches&combo=bullet-hell.mass-driver.pinwheel.follow-through.skid-plate.relay-gate.short-circuit.wrecking-ball.crosscut&room=boss&v=2.74.0","https://caleb-guyer.github.io/recoil-foundry/?test=branches&combo=bullet-hell.mass-driver.pinwheel.follow-through.skid-plate.relay-gate.short-circuit.wrecking-ball.crosscut&mirror=1&v=2.74.0"
"bullet-hell.mass-driver.pinwheel.follow-through.skid-plate.relay-gate.short-circuit.wrecking-ball.crosscut.flywheel","Bullet hell","Mass Driver","Pinwheel + Follow-through + Skid Plate + Relay Gate + Short Circuit + Wrecking Ball + Crosscut","Flywheel","52","Crossfire > Mass Driver > Pinwheel > Afterimage > Follow-through > Skid Plate > Fold > Relay Gate > Arc Coil > Short Circuit > Ramjet > Wrecking Ball > Grindshot > Crosscut > Flywheel > Heavy hitter > Scattershot > Hair trigger > Bank shot > Punch through > Splinter > Airshot > Kickback > Bloodwork > Light frame > Burst fire > Backblast > Banker > Landing shot > Death bloom > Slingshot > Redline > Breach > Shatter > Backfire > Recall > Homecoming > Capacitor > Reserve cell > Countershot > Reprisal > Tether rounds > Snapback > Cinder rounds > Crosswind > Flashpoint > Slipstream > Vector rounds > Afterburner > Retrace > Wallrunner > Air Brake","crossfire > mass-driver > pinwheel > afterimage > follow-through > skid-plate > fold > relay-gate > arc-coil > short-circuit > ramjet > wrecking-ball > grindshot > crosscut > flywheel > magnum > scatter > rapid > ricochet > pierce > split > airshot > kick > leech > light > burst > backblast > banker > landing > bloom > slingshot > redline > breach > shatter > backfire > recall > homecoming > capacitor > reserve-cell > countershot > reprisal > tether > snapback > cinder > crosswind > flashpoint > slipstream > vector > afterburner > retrace > wallrunner > air-brake","https://caleb-guyer.github.io/recoil-foundry/?test=branches&combo=bullet-hell.mass-driver.pinwheel.follow-through.skid-plate.relay-gate.short-circuit.wrecking-ball.crosscut.flywheel&v=2.74.0","https://caleb-guyer.github.io/recoil-foundry/?test=branches&combo=bullet-hell.mass-driver.pinwheel.follow-through.skid-plate.relay-gate.short-circuit.wrecking-ball.crosscut.flywheel&room=boss&v=2.74.0","https://caleb-guyer.github.io/recoil-foundry/?test=branches&combo=bullet-hell.mass-driver.pinwheel.follow-through.skid-plate.relay-gate.short-circuit.wrecking-ball.crosscut.flywheel&mirror=1&v=2.74.0"
"bullet-hell.mass-driver.pinwheel.follow-through.skid-plate.relay-gate.short-circuit.triphammer.corner-cutter","Bullet hell","Mass Driver","Pinwheel + Follow-through + Skid Plate + Relay Gate + Short Circuit + Triphammer + Corner Cutter","Orbit","52","Crossfire > Mass Driver > Pinwheel > Afterimage > Follow-through > Skid Plate > Fold > Relay Gate > Arc Coil > Short Circuit > Ramjet > Triphammer > Grindshot > Corner Cutter > Recall > Orbit > Heavy hitter > Scattershot > Hair trigger > Bank shot > Punch through > Splinter > Airshot > Kickback > Bloodwork > Light frame > Burst fire > Backblast > Banker > Landing shot > Death bloom > Slingshot > Redline > Breach > Shatter > Backfire > Homecoming > Capacitor > Reserve cell > Countershot > Reprisal > Tether rounds > Snapback > Cinder rounds > Crosswind > Flashpoint > Slipstream > Vector rounds > Afterburner > Retrace > Wallrunner > Air Brake","crossfire > mass-driver > pinwheel > afterimage > follow-through > skid-plate > fold > relay-gate > arc-coil > short-circuit > ramjet > triphammer > grindshot > corner-cutter > recall > orbit > magnum > scatter > rapid > ricochet > pierce > split > airshot > kick > leech > light > burst > backblast > banker > landing > bloom > slingshot > redline > breach > shatter > backfire > homecoming > capacitor > reserve-cell > countershot > reprisal > tether > snapback > cinder > crosswind > flashpoint > slipstream > vector > afterburner > retrace > wallrunner > air-brake","https://caleb-guyer.github.io/recoil-foundry/?test=branches&combo=bullet-hell.mass-driver.pinwheel.follow-through.skid-plate.relay-gate.short-circuit.triphammer.corner-cutter&v=2.74.0","https://caleb-guyer.github.io/recoil-foundry/?test=branches&combo=bullet-hell.mass-driver.pinwheel.follow-through.skid-plate.relay-gate.short-circuit.triphammer.corner-cutter&room=boss&v=2.74.0","https://caleb-guyer.github.io/recoil-foundry/?test=branches&combo=bullet-hell.mass-driver.pinwheel.follow-through.skid-plate.relay-gate.short-circuit.triphammer.corner-cutter&mirror=1&v=2.74.0"
"bullet-hell.mass-driver.pinwheel.follow-through.skid-plate.relay-gate.short-circuit.triphammer.crosscut","Bullet hell","Mass Driver","Pinwheel + Follow-through + Skid Plate + Relay Gate + Short Circuit + Triphammer + Crosscut","Orbit","52","Crossfire > Mass Driver > Pinwheel > Afterimage > Follow-through > Skid Plate > Fold > Relay Gate > Arc Coil > Short Circuit > Ramjet > Triphammer > Grindshot > Crosscut > Recall > Orbit > Heavy hitter > Scattershot > Hair trigger > Bank shot > Punch through > Splinter > Airshot > Kickback > Bloodwork > Light frame > Burst fire > Backblast > Banker > Landing shot > Death bloom > Slingshot > Redline > Breach > Shatter > Backfire > Homecoming > Capacitor > Reserve cell > Countershot > Reprisal > Tether rounds > Snapback > Cinder rounds > Crosswind > Flashpoint > Slipstream > Vector rounds > Afterburner > Retrace > Wallrunner > Air Brake","crossfire > mass-driver > pinwheel > afterimage > follow-through > skid-plate > fold > relay-gate > arc-coil > short-circuit > ramjet > triphammer > grindshot > crosscut > recall > orbit > magnum > scatter > rapid > ricochet > pierce > split > airshot > kick > leech > light > burst > backblast > banker > landing > bloom > slingshot > redline > breach > shatter > backfire > homecoming > capacitor > reserve-cell > countershot > reprisal > tether > snapback > cinder > crosswind > flashpoint > slipstream > vector > afterburner > retrace > wallrunner > air-brake","https://caleb-guyer.github.io/recoil-foundry/?test=branches&combo=bullet-hell.mass-driver.pinwheel.follow-through.skid-plate.relay-gate.short-circuit.triphammer.crosscut&v=2.74.0","https://caleb-guyer.github.io/recoil-foundry/?test=branches&combo=bullet-hell.mass-driver.pinwheel.follow-through.skid-plate.relay-gate.short-circuit.triphammer.crosscut&room=boss&v=2.74.0","https://caleb-guyer.github.io/recoil-foundry/?test=branches&combo=bullet-hell.mass-driver.pinwheel.follow-through.skid-plate.relay-gate.short-circuit.triphammer.crosscut&mirror=1&v=2.74.0"
"bullet-hell.mass-driver.pinwheel.follow-through.skid-plate.relay-gate.short-circuit.triphammer.crosscut.flywheel","Bullet hell","Mass Driver","Pinwheel + Follow-through + Skid Plate + Relay Gate + Short Circuit + Triphammer + Crosscut","Flywheel","52","Crossfire > Mass Driver > Pinwheel > Afterimage > Follow-through > Skid Plate > Fold > Relay Gate > Arc Coil > Short Circuit > Ramjet > Triphammer > Grindshot > Crosscut > Flywheel > Heavy hitter > Scattershot > Hair trigger > Bank shot > Punch through > Splinter > Airshot > Kickback > Bloodwork > Light frame > Burst fire > Backblast > Banker > Landing shot > Death bloom > Slingshot > Redline > Breach > Shatter > Backfire > Recall > Homecoming > Capacitor > Reserve cell > Countershot > Reprisal > Tether rounds > Snapback > Cinder rounds > Crosswind > Flashpoint > Slipstream > Vector rounds > Afterburner > Retrace > Wallrunner > Air Brake","crossfire > mass-driver > pinwheel > afterimage > follow-through > skid-plate > fold > relay-gate > arc-coil > short-circuit > ramjet > triphammer > grindshot > crosscut > flywheel > magnum > scatter > rapid > ricochet > pierce > split > airshot > kick > leech > light > burst > backblast > banker > landing > bloom > slingshot > redline > breach > shatter > backfire > recall > homecoming > capacitor > reserve-cell > countershot > reprisal > tether > snapback > cinder > crosswind > flashpoint > slipstream > vector > afterburner > retrace > wallrunner > air-brake","https://caleb-guyer.github.io/recoil-foundry/?test=branches&combo=bullet-hell.mass-driver.pinwheel.follow-through.skid-plate.relay-gate.short-circuit.triphammer.crosscut.flywheel&v=2.74.0","https://caleb-guyer.github.io/recoil-foundry/?test=branches&combo=bullet-hell.mass-driver.pinwheel.follow-through.skid-plate.relay-gate.short-circuit.triphammer.crosscut.flywheel&room=boss&v=2.74.0","https://caleb-guyer.github.io/recoil-foundry/?test=branches&combo=bullet-hell.mass-driver.pinwheel.follow-through.skid-plate.relay-gate.short-circuit.triphammer.crosscut.flywheel&mirror=1&v=2.74.0"
"demolition.mass-driver.implosion.drop-forge.rewire.daisy-chain.wrecking-ball.corner-cutter","Demolition","Mass Driver","Implosion + Drop Forge + Rewire + Daisy Chain + Wrecking Ball + Corner Cutter","Implosion","56","Shellshock > Mass Driver > Fuse > Implosion > Drop Forge > Fold > Rewire > Arc Coil > Daisy Chain > Ramjet > Wrecking Ball > Grindshot > Corner Cutter > Heavy hitter > Scattershot > Hair trigger > Bank shot > Punch through > Splinter > Airshot > Kickback > Bloodwork > Light frame > Burst fire > Backblast > Banker > Landing shot > Blast surfing > Aftershock > Chain reaction > Slingshot > Redline > Breach > Shatter > Shockfront > Backfire > Recall > Homecoming > Capacitor > Reserve cell > Countershot > Reprisal > Linked fuse > Tether rounds > Snapback > Cinder rounds > Crosswind > Flashpoint > Slipstream > Tripwire > Tension > Vector rounds > Afterburner > Retrace > Wallrunner > Air Brake","shellshock > mass-driver > fuse > implosion > drop-forge > fold > rewire > arc-coil > daisy-chain > ramjet > wrecking-ball > grindshot > corner-cutter > magnum > scatter > rapid > ricochet > pierce > split > airshot > kick > leech > light > burst > backblast > banker > landing > blast-surf > aftershock > chain-reaction > slingshot > redline > breach > shatter > shockfront > backfire > recall > homecoming > capacitor > reserve-cell > countershot > reprisal > linked-fuse > tether > snapback > cinder > crosswind > flashpoint > slipstream > tripwire > tension > vector > afterburner > retrace > wallrunner > air-brake","https://caleb-guyer.github.io/recoil-foundry/?test=branches&combo=demolition.mass-driver.implosion.drop-forge.rewire.daisy-chain.wrecking-ball.corner-cutter&v=2.74.0","https://caleb-guyer.github.io/recoil-foundry/?test=branches&combo=demolition.mass-driver.implosion.drop-forge.rewire.daisy-chain.wrecking-ball.corner-cutter&room=boss&v=2.74.0","https://caleb-guyer.github.io/recoil-foundry/?test=branches&combo=demolition.mass-driver.implosion.drop-forge.rewire.daisy-chain.wrecking-ball.corner-cutter&mirror=1&v=2.74.0"
"demolition.mass-driver.implosion.drop-forge.rewire.daisy-chain.wrecking-ball.crosscut","Demolition","Mass Driver","Implosion + Drop Forge + Rewire + Daisy Chain + Wrecking Ball + Crosscut","Implosion","56","Shellshock > Mass Driver > Fuse > Implosion > Drop Forge > Fold > Rewire > Arc Coil > Daisy Chain > Ramjet > Wrecking Ball > Grindshot > Crosscut > Heavy hitter > Scattershot > Hair trigger > Bank shot > Punch through > Splinter > Airshot > Kickback > Bloodwork > Light frame > Burst fire > Backblast > Banker > Landing shot > Blast surfing > Aftershock > Chain reaction > Slingshot > Redline > Breach > Shatter > Shockfront > Backfire > Recall > Homecoming > Capacitor > Reserve cell > Countershot > Reprisal > Linked fuse > Tether rounds > Snapback > Cinder rounds > Crosswind > Flashpoint > Slipstream > Tripwire > Tension > Vector rounds > Afterburner > Retrace > Wallrunner > Air Brake","shellshock > mass-driver > fuse > implosion > drop-forge > fold > rewire > arc-coil > daisy-chain > ramjet > wrecking-ball > grindshot > crosscut > magnum > scatter > rapid > ricochet > pierce > split > airshot > kick > leech > light > burst > backblast > banker > landing > blast-surf > aftershock > chain-reaction > slingshot > redline > breach > shatter > shockfront > backfire > recall > homecoming > capacitor > reserve-cell > countershot > reprisal > linked-fuse > tether > snapback > cinder > crosswind > flashpoint > slipstream > tripwire > tension > vector > afterburner > retrace > wallrunner > air-brake","https://caleb-guyer.github.io/recoil-foundry/?test=branches&combo=demolition.mass-driver.implosion.drop-forge.rewire.daisy-chain.wrecking-ball.crosscut&v=2.74.0","https://caleb-guyer.github.io/recoil-foundry/?test=branches&combo=demolition.mass-driver.implosion.drop-forge.rewire.daisy-chain.wrecking-ball.crosscut&room=boss&v=2.74.0","https://caleb-guyer.github.io/recoil-foundry/?test=branches&combo=demolition.mass-driver.implosion.drop-forge.rewire.daisy-chain.wrecking-ball.crosscut&mirror=1&v=2.74.0"
"demolition.mass-driver.implosion.drop-forge.rewire.daisy-chain.triphammer.corner-cutter","Demolition","Mass Driver","Implosion + Drop Forge + Rewire + Daisy Chain + Triphammer + Corner Cutter","Implosion","56","Shellshock > Mass Driver > Fuse > Implosion > Drop Forge > Fold > Rewire > Arc Coil > Daisy Chain > Ramjet > Triphammer > Grindshot > Corner Cutter > Heavy hitter > Scattershot > Hair trigger > Bank shot > Punch through > Splinter > Airshot > Kickback > Bloodwork > Light frame > Burst fire > Backblast > Banker > Landing shot > Blast surfing > Aftershock > Chain reaction > Slingshot > Redline > Breach > Shatter > Shockfront > Backfire > Recall > Homecoming > Capacitor > Reserve cell > Countershot > Reprisal > Linked fuse > Tether rounds > Snapback > Cinder rounds > Crosswind > Flashpoint > Slipstream > Tripwire > Tension > Vector rounds > Afterburner > Retrace > Wallrunner > Air Brake","shellshock > mass-driver > fuse > implosion > drop-forge > fold > rewire > arc-coil > daisy-chain > ramjet > triphammer > grindshot > corner-cutter > magnum > scatter > rapid > ricochet > pierce > split > airshot > kick > leech > light > burst > backblast > banker > landing > blast-surf > aftershock > chain-reaction > slingshot > redline > breach > shatter > shockfront > backfire > recall > homecoming > capacitor > reserve-cell > countershot > reprisal > linked-fuse > tether > snapback > cinder > crosswind > flashpoint > slipstream > tripwire > tension > vector > afterburner > retrace > wallrunner > air-brake","https://caleb-guyer.github.io/recoil-foundry/?test=branches&combo=demolition.mass-driver.implosion.drop-forge.rewire.daisy-chain.triphammer.corner-cutter&v=2.74.0","https://caleb-guyer.github.io/recoil-foundry/?test=branches&combo=demolition.mass-driver.implosion.drop-forge.rewire.daisy-chain.triphammer.corner-cutter&room=boss&v=2.74.0","https://caleb-guyer.github.io/recoil-foundry/?test=branches&combo=demolition.mass-driver.implosion.drop-forge.rewire.daisy-chain.triphammer.corner-cutter&mirror=1&v=2.74.0"
"demolition.mass-driver.implosion.drop-forge.rewire.daisy-chain.triphammer.crosscut","Demolition","Mass Driver","Implosion + Drop Forge + Rewire + Daisy Chain + Triphammer + Crosscut","Implosion","56","Shellshock > Mass Driver > Fuse > Implosion > Drop Forge > Fold > Rewire > Arc Coil > Daisy Chain > Ramjet > Triphammer > Grindshot > Crosscut > Heavy hitter > Scattershot > Hair trigger > Bank shot > Punch through > Splinter > Airshot > Kickback > Bloodwork > Light frame > Burst fire > Backblast > Banker > Landing shot > Blast surfing > Aftershock > Chain reaction > Slingshot > Redline > Breach > Shatter > Shockfront > Backfire > Recall > Homecoming > Capacitor > Reserve cell > Countershot > Reprisal > Linked fuse > Tether rounds > Snapback > Cinder rounds > Crosswind > Flashpoint > Slipstream > Tripwire > Tension > Vector rounds > Afterburner > Retrace > Wallrunner > Air Brake","shellshock > mass-driver > fuse > implosion > drop-forge > fold > rewire > arc-coil > daisy-chain > ramjet > triphammer > grindshot > crosscut > magnum > scatter > rapid > ricochet > pierce > split > airshot > kick > leech > light > burst > backblast > banker > landing > blast-surf > aftershock > chain-reaction > slingshot > redline > breach > shatter > shockfront > backfire > recall > homecoming > capacitor > reserve-cell > countershot > reprisal > linked-fuse > tether > snapback > cinder > crosswind > flashpoint > slipstream > tripwire > tension > vector > afterburner > retrace > wallrunner > air-brake","https://caleb-guyer.github.io/recoil-foundry/?test=branches&combo=demolition.mass-driver.implosion.drop-forge.rewire.daisy-chain.triphammer.crosscut&v=2.74.0","https://caleb-guyer.github.io/recoil-foundry/?test=branches&combo=demolition.mass-driver.implosion.drop-forge.rewire.daisy-chain.triphammer.crosscut&room=boss&v=2.74.0","https://caleb-guyer.github.io/recoil-foundry/?test=branches&combo=demolition.mass-driver.implosion.drop-forge.rewire.daisy-chain.triphammer.crosscut&mirror=1&v=2.74.0"
"demolition.mass-driver.implosion.drop-forge.rewire.short-circuit.wrecking-ball.corner-cutter","Demolition","Mass Driver","Implosion + Drop Forge + Rewire + Short Circuit + Wrecking Ball + Corner Cutter","Implosion","56","Shellshock > Mass Driver > Fuse > Implosion > Drop Forge > Fold > Rewire > Arc Coil > Short Circuit > Ramjet > Wrecking Ball > Grindshot > Corner Cutter > Heavy hitter > Scattershot > Hair trigger > Bank shot > Punch through > Splinter > Airshot > Kickback > Bloodwork > Light frame > Burst fire > Backblast > Banker > Landing shot > Blast surfing > Aftershock > Chain reaction > Slingshot > Redline > Breach > Shatter > Shockfront > Backfire > Recall > Homecoming > Capacitor > Reserve cell > Countershot > Reprisal > Linked fuse > Tether rounds > Snapback > Cinder rounds > Crosswind > Flashpoint > Slipstream > Tripwire > Tension > Vector rounds > Afterburner > Retrace > Wallrunner > Air Brake","shellshock > mass-driver > fuse > implosion > drop-forge > fold > rewire > arc-coil > short-circuit > ramjet > wrecking-ball > grindshot > corner-cutter > magnum > scatter > rapid > ricochet > pierce > split > airshot > kick > leech > light > burst > backblast > banker > landing > blast-surf > aftershock > chain-reaction > slingshot > redline > breach > shatter > shockfront > backfire > recall > homecoming > capacitor > reserve-cell > countershot > reprisal > linked-fuse > tether > snapback > cinder > crosswind > flashpoint > slipstream > tripwire > tension > vector > afterburner > retrace > wallrunner > air-brake","https://caleb-guyer.github.io/recoil-foundry/?test=branches&combo=demolition.mass-driver.implosion.drop-forge.rewire.short-circuit.wrecking-ball.corner-cutter&v=2.74.0","https://caleb-guyer.github.io/recoil-foundry/?test=branches&combo=demolition.mass-driver.implosion.drop-forge.rewire.short-circuit.wrecking-ball.corner-cutter&room=boss&v=2.74.0","https://caleb-guyer.github.io/recoil-foundry/?test=branches&combo=demolition.mass-driver.implosion.drop-forge.rewire.short-circuit.wrecking-ball.corner-cutter&mirror=1&v=2.74.0"
"demolition.mass-driver.implosion.drop-forge.rewire.short-circuit.wrecking-ball.crosscut","Demolition","Mass Driver","Implosion + Drop Forge + Rewire + Short Circuit + Wrecking Ball + Crosscut","Implosion","56","Shellshock > Mass Driver > Fuse > Implosion > Drop Forge > Fold > Rewire > Arc Coil > Short Circuit > Ramjet > Wrecking Ball > Grindshot > Crosscut > Heavy hitter > Scattershot > Hair trigger > Bank shot > Punch through > Splinter > Airshot > Kickback > Bloodwork > Light frame > Burst fire > Backblast > Banker > Landing shot > Blast surfing > Aftershock > Chain reaction > Slingshot > Redline > Breach > Shatter > Shockfront > Backfire > Recall > Homecoming > Capacitor > Reserve cell > Countershot > Reprisal > Linked fuse > Tether rounds > Snapback > Cinder rounds > Crosswind > Flashpoint > Slipstream > Tripwire > Tension > Vector rounds > Afterburner > Retrace > Wallrunner > Air Brake","shellshock > mass-driver > fuse > implosion > drop-forge > fold > rewire > arc-coil > short-circuit > ramjet > wrecking-ball > grindshot > crosscut > magnum > scatter > rapid > ricochet > pierce > split > airshot > kick > leech > light > burst > backblast > banker > landing > blast-surf > aftershock > chain-reaction > slingshot > redline > breach > shatter > shockfront > backfire > recall > homecoming > capacitor > reserve-cell > countershot > reprisal > linked-fuse > tether > snapback > cinder > crosswind > flashpoint > slipstream > tripwire > tension > vector > afterburner > retrace > wallrunner > air-brake","https://caleb-guyer.github.io/recoil-foundry/?test=branches&combo=demolition.mass-driver.implosion.drop-forge.rewire.short-circuit.wrecking-ball.crosscut&v=2.74.0","https://caleb-guyer.github.io/recoil-foundry/?test=branches&combo=demolition.mass-driver.implosion.drop-forge.rewire.short-circuit.wrecking-ball.crosscut&room=boss&v=2.74.0","https://caleb-guyer.github.io/recoil-foundry/?test=branches&combo=demolition.mass-driver.implosion.drop-forge.rewire.short-circuit.wrecking-ball.crosscut&mirror=1&v=2.74.0"
"demolition.mass-driver.implosion.drop-forge.rewire.short-circuit.triphammer.corner-cutter","Demolition","Mass Driver","Implosion + Drop Forge + Rewire + Short Circuit + Triphammer + Corner Cutter","Implosion","56","Shellshock > Mass Driver > Fuse > Implosion > Drop Forge > Fold > Rewire > Arc Coil > Short Circuit > Ramjet > Triphammer > Grindshot > Corner Cutter > Heavy hitter > Scattershot > Hair trigger > Bank shot > Punch through > Splinter > Airshot > Kickback > Bloodwork > Light frame > Burst fire > Backblast > Banker > Landing shot > Blast surfing > Aftershock > Chain reaction > Slingshot > Redline > Breach > Shatter > Shockfront > Backfire > Recall > Homecoming > Capacitor > Reserve cell > Countershot > Reprisal > Linked fuse > Tether rounds > Snapback > Cinder rounds > Crosswind > Flashpoint > Slipstream > Tripwire > Tension > Vector rounds > Afterburner > Retrace > Wallrunner > Air Brake","shellshock > mass-driver > fuse > implosion > drop-forge > fold > rewire > arc-coil > short-circuit > ramjet > triphammer > grindshot > corner-cutter > magnum > scatter > rapid > ricochet > pierce > split > airshot > kick > leech > light > burst > backblast > banker > landing > blast-surf > aftershock > chain-reaction > slingshot > redline > breach > shatter > shockfront > backfire > recall > homecoming > capacitor > reserve-cell > countershot > reprisal > linked-fuse > tether > snapback > cinder > crosswind > flashpoint > slipstream > tripwire > tension > vector > afterburner > retrace > wallrunner > air-brake","https://caleb-guyer.github.io/recoil-foundry/?test=branches&combo=demolition.mass-driver.implosion.drop-forge.rewire.short-circuit.triphammer.corner-cutter&v=2.74.0","https://caleb-guyer.github.io/recoil-foundry/?test=branches&combo=demolition.mass-driver.implosion.drop-forge.rewire.short-circuit.triphammer.corner-cutter&room=boss&v=2.74.0","https://caleb-guyer.github.io/recoil-foundry/?test=branches&combo=demolition.mass-driver.implosion.drop-forge.rewire.short-circuit.triphammer.corner-cutter&mirror=1&v=2.74.0"
"demolition.mass-driver.implosion.drop-forge.rewire.short-circuit.triphammer.crosscut","Demolition","Mass Driver","Implosion + Drop Forge + Rewire + Short Circuit + Triphammer + Crosscut","Implosion","56","Shellshock > Mass Driver > Fuse > Implosion > Drop Forge > Fold > Rewire > Arc Coil > Short Circuit > Ramjet > Triphammer > Grindshot > Crosscut > Heavy hitter > Scattershot > Hair trigger > Bank shot > Punch through > Splinter > Airshot > Kickback > Bloodwork > Light frame > Burst fire > Backblast > Banker > Landing shot > Blast surfing > Aftershock > Chain reaction > Slingshot > Redline > Breach > Shatter > Shockfront > Backfire > Recall > Homecoming > Capacitor > Reserve cell > Countershot > Reprisal > Linked fuse > Tether rounds > Snapback > Cinder rounds > Crosswind > Flashpoint > Slipstream > Tripwire > Tension > Vector rounds > Afterburner > Retrace > Wallrunner > Air Brake","shellshock > mass-driver > fuse > implosion > drop-forge > fold > rewire > arc-coil > short-circuit > ramjet > triphammer > grindshot > crosscut > magnum > scatter > rapid > ricochet > pierce > split > airshot > kick > leech > light > burst > backblast > banker > landing > blast-surf > aftershock > chain-reaction > slingshot > redline > breach > shatter > shockfront > backfire > recall > homecoming > capacitor > reserve-cell > countershot > reprisal > linked-fuse > tether > snapback > cinder > crosswind > flashpoint > slipstream > tripwire > tension > vector > afterburner > retrace > wallrunner > air-brake","https://caleb-guyer.github.io/recoil-foundry/?test=branches&combo=demolition.mass-driver.implosion.drop-forge.rewire.short-circuit.triphammer.crosscut&v=2.74.0","https://caleb-guyer.github.io/recoil-foundry/?test=branches&combo=demolition.mass-driver.implosion.drop-forge.rewire.short-circuit.triphammer.crosscut&room=boss&v=2.74.0","https://caleb-guyer.github.io/recoil-foundry/?test=branches&combo=demolition.mass-driver.implosion.drop-forge.rewire.short-circuit.triphammer.crosscut&mirror=1&v=2.74.0"
"demolition.mass-driver.implosion.drop-forge.relay-gate.daisy-chain.wrecking-ball.corner-cutter","Demolition","Mass Driver","Implosion + Drop Forge + Relay Gate + Daisy Chain + Wrecking Ball + Corner Cutter","Implosion","56","Shellshock > Mass Driver > Fuse > Implosion > Drop Forge > Fold > Relay Gate > Arc Coil > Daisy Chain > Ramjet > Wrecking Ball > Grindshot > Corner Cutter > Heavy hitter > Scattershot > Hair trigger > Bank shot > Punch through > Splinter > Airshot > Kickback > Bloodwork > Light frame > Burst fire > Backblast > Banker > Landing shot > Blast surfing > Aftershock > Chain reaction > Slingshot > Redline > Breach > Shatter > Shockfront > Backfire > Recall > Homecoming > Capacitor > Reserve cell > Countershot > Reprisal > Linked fuse > Tether rounds > Snapback > Cinder rounds > Crosswind > Flashpoint > Slipstream > Tripwire > Tension > Vector rounds > Afterburner > Retrace > Wallrunner > Air Brake","shellshock > mass-driver > fuse > implosion > drop-forge > fold > relay-gate > arc-coil > daisy-chain > ramjet > wrecking-ball > grindshot > corner-cutter > magnum > scatter > rapid > ricochet > pierce > split > airshot > kick > leech > light > burst > backblast > banker > landing > blast-surf > aftershock > chain-reaction > slingshot > redline > breach > shatter > shockfront > backfire > recall > homecoming > capacitor > reserve-cell > countershot > reprisal > linked-fuse > tether > snapback > cinder > crosswind > flashpoint > slipstream > tripwire > tension > vector > afterburner > retrace > wallrunner > air-brake","https://caleb-guyer.github.io/recoil-foundry/?test=branches&combo=demolition.mass-driver.implosion.drop-forge.relay-gate.daisy-chain.wrecking-ball.corner-cutter&v=2.74.0","https://caleb-guyer.github.io/recoil-foundry/?test=branches&combo=demolition.mass-driver.implosion.drop-forge.relay-gate.daisy-chain.wrecking-ball.corner-cutter&room=boss&v=2.74.0","https://caleb-guyer.github.io/recoil-foundry/?test=branches&combo=demolition.mass-driver.implosion.drop-forge.relay-gate.daisy-chain.wrecking-ball.corner-cutter&mirror=1&v=2.74.0"
"demolition.mass-driver.implosion.drop-forge.relay-gate.daisy-chain.wrecking-ball.crosscut","Demolition","Mass Driver","Implosion + Drop Forge + Relay Gate + Daisy Chain + Wrecking Ball + Crosscut","Implosion","56","Shellshock > Mass Driver > Fuse > Implosion > Drop Forge > Fold > Relay Gate > Arc Coil > Daisy Chain > Ramjet > Wrecking Ball > Grindshot > Crosscut > Heavy hitter > Scattershot > Hair trigger > Bank shot > Punch through > Splinter > Airshot > Kickback > Bloodwork > Light frame > Burst fire > Backblast > Banker > Landing shot > Blast surfing > Aftershock > Chain reaction > Slingshot > Redline > Breach > Shatter > Shockfront > Backfire > Recall > Homecoming > Capacitor > Reserve cell > Countershot > Reprisal > Linked fuse > Tether rounds > Snapback > Cinder rounds > Crosswind > Flashpoint > Slipstream > Tripwire > Tension > Vector rounds > Afterburner > Retrace > Wallrunner > Air Brake","shellshock > mass-driver > fuse > implosion > drop-forge > fold > relay-gate > arc-coil > daisy-chain > ramjet > wrecking-ball > grindshot > crosscut > magnum > scatter > rapid > ricochet > pierce > split > airshot > kick > leech > light > burst > backblast > banker > landing > blast-surf > aftershock > chain-reaction > slingshot > redline > breach > shatter > shockfront > backfire > recall > homecoming > capacitor > reserve-cell > countershot > reprisal > linked-fuse > tether > snapback > cinder > crosswind > flashpoint > slipstream > tripwire > tension > vector > afterburner > retrace > wallrunner > air-brake","https://caleb-guyer.github.io/recoil-foundry/?test=branches&combo=demolition.mass-driver.implosion.drop-forge.relay-gate.daisy-chain.wrecking-ball.crosscut&v=2.74.0","https://caleb-guyer.github.io/recoil-foundry/?test=branches&combo=demolition.mass-driver.implosion.drop-forge.relay-gate.daisy-chain.wrecking-ball.crosscut&room=boss&v=2.74.0","https://caleb-guyer.github.io/recoil-foundry/?test=branches&combo=demolition.mass-driver.implosion.drop-forge.relay-gate.daisy-chain.wrecking-ball.crosscut&mirror=1&v=2.74.0"
"demolition.mass-driver.implosion.drop-forge.relay-gate.daisy-chain.triphammer.corner-cutter","Demolition","Mass Driver","Implosion + Drop Forge + Relay Gate + Daisy Chain + Triphammer + Corner Cutter","Implosion","56","Shellshock > Mass Driver > Fuse > Implosion > Drop Forge > Fold > Relay Gate > Arc Coil > Daisy Chain > Ramjet > Triphammer > Grindshot > Corner Cutter > Heavy hitter > Scattershot > Hair trigger > Bank shot > Punch through > Splinter > Airshot > Kickback > Bloodwork > Light frame > Burst fire > Backblast > Banker > Landing shot > Blast surfing > Aftershock > Chain reaction > Slingshot > Redline > Breach > Shatter > Shockfront > Backfire > Recall > Homecoming > Capacitor > Reserve cell > Countershot > Reprisal > Linked fuse > Tether rounds > Snapback > Cinder rounds > Crosswind > Flashpoint > Slipstream > Tripwire > Tension > Vector rounds > Afterburner > Retrace > Wallrunner > Air Brake","shellshock > mass-driver > fuse > implosion > drop-forge > fold > relay-gate > arc-coil > daisy-chain > ramjet > triphammer > grindshot > corner-cutter > magnum > scatter > rapid > ricochet > pierce > split > airshot > kick > leech > light > burst > backblast > banker > landing > blast-surf > aftershock > chain-reaction > slingshot > redline > breach > shatter > shockfront > backfire > recall > homecoming > capacitor > reserve-cell > countershot > reprisal > linked-fuse > tether > snapback > cinder > crosswind > flashpoint > slipstream > tripwire > tension > vector > afterburner > retrace > wallrunner > air-brake","https://caleb-guyer.github.io/recoil-foundry/?test=branches&combo=demolition.mass-driver.implosion.drop-forge.relay-gate.daisy-chain.triphammer.corner-cutter&v=2.74.0","https://caleb-guyer.github.io/recoil-foundry/?test=branches&combo=demolition.mass-driver.implosion.drop-forge.relay-gate.daisy-chain.triphammer.corner-cutter&room=boss&v=2.74.0","https://caleb-guyer.github.io/recoil-foundry/?test=branches&combo=demolition.mass-driver.implosion.drop-forge.relay-gate.daisy-chain.triphammer.corner-cutter&mirror=1&v=2.74.0"
"demolition.mass-driver.implosion.drop-forge.relay-gate.daisy-chain.triphammer.crosscut","Demolition","Mass Driver","Implosion + Drop Forge + Relay Gate + Daisy Chain + Triphammer + Crosscut","Implosion","56","Shellshock > Mass Driver > Fuse > Implosion > Drop Forge > Fold > Relay Gate > Arc Coil > Daisy Chain > Ramjet > Triphammer > Grindshot > Crosscut > Heavy hitter > Scattershot > Hair trigger > Bank shot > Punch through > Splinter > Airshot > Kickback > Bloodwork > Light frame > Burst fire > Backblast > Banker > Landing shot > Blast surfing > Aftershock > Chain reaction > Slingshot > Redline > Breach > Shatter > Shockfront > Backfire > Recall > Homecoming > Capacitor > Reserve cell > Countershot > Reprisal > Linked fuse > Tether rounds > Snapback > Cinder rounds > Crosswind > Flashpoint > Slipstream > Tripwire > Tension > Vector rounds > Afterburner > Retrace > Wallrunner > Air Brake","shellshock > mass-driver > fuse > implosion > drop-forge > fold > relay-gate > arc-coil > daisy-chain > ramjet > triphammer > grindshot > crosscut > magnum > scatter > rapid > ricochet > pierce > split > airshot > kick > leech > light > burst > backblast > banker > landing > blast-surf > aftershock > chain-reaction > slingshot > redline > breach > shatter > shockfront > backfire > recall > homecoming > capacitor > reserve-cell > countershot > reprisal > linked-fuse > tether > snapback > cinder > crosswind > flashpoint > slipstream > tripwire > tension > vector > afterburner > retrace > wallrunner > air-brake","https://caleb-guyer.github.io/recoil-foundry/?test=branches&combo=demolition.mass-driver.implosion.drop-forge.relay-gate.daisy-chain.triphammer.crosscut&v=2.74.0","https://caleb-guyer.github.io/recoil-foundry/?test=branches&combo=demolition.mass-driver.implosion.drop-forge.relay-gate.daisy-chain.triphammer.crosscut&room=boss&v=2.74.0","https://caleb-guyer.github.io/recoil-foundry/?test=branches&combo=demolition.mass-driver.implosion.drop-forge.relay-gate.daisy-chain.triphammer.crosscut&mirror=1&v=2.74.0"
"demolition.mass-driver.implosion.drop-forge.relay-gate.short-circuit.wrecking-ball.corner-cutter","Demolition","Mass Driver","Implosion + Drop Forge + Relay Gate + Short Circuit + Wrecking Ball + Corner Cutter","Implosion","56","Shellshock > Mass Driver > Fuse > Implosion > Drop Forge > Fold > Relay Gate > Arc Coil > Short Circuit > Ramjet > Wrecking Ball > Grindshot > Corner Cutter > Heavy hitter > Scattershot > Hair trigger > Bank shot > Punch through > Splinter > Airshot > Kickback > Bloodwork > Light frame > Burst fire > Backblast > Banker > Landing shot > Blast surfing > Aftershock > Chain reaction > Slingshot > Redline > Breach > Shatter > Shockfront > Backfire > Recall > Homecoming > Capacitor > Reserve cell > Countershot > Reprisal > Linked fuse > Tether rounds > Snapback > Cinder rounds > Crosswind > Flashpoint > Slipstream > Tripwire > Tension > Vector rounds > Afterburner > Retrace > Wallrunner > Air Brake","shellshock > mass-driver > fuse > implosion > drop-forge > fold > relay-gate > arc-coil > short-circuit > ramjet > wrecking-ball > grindshot > corner-cutter > magnum > scatter > rapid > ricochet > pierce > split > airshot > kick > leech > light > burst > backblast > banker > landing > blast-surf > aftershock > chain-reaction > slingshot > redline > breach > shatter > shockfront > backfire > recall > homecoming > capacitor > reserve-cell > countershot > reprisal > linked-fuse > tether > snapback > cinder > crosswind > flashpoint > slipstream > tripwire > tension > vector > afterburner > retrace > wallrunner > air-brake","https://caleb-guyer.github.io/recoil-foundry/?test=branches&combo=demolition.mass-driver.implosion.drop-forge.relay-gate.short-circuit.wrecking-ball.corner-cutter&v=2.74.0","https://caleb-guyer.github.io/recoil-foundry/?test=branches&combo=demolition.mass-driver.implosion.drop-forge.relay-gate.short-circuit.wrecking-ball.corner-cutter&room=boss&v=2.74.0","https://caleb-guyer.github.io/recoil-foundry/?test=branches&combo=demolition.mass-driver.implosion.drop-forge.relay-gate.short-circuit.wrecking-ball.corner-cutter&mirror=1&v=2.74.0"
"demolition.mass-driver.implosion.drop-forge.relay-gate.short-circuit.wrecking-ball.crosscut","Demolition","Mass Driver","Implosion + Drop Forge + Relay Gate + Short Circuit + Wrecking Ball + Crosscut","Implosion","56","Shellshock > Mass Driver > Fuse > Implosion > Drop Forge > Fold > Relay Gate > Arc Coil > Short Circuit > Ramjet > Wrecking Ball > Grindshot > Crosscut > Heavy hitter > Scattershot > Hair trigger > Bank shot > Punch through > Splinter > Airshot > Kickback > Bloodwork > Light frame > Burst fire > Backblast > Banker > Landing shot > Blast surfing > Aftershock > Chain reaction > Slingshot > Redline > Breach > Shatter > Shockfront > Backfire > Recall > Homecoming > Capacitor > Reserve cell > Countershot > Reprisal > Linked fuse > Tether rounds > Snapback > Cinder rounds > Crosswind > Flashpoint > Slipstream > Tripwire > Tension > Vector rounds > Afterburner > Retrace > Wallrunner > Air Brake","shellshock > mass-driver > fuse > implosion > drop-forge > fold > relay-gate > arc-coil > short-circuit > ramjet > wrecking-ball > grindshot > crosscut > magnum > scatter > rapid > ricochet > pierce > split > airshot > kick > leech > light > burst > backblast > banker > landing > blast-surf > aftershock > chain-reaction > slingshot > redline > breach > shatter > shockfront > backfire > recall > homecoming > capacitor > reserve-cell > countershot > reprisal > linked-fuse > tether > snapback > cinder > crosswind > flashpoint > slipstream > tripwire > tension > vector > afterburner > retrace > wallrunner > air-brake","https://caleb-guyer.github.io/recoil-foundry/?test=branches&combo=demolition.mass-driver.implosion.drop-forge.relay-gate.short-circuit.wrecking-ball.crosscut&v=2.74.0","https://caleb-guyer.github.io/recoil-foundry/?test=branches&combo=demolition.mass-driver.implosion.drop-forge.relay-gate.short-circuit.wrecking-ball.crosscut&room=boss&v=2.74.0","https://caleb-guyer.github.io/recoil-foundry/?test=branches&combo=demolition.mass-driver.implosion.drop-forge.relay-gate.short-circuit.wrecking-ball.crosscut&mirror=1&v=2.74.0"
"demolition.mass-driver.implosion.drop-forge.relay-gate.short-circuit.triphammer.corner-cutter","Demolition","Mass Driver","Implosion + Drop Forge + Relay Gate + Short Circuit + Triphammer + Corner Cutter","Implosion","56","Shellshock > Mass Driver > Fuse > Implosion > Drop Forge > Fold > Relay Gate > Arc Coil > Short Circuit > Ramjet > Triphammer > Grindshot > Corner Cutter > Heavy hitter > Scattershot > Hair trigger > Bank shot > Punch through > Splinter > Airshot > Kickback > Bloodwork > Light frame > Burst fire > Backblast > Banker > Landing shot > Blast surfing > Aftershock > Chain reaction > Slingshot > Redline > Breach > Shatter > Shockfront > Backfire > Recall > Homecoming > Capacitor > Reserve cell > Countershot > Reprisal > Linked fuse > Tether rounds > Snapback > Cinder rounds > Crosswind > Flashpoint > Slipstream > Tripwire > Tension > Vector rounds > Afterburner > Retrace > Wallrunner > Air Brake","shellshock > mass-driver > fuse > implosion > drop-forge > fold > relay-gate > arc-coil > short-circuit > ramjet > triphammer > grindshot > corner-cutter > magnum > scatter > rapid > ricochet > pierce > split > airshot > kick > leech > light > burst > backblast > banker > landing > blast-surf > aftershock > chain-reaction > slingshot > redline > breach > shatter > shockfront > backfire > recall > homecoming > capacitor > reserve-cell > countershot > reprisal > linked-fuse > tether > snapback > cinder > crosswind > flashpoint > slipstream > tripwire > tension > vector > afterburner > retrace > wallrunner > air-brake","https://caleb-guyer.github.io/recoil-foundry/?test=branches&combo=demolition.mass-driver.implosion.drop-forge.relay-gate.short-circuit.triphammer.corner-cutter&v=2.74.0","https://caleb-guyer.github.io/recoil-foundry/?test=branches&combo=demolition.mass-driver.implosion.drop-forge.relay-gate.short-circuit.triphammer.corner-cutter&room=boss&v=2.74.0","https://caleb-guyer.github.io/recoil-foundry/?test=branches&combo=demolition.mass-driver.implosion.drop-forge.relay-gate.short-circuit.triphammer.corner-cutter&mirror=1&v=2.74.0"
"demolition.mass-driver.implosion.drop-forge.relay-gate.short-circuit.triphammer.crosscut","Demolition","Mass Driver","Implosion + Drop Forge + Relay Gate + Short Circuit + Triphammer + Crosscut","Implosion","56","Shellshock > Mass Driver > Fuse > Implosion > Drop Forge > Fold > Relay Gate > Arc Coil > Short Circuit > Ramjet > Triphammer > Grindshot > Crosscut > Heavy hitter > Scattershot > Hair trigger > Bank shot > Punch through > Splinter > Airshot > Kickback > Bloodwork > Light frame > Burst fire > Backblast > Banker > Landing shot > Blast surfing > Aftershock > Chain reaction > Slingshot > Redline > Breach > Shatter > Shockfront > Backfire > Recall > Homecoming > Capacitor > Reserve cell > Countershot > Reprisal > Linked fuse > Tether rounds > Snapback > Cinder rounds > Crosswind > Flashpoint > Slipstream > Tripwire > Tension > Vector rounds > Afterburner > Retrace > Wallrunner > Air Brake","shellshock > mass-driver > fuse > implosion > drop-forge > fold > relay-gate > arc-coil > short-circuit > ramjet > triphammer > grindshot > crosscut > magnum > scatter > rapid > ricochet > pierce > split > airshot > kick > leech > light > burst > backblast > banker > landing > blast-surf > aftershock > chain-reaction > slingshot > redline > breach > shatter > shockfront > backfire > recall > homecoming > capacitor > reserve-cell > countershot > reprisal > linked-fuse > tether > snapback > cinder > crosswind > flashpoint > slipstream > tripwire > tension > vector > afterburner > retrace > wallrunner > air-brake","https://caleb-guyer.github.io/recoil-foundry/?test=branches&combo=demolition.mass-driver.implosion.drop-forge.relay-gate.short-circuit.triphammer.crosscut&v=2.74.0","https://caleb-guyer.github.io/recoil-foundry/?test=branches&combo=demolition.mass-driver.implosion.drop-forge.relay-gate.short-circuit.triphammer.crosscut&room=boss&v=2.74.0","https://caleb-guyer.github.io/recoil-foundry/?test=branches&combo=demolition.mass-driver.implosion.drop-forge.relay-gate.short-circuit.triphammer.crosscut&mirror=1&v=2.74.0"
"demolition.mass-driver.implosion.skid-plate.rewire.daisy-chain.wrecking-ball.corner-cutter","Demolition","Mass Driver","Implosion + Skid Plate + Rewire + Daisy Chain + Wrecking Ball + Corner Cutter","Implosion","56","Shellshock > Mass Driver > Fuse > Implosion > Skid Plate > Fold > Rewire > Arc Coil > Daisy Chain > Ramjet > Wrecking Ball > Grindshot > Corner Cutter > Heavy hitter > Scattershot > Hair trigger > Bank shot > Punch through > Splinter > Airshot > Kickback > Bloodwork > Light frame > Burst fire > Backblast > Banker > Landing shot > Blast surfing > Aftershock > Chain reaction > Slingshot > Redline > Breach > Shatter > Shockfront > Backfire > Recall > Homecoming > Capacitor > Reserve cell > Countershot > Reprisal > Linked fuse > Tether rounds > Snapback > Cinder rounds > Crosswind > Flashpoint > Slipstream > Tripwire > Tension > Vector rounds > Afterburner > Retrace > Wallrunner > Air Brake","shellshock > mass-driver > fuse > implosion > skid-plate > fold > rewire > arc-coil > daisy-chain > ramjet > wrecking-ball > grindshot > corner-cutter > magnum > scatter > rapid > ricochet > pierce > split > airshot > kick > leech > light > burst > backblast > banker > landing > blast-surf > aftershock > chain-reaction > slingshot > redline > breach > shatter > shockfront > backfire > recall > homecoming > capacitor > reserve-cell > countershot > reprisal > linked-fuse > tether > snapback > cinder > crosswind > flashpoint > slipstream > tripwire > tension > vector > afterburner > retrace > wallrunner > air-brake","https://caleb-guyer.github.io/recoil-foundry/?test=branches&combo=demolition.mass-driver.implosion.skid-plate.rewire.daisy-chain.wrecking-ball.corner-cutter&v=2.74.0","https://caleb-guyer.github.io/recoil-foundry/?test=branches&combo=demolition.mass-driver.implosion.skid-plate.rewire.daisy-chain.wrecking-ball.corner-cutter&room=boss&v=2.74.0","https://caleb-guyer.github.io/recoil-foundry/?test=branches&combo=demolition.mass-driver.implosion.skid-plate.rewire.daisy-chain.wrecking-ball.corner-cutter&mirror=1&v=2.74.0"
"demolition.mass-driver.implosion.skid-plate.rewire.daisy-chain.wrecking-ball.crosscut","Demolition","Mass Driver","Implosion + Skid Plate + Rewire + Daisy Chain + Wrecking Ball + Crosscut","Implosion","56","Shellshock > Mass Driver > Fuse > Implosion > Skid Plate > Fold > Rewire > Arc Coil > Daisy Chain > Ramjet > Wrecking Ball > Grindshot > Crosscut > Heavy hitter > Scattershot > Hair trigger > Bank shot > Punch through > Splinter > Airshot > Kickback > Bloodwork > Light frame > Burst fire > Backblast > Banker > Landing shot > Blast surfing > Aftershock > Chain reaction > Slingshot > Redline > Breach > Shatter > Shockfront > Backfire > Recall > Homecoming > Capacitor > Reserve cell > Countershot > Reprisal > Linked fuse > Tether rounds > Snapback > Cinder rounds > Crosswind > Flashpoint > Slipstream > Tripwire > Tension > Vector rounds > Afterburner > Retrace > Wallrunner > Air Brake","shellshock > mass-driver > fuse > implosion > skid-plate > fold > rewire > arc-coil > daisy-chain > ramjet > wrecking-ball > grindshot > crosscut > magnum > scatter > rapid > ricochet > pierce > split > airshot > kick > leech > light > burst > backblast > banker > landing > blast-surf > aftershock > chain-reaction > slingshot > redline > breach > shatter > shockfront > backfire > recall > homecoming > capacitor > reserve-cell > countershot > reprisal > linked-fuse > tether > snapback > cinder > crosswind > flashpoint > slipstream > tripwire > tension > vector > afterburner > retrace > wallrunner > air-brake","https://caleb-guyer.github.io/recoil-foundry/?test=branches&combo=demolition.mass-driver.implosion.skid-plate.rewire.daisy-chain.wrecking-ball.crosscut&v=2.74.0","https://caleb-guyer.github.io/recoil-foundry/?test=branches&combo=demolition.mass-driver.implosion.skid-plate.rewire.daisy-chain.wrecking-ball.crosscut&room=boss&v=2.74.0","https://caleb-guyer.github.io/recoil-foundry/?test=branches&combo=demolition.mass-driver.implosion.skid-plate.rewire.daisy-chain.wrecking-ball.crosscut&mirror=1&v=2.74.0"
"demolition.mass-driver.implosion.skid-plate.rewire.daisy-chain.triphammer.corner-cutter","Demolition","Mass Driver","Implosion + Skid Plate + Rewire + Daisy Chain + Triphammer + Corner Cutter","Implosion","56","Shellshock > Mass Driver > Fuse > Implosion > Skid Plate > Fold > Rewire > Arc Coil > Daisy Chain > Ramjet > Triphammer > Grindshot > Corner Cutter > Heavy hitter > Scattershot > Hair trigger > Bank shot > Punch through > Splinter > Airshot > Kickback > Bloodwork > Light frame > Burst fire > Backblast > Banker > Landing shot > Blast surfing > Aftershock > Chain reaction > Slingshot > Redline > Breach > Shatter > Shockfront > Backfire > Recall > Homecoming > Capacitor > Reserve cell > Countershot > Reprisal > Linked fuse > Tether rounds > Snapback > Cinder rounds > Crosswind > Flashpoint > Slipstream > Tripwire > Tension > Vector rounds > Afterburner > Retrace > Wallrunner > Air Brake","shellshock > mass-driver > fuse > implosion > skid-plate > fold > rewire > arc-coil > daisy-chain > ramjet > triphammer > grindshot > corner-cutter > magnum > scatter > rapid > ricochet > pierce > split > airshot > kick > leech > light > burst > backblast > banker > landing > blast-surf > aftershock > chain-reaction > slingshot > redline > breach > shatter > shockfront > backfire > recall > homecoming > capacitor > reserve-cell > countershot > reprisal > linked-fuse > tether > snapback > cinder > crosswind > flashpoint > slipstream > tripwire > tension > vector > afterburner > retrace > wallrunner > air-brake","https://caleb-guyer.github.io/recoil-foundry/?test=branches&combo=demolition.mass-driver.implosion.skid-plate.rewire.daisy-chain.triphammer.corner-cutter&v=2.74.0","https://caleb-guyer.github.io/recoil-foundry/?test=branches&combo=demolition.mass-driver.implosion.skid-plate.rewire.daisy-chain.triphammer.corner-cutter&room=boss&v=2.74.0","https://caleb-guyer.github.io/recoil-foundry/?test=branches&combo=demolition.mass-driver.implosion.skid-plate.rewire.daisy-chain.triphammer.corner-cutter&mirror=1&v=2.74.0"
"demolition.mass-driver.implosion.skid-plate.rewire.daisy-chain.triphammer.crosscut","Demolition","Mass Driver","Implosion + Skid Plate + Rewire + Daisy Chain + Triphammer + Crosscut","Implosion","56","Shellshock > Mass Driver > Fuse > Implosion > Skid Plate > Fold > Rewire > Arc Coil > Daisy Chain > Ramjet > Triphammer > Grindshot > Crosscut > Heavy hitter > Scattershot > Hair trigger > Bank shot > Punch through > Splinter > Airshot > Kickback > Bloodwork > Light frame > Burst fire > Backblast > Banker > Landing shot > Blast surfing > Aftershock > Chain reaction > Slingshot > Redline > Breach > Shatter > Shockfront > Backfire > Recall > Homecoming > Capacitor > Reserve cell > Countershot > Reprisal > Linked fuse > Tether rounds > Snapback > Cinder rounds > Crosswind > Flashpoint > Slipstream > Tripwire > Tension > Vector rounds > Afterburner > Retrace > Wallrunner > Air Brake","shellshock > mass-driver > fuse > implosion > skid-plate > fold > rewire > arc-coil > daisy-chain > ramjet > triphammer > grindshot > crosscut > magnum > scatter > rapid > ricochet > pierce > split > airshot > kick > leech > light > burst > backblast > banker > landing > blast-surf > aftershock > chain-reaction > slingshot > redline > breach > shatter > shockfront > backfire > recall > homecoming > capacitor > reserve-cell > countershot > reprisal > linked-fuse > tether > snapback > cinder > crosswind > flashpoint > slipstream > tripwire > tension > vector > afterburner > retrace > wallrunner > air-brake","https://caleb-guyer.github.io/recoil-foundry/?test=branches&combo=demolition.mass-driver.implosion.skid-plate.rewire.daisy-chain.triphammer.crosscut&v=2.74.0","https://caleb-guyer.github.io/recoil-foundry/?test=branches&combo=demolition.mass-driver.implosion.skid-plate.rewire.daisy-chain.triphammer.crosscut&room=boss&v=2.74.0","https://caleb-guyer.github.io/recoil-foundry/?test=branches&combo=demolition.mass-driver.implosion.skid-plate.rewire.daisy-chain.triphammer.crosscut&mirror=1&v=2.74.0"
"demolition.mass-driver.implosion.skid-plate.rewire.short-circuit.wrecking-ball.corner-cutter","Demolition","Mass Driver","Implosion + Skid Plate + Rewire + Short Circuit + Wrecking Ball + Corner Cutter","Implosion","56","Shellshock > Mass Driver > Fuse > Implosion > Skid Plate > Fold > Rewire > Arc Coil > Short Circuit > Ramjet > Wrecking Ball > Grindshot > Corner Cutter > Heavy hitter > Scattershot > Hair trigger > Bank shot > Punch through > Splinter > Airshot > Kickback > Bloodwork > Light frame > Burst fire > Backblast > Banker > Landing shot > Blast surfing > Aftershock > Chain reaction > Slingshot > Redline > Breach > Shatter > Shockfront > Backfire > Recall > Homecoming > Capacitor > Reserve cell > Countershot > Reprisal > Linked fuse > Tether rounds > Snapback > Cinder rounds > Crosswind > Flashpoint > Slipstream > Tripwire > Tension > Vector rounds > Afterburner > Retrace > Wallrunner > Air Brake","shellshock > mass-driver > fuse > implosion > skid-plate > fold > rewire > arc-coil > short-circuit > ramjet > wrecking-ball > grindshot > corner-cutter > magnum > scatter > rapid > ricochet > pierce > split > airshot > kick > leech > light > burst > backblast > banker > landing > blast-surf > aftershock > chain-reaction > slingshot > redline > breach > shatter > shockfront > backfire > recall > homecoming > capacitor > reserve-cell > countershot > reprisal > linked-fuse > tether > snapback > cinder > crosswind > flashpoint > slipstream > tripwire > tension > vector > afterburner > retrace > wallrunner > air-brake","https://caleb-guyer.github.io/recoil-foundry/?test=branches&combo=demolition.mass-driver.implosion.skid-plate.rewire.short-circuit.wrecking-ball.corner-cutter&v=2.74.0","https://caleb-guyer.github.io/recoil-foundry/?test=branches&combo=demolition.mass-driver.implosion.skid-plate.rewire.short-circuit.wrecking-ball.corner-cutter&room=boss&v=2.74.0","https://caleb-guyer.github.io/recoil-foundry/?test=branches&combo=demolition.mass-driver.implosion.skid-plate.rewire.short-circuit.wrecking-ball.corner-cutter&mirror=1&v=2.74.0"
"demolition.mass-driver.implosion.skid-plate.rewire.short-circuit.wrecking-ball.crosscut","Demolition","Mass Driver","Implosion + Skid Plate + Rewire + Short Circuit + Wrecking Ball + Crosscut","Implosion","56","Shellshock > Mass Driver > Fuse > Implosion > Skid Plate > Fold > Rewire > Arc Coil > Short Circuit > Ramjet > Wrecking Ball > Grindshot > Crosscut > Heavy hitter > Scattershot > Hair trigger > Bank shot > Punch through > Splinter > Airshot > Kickback > Bloodwork > Light frame > Burst fire > Backblast > Banker > Landing shot > Blast surfing > Aftershock > Chain reaction > Slingshot > Redline > Breach > Shatter > Shockfront > Backfire > Recall > Homecoming > Capacitor > Reserve cell > Countershot > Reprisal > Linked fuse > Tether rounds > Snapback > Cinder rounds > Crosswind > Flashpoint > Slipstream > Tripwire > Tension > Vector rounds > Afterburner > Retrace > Wallrunner > Air Brake","shellshock > mass-driver > fuse > implosion > skid-plate > fold > rewire > arc-coil > short-circuit > ramjet > wrecking-ball > grindshot > crosscut > magnum > scatter > rapid > ricochet > pierce > split > airshot > kick > leech > light > burst > backblast > banker > landing > blast-surf > aftershock > chain-reaction > slingshot > redline > breach > shatter > shockfront > backfire > recall > homecoming > capacitor > reserve-cell > countershot > reprisal > linked-fuse > tether > snapback > cinder > crosswind > flashpoint > slipstream > tripwire > tension > vector > afterburner > retrace > wallrunner > air-brake","https://caleb-guyer.github.io/recoil-foundry/?test=branches&combo=demolition.mass-driver.implosion.skid-plate.rewire.short-circuit.wrecking-ball.crosscut&v=2.74.0","https://caleb-guyer.github.io/recoil-foundry/?test=branches&combo=demolition.mass-driver.implosion.skid-plate.rewire.short-circuit.wrecking-ball.crosscut&room=boss&v=2.74.0","https://caleb-guyer.github.io/recoil-foundry/?test=branches&combo=demolition.mass-driver.implosion.skid-plate.rewire.short-circuit.wrecking-ball.crosscut&mirror=1&v=2.74.0"
"demolition.mass-driver.implosion.skid-plate.rewire.short-circuit.triphammer.corner-cutter","Demolition","Mass Driver","Implosion + Skid Plate + Rewire + Short Circuit + Triphammer + Corner Cutter","Implosion","56","Shellshock > Mass Driver > Fuse > Implosion > Skid Plate > Fold > Rewire > Arc Coil > Short Circuit > Ramjet > Triphammer > Grindshot > Corner Cutter > Heavy hitter > Scattershot > Hair trigger > Bank shot > Punch through > Splinter > Airshot > Kickback > Bloodwork > Light frame > Burst fire > Backblast > Banker > Landing shot > Blast surfing > Aftershock > Chain reaction > Slingshot > Redline > Breach > Shatter > Shockfront > Backfire > Recall > Homecoming > Capacitor > Reserve cell > Countershot > Reprisal > Linked fuse > Tether rounds > Snapback > Cinder rounds > Crosswind > Flashpoint > Slipstream > Tripwire > Tension > Vector rounds > Afterburner > Retrace > Wallrunner > Air Brake","shellshock > mass-driver > fuse > implosion > skid-plate > fold > rewire > arc-coil > short-circuit > ramjet > triphammer > grindshot > corner-cutter > magnum > scatter > rapid > ricochet > pierce > split > airshot > kick > leech > light > burst > backblast > banker > landing > blast-surf > aftershock > chain-reaction > slingshot > redline > breach > shatter > shockfront > backfire > recall > homecoming > capacitor > reserve-cell > countershot > reprisal > linked-fuse > tether > snapback > cinder > crosswind > flashpoint > slipstream > tripwire > tension > vector > afterburner > retrace > wallrunner > air-brake","https://caleb-guyer.github.io/recoil-foundry/?test=branches&combo=demolition.mass-driver.implosion.skid-plate.rewire.short-circuit.triphammer.corner-cutter&v=2.74.0","https://caleb-guyer.github.io/recoil-foundry/?test=branches&combo=demolition.mass-driver.implosion.skid-plate.rewire.short-circuit.triphammer.corner-cutter&room=boss&v=2.74.0","https://caleb-guyer.github.io/recoil-foundry/?test=branches&combo=demolition.mass-driver.implosion.skid-plate.rewire.short-circuit.triphammer.corner-cutter&mirror=1&v=2.74.0"
"demolition.mass-driver.implosion.skid-plate.rewire.short-circuit.triphammer.crosscut","Demolition","Mass Driver","Implosion + Skid Plate + Rewire + Short Circuit + Triphammer + Crosscut","Implosion","56","Shellshock > Mass Driver > Fuse > Implosion > Skid Plate > Fold > Rewire > Arc Coil > Short Circuit > Ramjet > Triphammer > Grindshot > Crosscut > Heavy hitter > Scattershot > Hair trigger > Bank shot > Punch through > Splinter > Airshot > Kickback > Bloodwork > Light frame > Burst fire > Backblast > Banker > Landing shot > Blast surfing > Aftershock > Chain reaction > Slingshot > Redline > Breach > Shatter > Shockfront > Backfire > Recall > Homecoming > Capacitor > Reserve cell > Countershot > Reprisal > Linked fuse > Tether rounds > Snapback > Cinder rounds > Crosswind > Flashpoint > Slipstream > Tripwire > Tension > Vector rounds > Afterburner > Retrace > Wallrunner > Air Brake","shellshock > mass-driver > fuse > implosion > skid-plate > fold > rewire > arc-coil > short-circuit > ramjet > triphammer > grindshot > crosscut > magnum > scatter > rapid > ricochet > pierce > split > airshot > kick > leech > light > burst > backblast > banker > landing > blast-surf > aftershock > chain-reaction > slingshot > redline > breach > shatter > shockfront > backfire > recall > homecoming > capacitor > reserve-cell > countershot > reprisal > linked-fuse > tether > snapback > cinder > crosswind > flashpoint > slipstream > tripwire > tension > vector > afterburner > retrace > wallrunner > air-brake","https://caleb-guyer.github.io/recoil-foundry/?test=branches&combo=demolition.mass-driver.implosion.skid-plate.rewire.short-circuit.triphammer.crosscut&v=2.74.0","https://caleb-guyer.github.io/recoil-foundry/?test=branches&combo=demolition.mass-driver.implosion.skid-plate.rewire.short-circuit.triphammer.crosscut&room=boss&v=2.74.0","https://caleb-guyer.github.io/recoil-foundry/?test=branches&combo=demolition.mass-driver.implosion.skid-plate.rewire.short-circuit.triphammer.crosscut&mirror=1&v=2.74.0"
"demolition.mass-driver.implosion.skid-plate.relay-gate.daisy-chain.wrecking-ball.corner-cutter","Demolition","Mass Driver","Implosion + Skid Plate + Relay Gate + Daisy Chain + Wrecking Ball + Corner Cutter","Implosion","56","Shellshock > Mass Driver > Fuse > Implosion > Skid Plate > Fold > Relay Gate > Arc Coil > Daisy Chain > Ramjet > Wrecking Ball > Grindshot > Corner Cutter > Heavy hitter > Scattershot > Hair trigger > Bank shot > Punch through > Splinter > Airshot > Kickback > Bloodwork > Light frame > Burst fire > Backblast > Banker > Landing shot > Blast surfing > Aftershock > Chain reaction > Slingshot > Redline > Breach > Shatter > Shockfront > Backfire > Recall > Homecoming > Capacitor > Reserve cell > Countershot > Reprisal > Linked fuse > Tether rounds > Snapback > Cinder rounds > Crosswind > Flashpoint > Slipstream > Tripwire > Tension > Vector rounds > Afterburner > Retrace > Wallrunner > Air Brake","shellshock > mass-driver > fuse > implosion > skid-plate > fold > relay-gate > arc-coil > daisy-chain > ramjet > wrecking-ball > grindshot > corner-cutter > magnum > scatter > rapid > ricochet > pierce > split > airshot > kick > leech > light > burst > backblast > banker > landing > blast-surf > aftershock > chain-reaction > slingshot > redline > breach > shatter > shockfront > backfire > recall > homecoming > capacitor > reserve-cell > countershot > reprisal > linked-fuse > tether > snapback > cinder > crosswind > flashpoint > slipstream > tripwire > tension > vector > afterburner > retrace > wallrunner > air-brake","https://caleb-guyer.github.io/recoil-foundry/?test=branches&combo=demolition.mass-driver.implosion.skid-plate.relay-gate.daisy-chain.wrecking-ball.corner-cutter&v=2.74.0","https://caleb-guyer.github.io/recoil-foundry/?test=branches&combo=demolition.mass-driver.implosion.skid-plate.relay-gate.daisy-chain.wrecking-ball.corner-cutter&room=boss&v=2.74.0","https://caleb-guyer.github.io/recoil-foundry/?test=branches&combo=demolition.mass-driver.implosion.skid-plate.relay-gate.daisy-chain.wrecking-ball.corner-cutter&mirror=1&v=2.74.0"
"demolition.mass-driver.implosion.skid-plate.relay-gate.daisy-chain.wrecking-ball.crosscut","Demolition","Mass Driver","Implosion + Skid Plate + Relay Gate + Daisy Chain + Wrecking Ball + Crosscut","Implosion","56","Shellshock > Mass Driver > Fuse > Implosion > Skid Plate > Fold > Relay Gate > Arc Coil > Daisy Chain > Ramjet > Wrecking Ball > Grindshot > Crosscut > Heavy hitter > Scattershot > Hair trigger > Bank shot > Punch through > Splinter > Airshot > Kickback > Bloodwork > Light frame > Burst fire > Backblast > Banker > Landing shot > Blast surfing > Aftershock > Chain reaction > Slingshot > Redline > Breach > Shatter > Shockfront > Backfire > Recall > Homecoming > Capacitor > Reserve cell > Countershot > Reprisal > Linked fuse > Tether rounds > Snapback > Cinder rounds > Crosswind > Flashpoint > Slipstream > Tripwire > Tension > Vector rounds > Afterburner > Retrace > Wallrunner > Air Brake","shellshock > mass-driver > fuse > implosion > skid-plate > fold > relay-gate > arc-coil > daisy-chain > ramjet > wrecking-ball > grindshot > crosscut > magnum > scatter > rapid > ricochet > pierce > split > airshot > kick > leech > light > burst > backblast > banker > landing > blast-surf > aftershock > chain-reaction > slingshot > redline > breach > shatter > shockfront > backfire > recall > homecoming > capacitor > reserve-cell > countershot > reprisal > linked-fuse > tether > snapback > cinder > crosswind > flashpoint > slipstream > tripwire > tension > vector > afterburner > retrace > wallrunner > air-brake","https://caleb-guyer.github.io/recoil-foundry/?test=branches&combo=demolition.mass-driver.implosion.skid-plate.relay-gate.daisy-chain.wrecking-ball.crosscut&v=2.74.0","https://caleb-guyer.github.io/recoil-foundry/?test=branches&combo=demolition.mass-driver.implosion.skid-plate.relay-gate.daisy-chain.wrecking-ball.crosscut&room=boss&v=2.74.0","https://caleb-guyer.github.io/recoil-foundry/?test=branches&combo=demolition.mass-driver.implosion.skid-plate.relay-gate.daisy-chain.wrecking-ball.crosscut&mirror=1&v=2.74.0"
"demolition.mass-driver.implosion.skid-plate.relay-gate.daisy-chain.triphammer.corner-cutter","Demolition","Mass Driver","Implosion + Skid Plate + Relay Gate + Daisy Chain + Triphammer + Corner Cutter","Implosion","56","Shellshock > Mass Driver > Fuse > Implosion > Skid Plate > Fold > Relay Gate > Arc Coil > Daisy Chain > Ramjet > Triphammer > Grindshot > Corner Cutter > Heavy hitter > Scattershot > Hair trigger > Bank shot > Punch through > Splinter > Airshot > Kickback > Bloodwork > Light frame > Burst fire > Backblast > Banker > Landing shot > Blast surfing > Aftershock > Chain reaction > Slingshot > Redline > Breach > Shatter > Shockfront > Backfire > Recall > Homecoming > Capacitor > Reserve cell > Countershot > Reprisal > Linked fuse > Tether rounds > Snapback > Cinder rounds > Crosswind > Flashpoint > Slipstream > Tripwire > Tension > Vector rounds > Afterburner > Retrace > Wallrunner > Air Brake","shellshock > mass-driver > fuse > implosion > skid-plate > fold > relay-gate > arc-coil > daisy-chain > ramjet > triphammer > grindshot > corner-cutter > magnum > scatter > rapid > ricochet > pierce > split > airshot > kick > leech > light > burst > backblast > banker > landing > blast-surf > aftershock > chain-reaction > slingshot > redline > breach > shatter > shockfront > backfire > recall > homecoming > capacitor > reserve-cell > countershot > reprisal > linked-fuse > tether > snapback > cinder > crosswind > flashpoint > slipstream > tripwire > tension > vector > afterburner > retrace > wallrunner > air-brake","https://caleb-guyer.github.io/recoil-foundry/?test=branches&combo=demolition.mass-driver.implosion.skid-plate.relay-gate.daisy-chain.triphammer.corner-cutter&v=2.74.0","https://caleb-guyer.github.io/recoil-foundry/?test=branches&combo=demolition.mass-driver.implosion.skid-plate.relay-gate.daisy-chain.triphammer.corner-cutter&room=boss&v=2.74.0","https://caleb-guyer.github.io/recoil-foundry/?test=branches&combo=demolition.mass-driver.implosion.skid-plate.relay-gate.daisy-chain.triphammer.corner-cutter&mirror=1&v=2.74.0"
"demolition.mass-driver.implosion.skid-plate.relay-gate.daisy-chain.triphammer.crosscut","Demolition","Mass Driver","Implosion + Skid Plate + Relay Gate + Daisy Chain + Triphammer + Crosscut","Implosion","56","Shellshock > Mass Driver > Fuse > Implosion > Skid Plate > Fold > Relay Gate > Arc Coil > Daisy Chain > Ramjet > Triphammer > Grindshot > Crosscut > Heavy hitter > Scattershot > Hair trigger > Bank shot > Punch through > Splinter > Airshot > Kickback > Bloodwork > Light frame > Burst fire > Backblast > Banker > Landing shot > Blast surfing > Aftershock > Chain reaction > Slingshot > Redline > Breach > Shatter > Shockfront > Backfire > Recall > Homecoming > Capacitor > Reserve cell > Countershot > Reprisal > Linked fuse > Tether rounds > Snapback > Cinder rounds > Crosswind > Flashpoint > Slipstream > Tripwire > Tension > Vector rounds > Afterburner > Retrace > Wallrunner > Air Brake","shellshock > mass-driver > fuse > implosion > skid-plate > fold > relay-gate > arc-coil > daisy-chain > ramjet > triphammer > grindshot > crosscut > magnum > scatter > rapid > ricochet > pierce > split > airshot > kick > leech > light > burst > backblast > banker > landing > blast-surf > aftershock > chain-reaction > slingshot > redline > breach > shatter > shockfront > backfire > recall > homecoming > capacitor > reserve-cell > countershot > reprisal > linked-fuse > tether > snapback > cinder > crosswind > flashpoint > slipstream > tripwire > tension > vector > afterburner > retrace > wallrunner > air-brake","https://caleb-guyer.github.io/recoil-foundry/?test=branches&combo=demolition.mass-driver.implosion.skid-plate.relay-gate.daisy-chain.triphammer.crosscut&v=2.74.0","https://caleb-guyer.github.io/recoil-foundry/?test=branches&combo=demolition.mass-driver.implosion.skid-plate.relay-gate.daisy-chain.triphammer.crosscut&room=boss&v=2.74.0","https://caleb-guyer.github.io/recoil-foundry/?test=branches&combo=demolition.mass-driver.implosion.skid-plate.relay-gate.daisy-chain.triphammer.crosscut&mirror=1&v=2.74.0"
"demolition.mass-driver.implosion.skid-plate.relay-gate.short-circuit.wrecking-ball.corner-cutter","Demolition","Mass Driver","Implosion + Skid Plate + Relay Gate + Short Circuit + Wrecking Ball + Corner Cutter","Implosion","56","Shellshock > Mass Driver > Fuse > Implosion > Skid Plate > Fold > Relay Gate > Arc Coil > Short Circuit > Ramjet > Wrecking Ball > Grindshot > Corner Cutter > Heavy hitter > Scattershot > Hair trigger > Bank shot > Punch through > Splinter > Airshot > Kickback > Bloodwork > Light frame > Burst fire > Backblast > Banker > Landing shot > Blast surfing > Aftershock > Chain reaction > Slingshot > Redline > Breach > Shatter > Shockfront > Backfire > Recall > Homecoming > Capacitor > Reserve cell > Countershot > Reprisal > Linked fuse > Tether rounds > Snapback > Cinder rounds > Crosswind > Flashpoint > Slipstream > Tripwire > Tension > Vector rounds > Afterburner > Retrace > Wallrunner > Air Brake","shellshock > mass-driver > fuse > implosion > skid-plate > fold > relay-gate > arc-coil > short-circuit > ramjet > wrecking-ball > grindshot > corner-cutter > magnum > scatter > rapid > ricochet > pierce > split > airshot > kick > leech > light > burst > backblast > banker > landing > blast-surf > aftershock > chain-reaction > slingshot > redline > breach > shatter > shockfront > backfire > recall > homecoming > capacitor > reserve-cell > countershot > reprisal > linked-fuse > tether > snapback > cinder > crosswind > flashpoint > slipstream > tripwire > tension > vector > afterburner > retrace > wallrunner > air-brake","https://caleb-guyer.github.io/recoil-foundry/?test=branches&combo=demolition.mass-driver.implosion.skid-plate.relay-gate.short-circuit.wrecking-ball.corner-cutter&v=2.74.0","https://caleb-guyer.github.io/recoil-foundry/?test=branches&combo=demolition.mass-driver.implosion.skid-plate.relay-gate.short-circuit.wrecking-ball.corner-cutter&room=boss&v=2.74.0","https://caleb-guyer.github.io/recoil-foundry/?test=branches&combo=demolition.mass-driver.implosion.skid-plate.relay-gate.short-circuit.wrecking-ball.corner-cutter&mirror=1&v=2.74.0"
"demolition.mass-driver.implosion.skid-plate.relay-gate.short-circuit.wrecking-ball.crosscut","Demolition","Mass Driver","Implosion + Skid Plate + Relay Gate + Short Circuit + Wrecking Ball + Crosscut","Implosion","56","Shellshock > Mass Driver > Fuse > Implosion > Skid Plate > Fold > Relay Gate > Arc Coil > Short Circuit > Ramjet > Wrecking Ball > Grindshot > Crosscut > Heavy hitter > Scattershot > Hair trigger > Bank shot > Punch through > Splinter > Airshot > Kickback > Bloodwork > Light frame > Burst fire > Backblast > Banker > Landing shot > Blast surfing > Aftershock > Chain reaction > Slingshot > Redline > Breach > Shatter > Shockfront > Backfire > Recall > Homecoming > Capacitor > Reserve cell > Countershot > Reprisal > Linked fuse > Tether rounds > Snapback > Cinder rounds > Crosswind > Flashpoint > Slipstream > Tripwire > Tension > Vector rounds > Afterburner > Retrace > Wallrunner > Air Brake","shellshock > mass-driver > fuse > implosion > skid-plate > fold > relay-gate > arc-coil > short-circuit > ramjet > wrecking-ball > grindshot > crosscut > magnum > scatter > rapid > ricochet > pierce > split > airshot > kick > leech > light > burst > backblast > banker > landing > blast-surf > aftershock > chain-reaction > slingshot > redline > breach > shatter > shockfront > backfire > recall > homecoming > capacitor > reserve-cell > countershot > reprisal > linked-fuse > tether > snapback > cinder > crosswind > flashpoint > slipstream > tripwire > tension > vector > afterburner > retrace > wallrunner > air-brake","https://caleb-guyer.github.io/recoil-foundry/?test=branches&combo=demolition.mass-driver.implosion.skid-plate.relay-gate.short-circuit.wrecking-ball.crosscut&v=2.74.0","https://caleb-guyer.github.io/recoil-foundry/?test=branches&combo=demolition.mass-driver.implosion.skid-plate.relay-gate.short-circuit.wrecking-ball.crosscut&room=boss&v=2.74.0","https://caleb-guyer.github.io/recoil-foundry/?test=branches&combo=demolition.mass-driver.implosion.skid-plate.relay-gate.short-circuit.wrecking-ball.crosscut&mirror=1&v=2.74.0"
"demolition.mass-driver.implosion.skid-plate.relay-gate.short-circuit.triphammer.corner-cutter","Demolition","Mass Driver","Implosion + Skid Plate + Relay Gate + Short Circuit + Triphammer + Corner Cutter","Implosion","56","Shellshock > Mass Driver > Fuse > Implosion > Skid Plate > Fold > Relay Gate > Arc Coil > Short Circuit > Ramjet > Triphammer > Grindshot > Corner Cutter > Heavy hitter > Scattershot > Hair trigger > Bank shot > Punch through > Splinter > Airshot > Kickback > Bloodwork > Light frame > Burst fire > Backblast > Banker > Landing shot > Blast surfing > Aftershock > Chain reaction > Slingshot > Redline > Breach > Shatter > Shockfront > Backfire > Recall > Homecoming > Capacitor > Reserve cell > Countershot > Reprisal > Linked fuse > Tether rounds > Snapback > Cinder rounds > Crosswind > Flashpoint > Slipstream > Tripwire > Tension > Vector rounds > Afterburner > Retrace > Wallrunner > Air Brake","shellshock > mass-driver > fuse > implosion > skid-plate > fold > relay-gate > arc-coil > short-circuit > ramjet > triphammer > grindshot > corner-cutter > magnum > scatter > rapid > ricochet > pierce > split > airshot > kick > leech > light > burst > backblast > banker > landing > blast-surf > aftershock > chain-reaction > slingshot > redline > breach > shatter > shockfront > backfire > recall > homecoming > capacitor > reserve-cell > countershot > reprisal > linked-fuse > tether > snapback > cinder > crosswind > flashpoint > slipstream > tripwire > tension > vector > afterburner > retrace > wallrunner > air-brake","https://caleb-guyer.github.io/recoil-foundry/?test=branches&combo=demolition.mass-driver.implosion.skid-plate.relay-gate.short-circuit.triphammer.corner-cutter&v=2.74.0","https://caleb-guyer.github.io/recoil-foundry/?test=branches&combo=demolition.mass-driver.implosion.skid-plate.relay-gate.short-circuit.triphammer.corner-cutter&room=boss&v=2.74.0","https://caleb-guyer.github.io/recoil-foundry/?test=branches&combo=demolition.mass-driver.implosion.skid-plate.relay-gate.short-circuit.triphammer.corner-cutter&mirror=1&v=2.74.0"
"demolition.mass-driver.implosion.skid-plate.relay-gate.short-circuit.triphammer.crosscut","Demolition","Mass Driver","Implosion + Skid Plate + Relay Gate + Short Circuit + Triphammer + Crosscut","Implosion","56","Shellshock > Mass Driver > Fuse > Implosion > Skid Plate > Fold > Relay Gate > Arc Coil > Short Circuit > Ramjet > Triphammer > Grindshot > Crosscut > Heavy hitter > Scattershot > Hair trigger > Bank shot > Punch through > Splinter > Airshot > Kickback > Bloodwork > Light frame > Burst fire > Backblast > Banker > Landing shot > Blast surfing > Aftershock > Chain reaction > Slingshot > Redline > Breach > Shatter > Shockfront > Backfire > Recall > Homecoming > Capacitor > Reserve cell > Countershot > Reprisal > Linked fuse > Tether rounds > Snapback > Cinder rounds > Crosswind > Flashpoint > Slipstream > Tripwire > Tension > Vector rounds > Afterburner > Retrace > Wallrunner > Air Brake","shellshock > mass-driver > fuse > implosion > skid-plate > fold > relay-gate > arc-coil > short-circuit > ramjet > triphammer > grindshot > crosscut > magnum > scatter > rapid > ricochet > pierce > split > airshot > kick > leech > light > burst > backblast > banker > landing > blast-surf > aftershock > chain-reaction > slingshot > redline > breach > shatter > shockfront > backfire > recall > homecoming > capacitor > reserve-cell > countershot > reprisal > linked-fuse > tether > snapback > cinder > crosswind > flashpoint > slipstream > tripwire > tension > vector > afterburner > retrace > wallrunner > air-brake","https://caleb-guyer.github.io/recoil-foundry/?test=branches&combo=demolition.mass-driver.implosion.skid-plate.relay-gate.short-circuit.triphammer.crosscut&v=2.74.0","https://caleb-guyer.github.io/recoil-foundry/?test=branches&combo=demolition.mass-driver.implosion.skid-plate.relay-gate.short-circuit.triphammer.crosscut&room=boss&v=2.74.0","https://caleb-guyer.github.io/recoil-foundry/?test=branches&combo=demolition.mass-driver.implosion.skid-plate.relay-gate.short-circuit.triphammer.crosscut&mirror=1&v=2.74.0"
"demolition.mass-driver.shaped-charge.drop-forge.rewire.daisy-chain.wrecking-ball.corner-cutter","Demolition","Mass Driver","Shaped Charge + Drop Forge + Rewire + Daisy Chain + Wrecking Ball + Corner Cutter","undefined","56","Shellshock > Mass Driver > Shaped Charge > Drop Forge > Fold > Rewire > Arc Coil > Daisy Chain > Ramjet > Wrecking Ball > Grindshot > Corner Cutter > Heavy hitter > Scattershot > Hair trigger > Bank shot > Punch through > Splinter > Airshot > Kickback > Bloodwork > Light frame > Burst fire > Backblast > Banker > Landing shot > Blast surfing > Aftershock > Chain reaction > Slingshot > Redline > Breach > Shatter > Shockfront > Backfire > Recall > Homecoming > Capacitor > Reserve cell > Countershot > Reprisal > Fuse > Linked fuse > Tether rounds > Snapback > Cinder rounds > Crosswind > Flashpoint > Slipstream > Tripwire > Tension > Vector rounds > Afterburner > Retrace > Wallrunner > Air Brake","shellshock > mass-driver > shaped-charge > drop-forge > fold > rewire > arc-coil > daisy-chain > ramjet > wrecking-ball > grindshot > corner-cutter > magnum > scatter > rapid > ricochet > pierce > split > airshot > kick > leech > light > burst > backblast > banker > landing > blast-surf > aftershock > chain-reaction > slingshot > redline > breach > shatter > shockfront > backfire > recall > homecoming > capacitor > reserve-cell > countershot > reprisal > fuse > linked-fuse > tether > snapback > cinder > crosswind > flashpoint > slipstream > tripwire > tension > vector > afterburner > retrace > wallrunner > air-brake","https://caleb-guyer.github.io/recoil-foundry/?test=branches&combo=demolition.mass-driver.shaped-charge.drop-forge.rewire.daisy-chain.wrecking-ball.corner-cutter&v=2.74.0","https://caleb-guyer.github.io/recoil-foundry/?test=branches&combo=demolition.mass-driver.shaped-charge.drop-forge.rewire.daisy-chain.wrecking-ball.corner-cutter&room=boss&v=2.74.0","https://caleb-guyer.github.io/recoil-foundry/?test=branches&combo=demolition.mass-driver.shaped-charge.drop-forge.rewire.daisy-chain.wrecking-ball.corner-cutter&mirror=1&v=2.74.0"
"demolition.mass-driver.shaped-charge.drop-forge.rewire.daisy-chain.wrecking-ball.crosscut","Demolition","Mass Driver","Shaped Charge + Drop Forge + Rewire + Daisy Chain + Wrecking Ball + Crosscut","undefined","56","Shellshock > Mass Driver > Shaped Charge > Drop Forge > Fold > Rewire > Arc Coil > Daisy Chain > Ramjet > Wrecking Ball > Grindshot > Crosscut > Heavy hitter > Scattershot > Hair trigger > Bank shot > Punch through > Splinter > Airshot > Kickback > Bloodwork > Light frame > Burst fire > Backblast > Banker > Landing shot > Blast surfing > Aftershock > Chain reaction > Slingshot > Redline > Breach > Shatter > Shockfront > Backfire > Recall > Homecoming > Capacitor > Reserve cell > Countershot > Reprisal > Fuse > Linked fuse > Tether rounds > Snapback > Cinder rounds > Crosswind > Flashpoint > Slipstream > Tripwire > Tension > Vector rounds > Afterburner > Retrace > Wallrunner > Air Brake","shellshock > mass-driver > shaped-charge > drop-forge > fold > rewire > arc-coil > daisy-chain > ramjet > wrecking-ball > grindshot > crosscut > magnum > scatter > rapid > ricochet > pierce > split > airshot > kick > leech > light > burst > backblast > banker > landing > blast-surf > aftershock > chain-reaction > slingshot > redline > breach > shatter > shockfront > backfire > recall > homecoming > capacitor > reserve-cell > countershot > reprisal > fuse > linked-fuse > tether > snapback > cinder > crosswind > flashpoint > slipstream > tripwire > tension > vector > afterburner > retrace > wallrunner > air-brake","https://caleb-guyer.github.io/recoil-foundry/?test=branches&combo=demolition.mass-driver.shaped-charge.drop-forge.rewire.daisy-chain.wrecking-ball.crosscut&v=2.74.0","https://caleb-guyer.github.io/recoil-foundry/?test=branches&combo=demolition.mass-driver.shaped-charge.drop-forge.rewire.daisy-chain.wrecking-ball.crosscut&room=boss&v=2.74.0","https://caleb-guyer.github.io/recoil-foundry/?test=branches&combo=demolition.mass-driver.shaped-charge.drop-forge.rewire.daisy-chain.wrecking-ball.crosscut&mirror=1&v=2.74.0"
"demolition.mass-driver.shaped-charge.drop-forge.rewire.daisy-chain.triphammer.corner-cutter","Demolition","Mass Driver","Shaped Charge + Drop Forge + Rewire + Daisy Chain + Triphammer + Corner Cutter","undefined","56","Shellshock > Mass Driver > Shaped Charge > Drop Forge > Fold > Rewire > Arc Coil > Daisy Chain > Ramjet > Triphammer > Grindshot > Corner Cutter > Heavy hitter > Scattershot > Hair trigger > Bank shot > Punch through > Splinter > Airshot > Kickback > Bloodwork > Light frame > Burst fire > Backblast > Banker > Landing shot > Blast surfing > Aftershock > Chain reaction > Slingshot > Redline > Breach > Shatter > Shockfront > Backfire > Recall > Homecoming > Capacitor > Reserve cell > Countershot > Reprisal > Fuse > Linked fuse > Tether rounds > Snapback > Cinder rounds > Crosswind > Flashpoint > Slipstream > Tripwire > Tension > Vector rounds > Afterburner > Retrace > Wallrunner > Air Brake","shellshock > mass-driver > shaped-charge > drop-forge > fold > rewire > arc-coil > daisy-chain > ramjet > triphammer > grindshot > corner-cutter > magnum > scatter > rapid > ricochet > pierce > split > airshot > kick > leech > light > burst > backblast > banker > landing > blast-surf > aftershock > chain-reaction > slingshot > redline > breach > shatter > shockfront > backfire > recall > homecoming > capacitor > reserve-cell > countershot > reprisal > fuse > linked-fuse > tether > snapback > cinder > crosswind > flashpoint > slipstream > tripwire > tension > vector > afterburner > retrace > wallrunner > air-brake","https://caleb-guyer.github.io/recoil-foundry/?test=branches&combo=demolition.mass-driver.shaped-charge.drop-forge.rewire.daisy-chain.triphammer.corner-cutter&v=2.74.0","https://caleb-guyer.github.io/recoil-foundry/?test=branches&combo=demolition.mass-driver.shaped-charge.drop-forge.rewire.daisy-chain.triphammer.corner-cutter&room=boss&v=2.74.0","https://caleb-guyer.github.io/recoil-foundry/?test=branches&combo=demolition.mass-driver.shaped-charge.drop-forge.rewire.daisy-chain.triphammer.corner-cutter&mirror=1&v=2.74.0"
"demolition.mass-driver.shaped-charge.drop-forge.rewire.daisy-chain.triphammer.crosscut","Demolition","Mass Driver","Shaped Charge + Drop Forge + Rewire + Daisy Chain + Triphammer + Crosscut","undefined","56","Shellshock > Mass Driver > Shaped Charge > Drop Forge > Fold > Rewire > Arc Coil > Daisy Chain > Ramjet > Triphammer > Grindshot > Crosscut > Heavy hitter > Scattershot > Hair trigger > Bank shot > Punch through > Splinter > Airshot > Kickback > Bloodwork > Light frame > Burst fire > Backblast > Banker > Landing shot > Blast surfing > Aftershock > Chain reaction > Slingshot > Redline > Breach > Shatter > Shockfront > Backfire > Recall > Homecoming > Capacitor > Reserve cell > Countershot > Reprisal > Fuse > Linked fuse > Tether rounds > Snapback > Cinder rounds > Crosswind > Flashpoint > Slipstream > Tripwire > Tension > Vector rounds > Afterburner > Retrace > Wallrunner > Air Brake","shellshock > mass-driver > shaped-charge > drop-forge > fold > rewire > arc-coil > daisy-chain > ramjet > triphammer > grindshot > crosscut > magnum > scatter > rapid > ricochet > pierce > split > airshot > kick > leech > light > burst > backblast > banker > landing > blast-surf > aftershock > chain-reaction > slingshot > redline > breach > shatter > shockfront > backfire > recall > homecoming > capacitor > reserve-cell > countershot > reprisal > fuse > linked-fuse > tether > snapback > cinder > crosswind > flashpoint > slipstream > tripwire > tension > vector > afterburner > retrace > wallrunner > air-brake","https://caleb-guyer.github.io/recoil-foundry/?test=branches&combo=demolition.mass-driver.shaped-charge.drop-forge.rewire.daisy-chain.triphammer.crosscut&v=2.74.0","https://caleb-guyer.github.io/recoil-foundry/?test=branches&combo=demolition.mass-driver.shaped-charge.drop-forge.rewire.daisy-chain.triphammer.crosscut&room=boss&v=2.74.0","https://caleb-guyer.github.io/recoil-foundry/?test=branches&combo=demolition.mass-driver.shaped-charge.drop-forge.rewire.daisy-chain.triphammer.crosscut&mirror=1&v=2.74.0"
"demolition.mass-driver.shaped-charge.drop-forge.rewire.short-circuit.wrecking-ball.corner-cutter","Demolition","Mass Driver","Shaped Charge + Drop Forge + Rewire + Short Circuit + Wrecking Ball + Corner Cutter","undefined","56","Shellshock > Mass Driver > Shaped Charge > Drop Forge > Fold > Rewire > Arc Coil > Short Circuit > Ramjet > Wrecking Ball > Grindshot > Corner Cutter > Heavy hitter > Scattershot > Hair trigger > Bank shot > Punch through > Splinter > Airshot > Kickback > Bloodwork > Light frame > Burst fire > Backblast > Banker > Landing shot > Blast surfing > Aftershock > Chain reaction > Slingshot > Redline > Breach > Shatter > Shockfront > Backfire > Recall > Homecoming > Capacitor > Reserve cell > Countershot > Reprisal > Fuse > Linked fuse > Tether rounds > Snapback > Cinder rounds > Crosswind > Flashpoint > Slipstream > Tripwire > Tension > Vector rounds > Afterburner > Retrace > Wallrunner > Air Brake","shellshock > mass-driver > shaped-charge > drop-forge > fold > rewire > arc-coil > short-circuit > ramjet > wrecking-ball > grindshot > corner-cutter > magnum > scatter > rapid > ricochet > pierce > split > airshot > kick > leech > light > burst > backblast > banker > landing > blast-surf > aftershock > chain-reaction > slingshot > redline > breach > shatter > shockfront > backfire > recall > homecoming > capacitor > reserve-cell > countershot > reprisal > fuse > linked-fuse > tether > snapback > cinder > crosswind > flashpoint > slipstream > tripwire > tension > vector > afterburner > retrace > wallrunner > air-brake","https://caleb-guyer.github.io/recoil-foundry/?test=branches&combo=demolition.mass-driver.shaped-charge.drop-forge.rewire.short-circuit.wrecking-ball.corner-cutter&v=2.74.0","https://caleb-guyer.github.io/recoil-foundry/?test=branches&combo=demolition.mass-driver.shaped-charge.drop-forge.rewire.short-circuit.wrecking-ball.corner-cutter&room=boss&v=2.74.0","https://caleb-guyer.github.io/recoil-foundry/?test=branches&combo=demolition.mass-driver.shaped-charge.drop-forge.rewire.short-circuit.wrecking-ball.corner-cutter&mirror=1&v=2.74.0"
"demolition.mass-driver.shaped-charge.drop-forge.rewire.short-circuit.wrecking-ball.crosscut","Demolition","Mass Driver","Shaped Charge + Drop Forge + Rewire + Short Circuit + Wrecking Ball + Crosscut","undefined","56","Shellshock > Mass Driver > Shaped Charge > Drop Forge > Fold > Rewire > Arc Coil > Short Circuit > Ramjet > Wrecking Ball > Grindshot > Crosscut > Heavy hitter > Scattershot > Hair trigger > Bank shot > Punch through > Splinter > Airshot > Kickback > Bloodwork > Light frame > Burst fire > Backblast > Banker > Landing shot > Blast surfing > Aftershock > Chain reaction > Slingshot > Redline > Breach > Shatter > Shockfront > Backfire > Recall > Homecoming > Capacitor > Reserve cell > Countershot > Reprisal > Fuse > Linked fuse > Tether rounds > Snapback > Cinder rounds > Crosswind > Flashpoint > Slipstream > Tripwire > Tension > Vector rounds > Afterburner > Retrace > Wallrunner > Air Brake","shellshock > mass-driver > shaped-charge > drop-forge > fold > rewire > arc-coil > short-circuit > ramjet > wrecking-ball > grindshot > crosscut > magnum > scatter > rapid > ricochet > pierce > split > airshot > kick > leech > light > burst > backblast > banker > landing > blast-surf > aftershock > chain-reaction > slingshot > redline > breach > shatter > shockfront > backfire > recall > homecoming > capacitor > reserve-cell > countershot > reprisal > fuse > linked-fuse > tether > snapback > cinder > crosswind > flashpoint > slipstream > tripwire > tension > vector > afterburner > retrace > wallrunner > air-brake","https://caleb-guyer.github.io/recoil-foundry/?test=branches&combo=demolition.mass-driver.shaped-charge.drop-forge.rewire.short-circuit.wrecking-ball.crosscut&v=2.74.0","https://caleb-guyer.github.io/recoil-foundry/?test=branches&combo=demolition.mass-driver.shaped-charge.drop-forge.rewire.short-circuit.wrecking-ball.crosscut&room=boss&v=2.74.0","https://caleb-guyer.github.io/recoil-foundry/?test=branches&combo=demolition.mass-driver.shaped-charge.drop-forge.rewire.short-circuit.wrecking-ball.crosscut&mirror=1&v=2.74.0"
"demolition.mass-driver.shaped-charge.drop-forge.rewire.short-circuit.triphammer.corner-cutter","Demolition","Mass Driver","Shaped Charge + Drop Forge + Rewire + Short Circuit + Triphammer + Corner Cutter","undefined","56","Shellshock > Mass Driver > Shaped Charge > Drop Forge > Fold > Rewire > Arc Coil > Short Circuit > Ramjet > Triphammer > Grindshot > Corner Cutter > Heavy hitter > Scattershot > Hair trigger > Bank shot > Punch through > Splinter > Airshot > Kickback > Bloodwork > Light frame > Burst fire > Backblast > Banker > Landing shot > Blast surfing > Aftershock > Chain reaction > Slingshot > Redline > Breach > Shatter > Shockfront > Backfire > Recall > Homecoming > Capacitor > Reserve cell > Countershot > Reprisal > Fuse > Linked fuse > Tether rounds > Snapback > Cinder rounds > Crosswind > Flashpoint > Slipstream > Tripwire > Tension > Vector rounds > Afterburner > Retrace > Wallrunner > Air Brake","shellshock > mass-driver > shaped-charge > drop-forge > fold > rewire > arc-coil > short-circuit > ramjet > triphammer > grindshot > corner-cutter > magnum > scatter > rapid > ricochet > pierce > split > airshot > kick > leech > light > burst > backblast > banker > landing > blast-surf > aftershock > chain-reaction > slingshot > redline > breach > shatter > shockfront > backfire > recall > homecoming > capacitor > reserve-cell > countershot > reprisal > fuse > linked-fuse > tether > snapback > cinder > crosswind > flashpoint > slipstream > tripwire > tension > vector > afterburner > retrace > wallrunner > air-brake","https://caleb-guyer.github.io/recoil-foundry/?test=branches&combo=demolition.mass-driver.shaped-charge.drop-forge.rewire.short-circuit.triphammer.corner-cutter&v=2.74.0","https://caleb-guyer.github.io/recoil-foundry/?test=branches&combo=demolition.mass-driver.shaped-charge.drop-forge.rewire.short-circuit.triphammer.corner-cutter&room=boss&v=2.74.0","https://caleb-guyer.github.io/recoil-foundry/?test=branches&combo=demolition.mass-driver.shaped-charge.drop-forge.rewire.short-circuit.triphammer.corner-cutter&mirror=1&v=2.74.0"
"demolition.mass-driver.shaped-charge.drop-forge.rewire.short-circuit.triphammer.crosscut","Demolition","Mass Driver","Shaped Charge + Drop Forge + Rewire + Short Circuit + Triphammer + Crosscut","undefined","56","Shellshock > Mass Driver > Shaped Charge > Drop Forge > Fold > Rewire > Arc Coil > Short Circuit > Ramjet > Triphammer > Grindshot > Crosscut > Heavy hitter > Scattershot > Hair trigger > Bank shot > Punch through > Splinter > Airshot > Kickback > Bloodwork > Light frame > Burst fire > Backblast > Banker > Landing shot > Blast surfing > Aftershock > Chain reaction > Slingshot > Redline > Breach > Shatter > Shockfront > Backfire > Recall > Homecoming > Capacitor > Reserve cell > Countershot > Reprisal > Fuse > Linked fuse > Tether rounds > Snapback > Cinder rounds > Crosswind > Flashpoint > Slipstream > Tripwire > Tension > Vector rounds > Afterburner > Retrace > Wallrunner > Air Brake","shellshock > mass-driver > shaped-charge > drop-forge > fold > rewire > arc-coil > short-circuit > ramjet > triphammer > grindshot > crosscut > magnum > scatter > rapid > ricochet > pierce > split > airshot > kick > leech > light > burst > backblast > banker > landing > blast-surf > aftershock > chain-reaction > slingshot > redline > breach > shatter > shockfront > backfire > recall > homecoming > capacitor > reserve-cell > countershot > reprisal > fuse > linked-fuse > tether > snapback > cinder > crosswind > flashpoint > slipstream > tripwire > tension > vector > afterburner > retrace > wallrunner > air-brake","https://caleb-guyer.github.io/recoil-foundry/?test=branches&combo=demolition.mass-driver.shaped-charge.drop-forge.rewire.short-circuit.triphammer.crosscut&v=2.74.0","https://caleb-guyer.github.io/recoil-foundry/?test=branches&combo=demolition.mass-driver.shaped-charge.drop-forge.rewire.short-circuit.triphammer.crosscut&room=boss&v=2.74.0","https://caleb-guyer.github.io/recoil-foundry/?test=branches&combo=demolition.mass-driver.shaped-charge.drop-forge.rewire.short-circuit.triphammer.crosscut&mirror=1&v=2.74.0"
"demolition.mass-driver.shaped-charge.drop-forge.relay-gate.daisy-chain.wrecking-ball.corner-cutter","Demolition","Mass Driver","Shaped Charge + Drop Forge + Relay Gate + Daisy Chain + Wrecking Ball + Corner Cutter","undefined","56","Shellshock > Mass Driver > Shaped Charge > Drop Forge > Fold > Relay Gate > Arc Coil > Daisy Chain > Ramjet > Wrecking Ball > Grindshot > Corner Cutter > Heavy hitter > Scattershot > Hair trigger > Bank shot > Punch through > Splinter > Airshot > Kickback > Bloodwork > Light frame > Burst fire > Backblast > Banker > Landing shot > Blast surfing > Aftershock > Chain reaction > Slingshot > Redline > Breach > Shatter > Shockfront > Backfire > Recall > Homecoming > Capacitor > Reserve cell > Countershot > Reprisal > Fuse > Linked fuse > Tether rounds > Snapback > Cinder rounds > Crosswind > Flashpoint > Slipstream > Tripwire > Tension > Vector rounds > Afterburner > Retrace > Wallrunner > Air Brake","shellshock > mass-driver > shaped-charge > drop-forge > fold > relay-gate > arc-coil > daisy-chain > ramjet > wrecking-ball > grindshot > corner-cutter > magnum > scatter > rapid > ricochet > pierce > split > airshot > kick > leech > light > burst > backblast > banker > landing > blast-surf > aftershock > chain-reaction > slingshot > redline > breach > shatter > shockfront > backfire > recall > homecoming > capacitor > reserve-cell > countershot > reprisal > fuse > linked-fuse > tether > snapback > cinder > crosswind > flashpoint > slipstream > tripwire > tension > vector > afterburner > retrace > wallrunner > air-brake","https://caleb-guyer.github.io/recoil-foundry/?test=branches&combo=demolition.mass-driver.shaped-charge.drop-forge.relay-gate.daisy-chain.wrecking-ball.corner-cutter&v=2.74.0","https://caleb-guyer.github.io/recoil-foundry/?test=branches&combo=demolition.mass-driver.shaped-charge.drop-forge.relay-gate.daisy-chain.wrecking-ball.corner-cutter&room=boss&v=2.74.0","https://caleb-guyer.github.io/recoil-foundry/?test=branches&combo=demolition.mass-driver.shaped-charge.drop-forge.relay-gate.daisy-chain.wrecking-ball.corner-cutter&mirror=1&v=2.74.0"
"demolition.mass-driver.shaped-charge.drop-forge.relay-gate.daisy-chain.wrecking-ball.crosscut","Demolition","Mass Driver","Shaped Charge + Drop Forge + Relay Gate + Daisy Chain + Wrecking Ball + Crosscut","undefined","56","Shellshock > Mass Driver > Shaped Charge > Drop Forge > Fold > Relay Gate > Arc Coil > Daisy Chain > Ramjet > Wrecking Ball > Grindshot > Crosscut > Heavy hitter > Scattershot > Hair trigger > Bank shot > Punch through > Splinter > Airshot > Kickback > Bloodwork > Light frame > Burst fire > Backblast > Banker > Landing shot > Blast surfing > Aftershock > Chain reaction > Slingshot > Redline > Breach > Shatter > Shockfront > Backfire > Recall > Homecoming > Capacitor > Reserve cell > Countershot > Reprisal > Fuse > Linked fuse > Tether rounds > Snapback > Cinder rounds > Crosswind > Flashpoint > Slipstream > Tripwire > Tension > Vector rounds > Afterburner > Retrace > Wallrunner > Air Brake","shellshock > mass-driver > shaped-charge > drop-forge > fold > relay-gate > arc-coil > daisy-chain > ramjet > wrecking-ball > grindshot > crosscut > magnum > scatter > rapid > ricochet > pierce > split > airshot > kick > leech > light > burst > backblast > banker > landing > blast-surf > aftershock > chain-reaction > slingshot > redline > breach > shatter > shockfront > backfire > recall > homecoming > capacitor > reserve-cell > countershot > reprisal > fuse > linked-fuse > tether > snapback > cinder > crosswind > flashpoint > slipstream > tripwire > tension > vector > afterburner > retrace > wallrunner > air-brake","https://caleb-guyer.github.io/recoil-foundry/?test=branches&combo=demolition.mass-driver.shaped-charge.drop-forge.relay-gate.daisy-chain.wrecking-ball.crosscut&v=2.74.0","https://caleb-guyer.github.io/recoil-foundry/?test=branches&combo=demolition.mass-driver.shaped-charge.drop-forge.relay-gate.daisy-chain.wrecking-ball.crosscut&room=boss&v=2.74.0","https://caleb-guyer.github.io/recoil-foundry/?test=branches&combo=demolition.mass-driver.shaped-charge.drop-forge.relay-gate.daisy-chain.wrecking-ball.crosscut&mirror=1&v=2.74.0"
"demolition.mass-driver.shaped-charge.drop-forge.relay-gate.daisy-chain.triphammer.corner-cutter","Demolition","Mass Driver","Shaped Charge + Drop Forge + Relay Gate + Daisy Chain + Triphammer + Corner Cutter","undefined","56","Shellshock > Mass Driver > Shaped Charge > Drop Forge > Fold > Relay Gate > Arc Coil > Daisy Chain > Ramjet > Triphammer > Grindshot > Corner Cutter > Heavy hitter > Scattershot > Hair trigger > Bank shot > Punch through > Splinter > Airshot > Kickback > Bloodwork > Light frame > Burst fire > Backblast > Banker > Landing shot > Blast surfing > Aftershock > Chain reaction > Slingshot > Redline > Breach > Shatter > Shockfront > Backfire > Recall > Homecoming > Capacitor > Reserve cell > Countershot > Reprisal > Fuse > Linked fuse > Tether rounds > Snapback > Cinder rounds > Crosswind > Flashpoint > Slipstream > Tripwire > Tension > Vector rounds > Afterburner > Retrace > Wallrunner > Air Brake","shellshock > mass-driver > shaped-charge > drop-forge > fold > relay-gate > arc-coil > daisy-chain > ramjet > triphammer > grindshot > corner-cutter > magnum > scatter > rapid > ricochet > pierce > split > airshot > kick > leech > light > burst > backblast > banker > landing > blast-surf > aftershock > chain-reaction > slingshot > redline > breach > shatter > shockfront > backfire > recall > homecoming > capacitor > reserve-cell > countershot > reprisal > fuse > linked-fuse > tether > snapback > cinder > crosswind > flashpoint > slipstream > tripwire > tension > vector > afterburner > retrace > wallrunner > air-brake","https://caleb-guyer.github.io/recoil-foundry/?test=branches&combo=demolition.mass-driver.shaped-charge.drop-forge.relay-gate.daisy-chain.triphammer.corner-cutter&v=2.74.0","https://caleb-guyer.github.io/recoil-foundry/?test=branches&combo=demolition.mass-driver.shaped-charge.drop-forge.relay-gate.daisy-chain.triphammer.corner-cutter&room=boss&v=2.74.0","https://caleb-guyer.github.io/recoil-foundry/?test=branches&combo=demolition.mass-driver.shaped-charge.drop-forge.relay-gate.daisy-chain.triphammer.corner-cutter&mirror=1&v=2.74.0"
"demolition.mass-driver.shaped-charge.drop-forge.relay-gate.daisy-chain.triphammer.crosscut","Demolition","Mass Driver","Shaped Charge + Drop Forge + Relay Gate + Daisy Chain + Triphammer + Crosscut","undefined","56","Shellshock > Mass Driver > Shaped Charge > Drop Forge > Fold > Relay Gate > Arc Coil > Daisy Chain > Ramjet > Triphammer > Grindshot > Crosscut > Heavy hitter > Scattershot > Hair trigger > Bank shot > Punch through > Splinter > Airshot > Kickback > Bloodwork > Light frame > Burst fire > Backblast > Banker > Landing shot > Blast surfing > Aftershock > Chain reaction > Slingshot > Redline > Breach > Shatter > Shockfront > Backfire > Recall > Homecoming > Capacitor > Reserve cell > Countershot > Reprisal > Fuse > Linked fuse > Tether rounds > Snapback > Cinder rounds > Crosswind > Flashpoint > Slipstream > Tripwire > Tension > Vector rounds > Afterburner > Retrace > Wallrunner > Air Brake","shellshock > mass-driver > shaped-charge > drop-forge > fold > relay-gate > arc-coil > daisy-chain > ramjet > triphammer > grindshot > crosscut > magnum > scatter > rapid > ricochet > pierce > split > airshot > kick > leech > light > burst > backblast > banker > landing > blast-surf > aftershock > chain-reaction > slingshot > redline > breach > shatter > shockfront > backfire > recall > homecoming > capacitor > reserve-cell > countershot > reprisal > fuse > linked-fuse > tether > snapback > cinder > crosswind > flashpoint > slipstream > tripwire > tension > vector > afterburner > retrace > wallrunner > air-brake","https://caleb-guyer.github.io/recoil-foundry/?test=branches&combo=demolition.mass-driver.shaped-charge.drop-forge.relay-gate.daisy-chain.triphammer.crosscut&v=2.74.0","https://caleb-guyer.github.io/recoil-foundry/?test=branches&combo=demolition.mass-driver.shaped-charge.drop-forge.relay-gate.daisy-chain.triphammer.crosscut&room=boss&v=2.74.0","https://caleb-guyer.github.io/recoil-foundry/?test=branches&combo=demolition.mass-driver.shaped-charge.drop-forge.relay-gate.daisy-chain.triphammer.crosscut&mirror=1&v=2.74.0"
"demolition.mass-driver.shaped-charge.drop-forge.relay-gate.short-circuit.wrecking-ball.corner-cutter","Demolition","Mass Driver","Shaped Charge + Drop Forge + Relay Gate + Short Circuit + Wrecking Ball + Corner Cutter","undefined","56","Shellshock > Mass Driver > Shaped Charge > Drop Forge > Fold > Relay Gate > Arc Coil > Short Circuit > Ramjet > Wrecking Ball > Grindshot > Corner Cutter > Heavy hitter > Scattershot > Hair trigger > Bank shot > Punch through > Splinter > Airshot > Kickback > Bloodwork > Light frame > Burst fire > Backblast > Banker > Landing shot > Blast surfing > Aftershock > Chain reaction > Slingshot > Redline > Breach > Shatter > Shockfront > Backfire > Recall > Homecoming > Capacitor > Reserve cell > Countershot > Reprisal > Fuse > Linked fuse > Tether rounds > Snapback > Cinder rounds > Crosswind > Flashpoint > Slipstream > Tripwire > Tension > Vector rounds > Afterburner > Retrace > Wallrunner > Air Brake","shellshock > mass-driver > shaped-charge > drop-forge > fold > relay-gate > arc-coil > short-circuit > ramjet > wrecking-ball > grindshot > corner-cutter > magnum > scatter > rapid > ricochet > pierce > split > airshot > kick > leech > light > burst > backblast > banker > landing > blast-surf > aftershock > chain-reaction > slingshot > redline > breach > shatter > shockfront > backfire > recall > homecoming > capacitor > reserve-cell > countershot > reprisal > fuse > linked-fuse > tether > snapback > cinder > crosswind > flashpoint > slipstream > tripwire > tension > vector > afterburner > retrace > wallrunner > air-brake","https://caleb-guyer.github.io/recoil-foundry/?test=branches&combo=demolition.mass-driver.shaped-charge.drop-forge.relay-gate.short-circuit.wrecking-ball.corner-cutter&v=2.74.0","https://caleb-guyer.github.io/recoil-foundry/?test=branches&combo=demolition.mass-driver.shaped-charge.drop-forge.relay-gate.short-circuit.wrecking-ball.corner-cutter&room=boss&v=2.74.0","https://caleb-guyer.github.io/recoil-foundry/?test=branches&combo=demolition.mass-driver.shaped-charge.drop-forge.relay-gate.short-circuit.wrecking-ball.corner-cutter&mirror=1&v=2.74.0"
"demolition.mass-driver.shaped-charge.drop-forge.relay-gate.short-circuit.wrecking-ball.crosscut","Demolition","Mass Driver","Shaped Charge + Drop Forge + Relay Gate + Short Circuit + Wrecking Ball + Crosscut","undefined","56","Shellshock > Mass Driver > Shaped Charge > Drop Forge > Fold > Relay Gate > Arc Coil > Short Circuit > Ramjet > Wrecking Ball > Grindshot > Crosscut > Heavy hitter > Scattershot > Hair trigger > Bank shot > Punch through > Splinter > Airshot > Kickback > Bloodwork > Light frame > Burst fire > Backblast > Banker > Landing shot > Blast surfing > Aftershock > Chain reaction > Slingshot > Redline > Breach > Shatter > Shockfront > Backfire > Recall > Homecoming > Capacitor > Reserve cell > Countershot > Reprisal > Fuse > Linked fuse > Tether rounds > Snapback > Cinder rounds > Crosswind > Flashpoint > Slipstream > Tripwire > Tension > Vector rounds > Afterburner > Retrace > Wallrunner > Air Brake","shellshock > mass-driver > shaped-charge > drop-forge > fold > relay-gate > arc-coil > short-circuit > ramjet > wrecking-ball > grindshot > crosscut > magnum > scatter > rapid > ricochet > pierce > split > airshot > kick > leech > light > burst > backblast > banker > landing > blast-surf > aftershock > chain-reaction > slingshot > redline > breach > shatter > shockfront > backfire > recall > homecoming > capacitor > reserve-cell > countershot > reprisal > fuse > linked-fuse > tether > snapback > cinder > crosswind > flashpoint > slipstream > tripwire > tension > vector > afterburner > retrace > wallrunner > air-brake","https://caleb-guyer.github.io/recoil-foundry/?test=branches&combo=demolition.mass-driver.shaped-charge.drop-forge.relay-gate.short-circuit.wrecking-ball.crosscut&v=2.74.0","https://caleb-guyer.github.io/recoil-foundry/?test=branches&combo=demolition.mass-driver.shaped-charge.drop-forge.relay-gate.short-circuit.wrecking-ball.crosscut&room=boss&v=2.74.0","https://caleb-guyer.github.io/recoil-foundry/?test=branches&combo=demolition.mass-driver.shaped-charge.drop-forge.relay-gate.short-circuit.wrecking-ball.crosscut&mirror=1&v=2.74.0"
"demolition.mass-driver.shaped-charge.drop-forge.relay-gate.short-circuit.triphammer.corner-cutter","Demolition","Mass Driver","Shaped Charge + Drop Forge + Relay Gate + Short Circuit + Triphammer + Corner Cutter","undefined","56","Shellshock > Mass Driver > Shaped Charge > Drop Forge > Fold > Relay Gate > Arc Coil > Short Circuit > Ramjet > Triphammer > Grindshot > Corner Cutter > Heavy hitter > Scattershot > Hair trigger > Bank shot > Punch through > Splinter > Airshot > Kickback > Bloodwork > Light frame > Burst fire > Backblast > Banker > Landing shot > Blast surfing > Aftershock > Chain reaction > Slingshot > Redline > Breach > Shatter > Shockfront > Backfire > Recall > Homecoming > Capacitor > Reserve cell > Countershot > Reprisal > Fuse > Linked fuse > Tether rounds > Snapback > Cinder rounds > Crosswind > Flashpoint > Slipstream > Tripwire > Tension > Vector rounds > Afterburner > Retrace > Wallrunner > Air Brake","shellshock > mass-driver > shaped-charge > drop-forge > fold > relay-gate > arc-coil > short-circuit > ramjet > triphammer > grindshot > corner-cutter > magnum > scatter > rapid > ricochet > pierce > split > airshot > kick > leech > light > burst > backblast > banker > landing > blast-surf > aftershock > chain-reaction > slingshot > redline > breach > shatter > shockfront > backfire > recall > homecoming > capacitor > reserve-cell > countershot > reprisal > fuse > linked-fuse > tether > snapback > cinder > crosswind > flashpoint > slipstream > tripwire > tension > vector > afterburner > retrace > wallrunner > air-brake","https://caleb-guyer.github.io/recoil-foundry/?test=branches&combo=demolition.mass-driver.shaped-charge.drop-forge.relay-gate.short-circuit.triphammer.corner-cutter&v=2.74.0","https://caleb-guyer.github.io/recoil-foundry/?test=branches&combo=demolition.mass-driver.shaped-charge.drop-forge.relay-gate.short-circuit.triphammer.corner-cutter&room=boss&v=2.74.0","https://caleb-guyer.github.io/recoil-foundry/?test=branches&combo=demolition.mass-driver.shaped-charge.drop-forge.relay-gate.short-circuit.triphammer.corner-cutter&mirror=1&v=2.74.0"
"demolition.mass-driver.shaped-charge.drop-forge.relay-gate.short-circuit.triphammer.crosscut","Demolition","Mass Driver","Shaped Charge + Drop Forge + Relay Gate + Short Circuit + Triphammer + Crosscut","undefined","56","Shellshock > Mass Driver > Shaped Charge > Drop Forge > Fold > Relay Gate > Arc Coil > Short Circuit > Ramjet > Triphammer > Grindshot > Crosscut > Heavy hitter > Scattershot > Hair trigger > Bank shot > Punch through > Splinter > Airshot > Kickback > Bloodwork > Light frame > Burst fire > Backblast > Banker > Landing shot > Blast surfing > Aftershock > Chain reaction > Slingshot > Redline > Breach > Shatter > Shockfront > Backfire > Recall > Homecoming > Capacitor > Reserve cell > Countershot > Reprisal > Fuse > Linked fuse > Tether rounds > Snapback > Cinder rounds > Crosswind > Flashpoint > Slipstream > Tripwire > Tension > Vector rounds > Afterburner > Retrace > Wallrunner > Air Brake","shellshock > mass-driver > shaped-charge > drop-forge > fold > relay-gate > arc-coil > short-circuit > ramjet > triphammer > grindshot > crosscut > magnum > scatter > rapid > ricochet > pierce > split > airshot > kick > leech > light > burst > backblast > banker > landing > blast-surf > aftershock > chain-reaction > slingshot > redline > breach > shatter > shockfront > backfire > recall > homecoming > capacitor > reserve-cell > countershot > reprisal > fuse > linked-fuse > tether > snapback > cinder > crosswind > flashpoint > slipstream > tripwire > tension > vector > afterburner > retrace > wallrunner > air-brake","https://caleb-guyer.github.io/recoil-foundry/?test=branches&combo=demolition.mass-driver.shaped-charge.drop-forge.relay-gate.short-circuit.triphammer.crosscut&v=2.74.0","https://caleb-guyer.github.io/recoil-foundry/?test=branches&combo=demolition.mass-driver.shaped-charge.drop-forge.relay-gate.short-circuit.triphammer.crosscut&room=boss&v=2.74.0","https://caleb-guyer.github.io/recoil-foundry/?test=branches&combo=demolition.mass-driver.shaped-charge.drop-forge.relay-gate.short-circuit.triphammer.crosscut&mirror=1&v=2.74.0"
"demolition.mass-driver.shaped-charge.skid-plate.rewire.daisy-chain.wrecking-ball.corner-cutter","Demolition","Mass Driver","Shaped Charge + Skid Plate + Rewire + Daisy Chain + Wrecking Ball + Corner Cutter","undefined","56","Shellshock > Mass Driver > Shaped Charge > Skid Plate > Fold > Rewire > Arc Coil > Daisy Chain > Ramjet > Wrecking Ball > Grindshot > Corner Cutter > Heavy hitter > Scattershot > Hair trigger > Bank shot > Punch through > Splinter > Airshot > Kickback > Bloodwork > Light frame > Burst fire > Backblast > Banker > Landing shot > Blast surfing > Aftershock > Chain reaction > Slingshot > Redline > Breach > Shatter > Shockfront > Backfire > Recall > Homecoming > Capacitor > Reserve cell > Countershot > Reprisal > Fuse > Linked fuse > Tether rounds > Snapback > Cinder rounds > Crosswind > Flashpoint > Slipstream > Tripwire > Tension > Vector rounds > Afterburner > Retrace > Wallrunner > Air Brake","shellshock > mass-driver > shaped-charge > skid-plate > fold > rewire > arc-coil > daisy-chain > ramjet > wrecking-ball > grindshot > corner-cutter > magnum > scatter > rapid > ricochet > pierce > split > airshot > kick > leech > light > burst > backblast > banker > landing > blast-surf > aftershock > chain-reaction > slingshot > redline > breach > shatter > shockfront > backfire > recall > homecoming > capacitor > reserve-cell > countershot > reprisal > fuse > linked-fuse > tether > snapback > cinder > crosswind > flashpoint > slipstream > tripwire > tension > vector > afterburner > retrace > wallrunner > air-brake","https://caleb-guyer.github.io/recoil-foundry/?test=branches&combo=demolition.mass-driver.shaped-charge.skid-plate.rewire.daisy-chain.wrecking-ball.corner-cutter&v=2.74.0","https://caleb-guyer.github.io/recoil-foundry/?test=branches&combo=demolition.mass-driver.shaped-charge.skid-plate.rewire.daisy-chain.wrecking-ball.corner-cutter&room=boss&v=2.74.0","https://caleb-guyer.github.io/recoil-foundry/?test=branches&combo=demolition.mass-driver.shaped-charge.skid-plate.rewire.daisy-chain.wrecking-ball.corner-cutter&mirror=1&v=2.74.0"
"demolition.mass-driver.shaped-charge.skid-plate.rewire.daisy-chain.wrecking-ball.crosscut","Demolition","Mass Driver","Shaped Charge + Skid Plate + Rewire + Daisy Chain + Wrecking Ball + Crosscut","Flywheel","57","Shellshock > Mass Driver > Shaped Charge > Skid Plate > Fold > Rewire > Arc Coil > Daisy Chain > Ramjet > Wrecking Ball > Grindshot > Crosscut > Flywheel > Heavy hitter > Scattershot > Hair trigger > Bank shot > Punch through > Splinter > Airshot > Kickback > Bloodwork > Light frame > Burst fire > Backblast > Banker > Landing shot > Blast surfing > Aftershock > Chain reaction > Slingshot > Redline > Breach > Shatter > Shockfront > Backfire > Recall > Homecoming > Capacitor > Reserve cell > Countershot > Reprisal > Fuse > Linked fuse > Tether rounds > Snapback > Cinder rounds > Crosswind > Flashpoint > Slipstream > Tripwire > Tension > Vector rounds > Afterburner > Retrace > Wallrunner > Air Brake","shellshock > mass-driver > shaped-charge > skid-plate > fold > rewire > arc-coil > daisy-chain > ramjet > wrecking-ball > grindshot > crosscut > flywheel > magnum > scatter > rapid > ricochet > pierce > split > airshot > kick > leech > light > burst > backblast > banker > landing > blast-surf > aftershock > chain-reaction > slingshot > redline > breach > shatter > shockfront > backfire > recall > homecoming > capacitor > reserve-cell > countershot > reprisal > fuse > linked-fuse > tether > snapback > cinder > crosswind > flashpoint > slipstream > tripwire > tension > vector > afterburner > retrace > wallrunner > air-brake","https://caleb-guyer.github.io/recoil-foundry/?test=branches&combo=demolition.mass-driver.shaped-charge.skid-plate.rewire.daisy-chain.wrecking-ball.crosscut&v=2.74.0","https://caleb-guyer.github.io/recoil-foundry/?test=branches&combo=demolition.mass-driver.shaped-charge.skid-plate.rewire.daisy-chain.wrecking-ball.crosscut&room=boss&v=2.74.0","https://caleb-guyer.github.io/recoil-foundry/?test=branches&combo=demolition.mass-driver.shaped-charge.skid-plate.rewire.daisy-chain.wrecking-ball.crosscut&mirror=1&v=2.74.0"
"demolition.mass-driver.shaped-charge.skid-plate.rewire.daisy-chain.triphammer.corner-cutter","Demolition","Mass Driver","Shaped Charge + Skid Plate + Rewire + Daisy Chain + Triphammer + Corner Cutter","undefined","56","Shellshock > Mass Driver > Shaped Charge > Skid Plate > Fold > Rewire > Arc Coil > Daisy Chain > Ramjet > Triphammer > Grindshot > Corner Cutter > Heavy hitter > Scattershot > Hair trigger > Bank shot > Punch through > Splinter > Airshot > Kickback > Bloodwork > Light frame > Burst fire > Backblast > Banker > Landing shot > Blast surfing > Aftershock > Chain reaction > Slingshot > Redline > Breach > Shatter > Shockfront > Backfire > Recall > Homecoming > Capacitor > Reserve cell > Countershot > Reprisal > Fuse > Linked fuse > Tether rounds > Snapback > Cinder rounds > Crosswind > Flashpoint > Slipstream > Tripwire > Tension > Vector rounds > Afterburner > Retrace > Wallrunner > Air Brake","shellshock > mass-driver > shaped-charge > skid-plate > fold > rewire > arc-coil > daisy-chain > ramjet > triphammer > grindshot > corner-cutter > magnum > scatter > rapid > ricochet > pierce > split > airshot > kick > leech > light > burst > backblast > banker > landing > blast-surf > aftershock > chain-reaction > slingshot > redline > breach > shatter > shockfront > backfire > recall > homecoming > capacitor > reserve-cell > countershot > reprisal > fuse > linked-fuse > tether > snapback > cinder > crosswind > flashpoint > slipstream > tripwire > tension > vector > afterburner > retrace > wallrunner > air-brake","https://caleb-guyer.github.io/recoil-foundry/?test=branches&combo=demolition.mass-driver.shaped-charge.skid-plate.rewire.daisy-chain.triphammer.corner-cutter&v=2.74.0","https://caleb-guyer.github.io/recoil-foundry/?test=branches&combo=demolition.mass-driver.shaped-charge.skid-plate.rewire.daisy-chain.triphammer.corner-cutter&room=boss&v=2.74.0","https://caleb-guyer.github.io/recoil-foundry/?test=branches&combo=demolition.mass-driver.shaped-charge.skid-plate.rewire.daisy-chain.triphammer.corner-cutter&mirror=1&v=2.74.0"
"demolition.mass-driver.shaped-charge.skid-plate.rewire.daisy-chain.triphammer.crosscut","Demolition","Mass Driver","Shaped Charge + Skid Plate + Rewire + Daisy Chain + Triphammer + Crosscut","Flywheel","57","Shellshock > Mass Driver > Shaped Charge > Skid Plate > Fold > Rewire > Arc Coil > Daisy Chain > Ramjet > Triphammer > Grindshot > Crosscut > Flywheel > Heavy hitter > Scattershot > Hair trigger > Bank shot > Punch through > Splinter > Airshot > Kickback > Bloodwork > Light frame > Burst fire > Backblast > Banker > Landing shot > Blast surfing > Aftershock > Chain reaction > Slingshot > Redline > Breach > Shatter > Shockfront > Backfire > Recall > Homecoming > Capacitor > Reserve cell > Countershot > Reprisal > Fuse > Linked fuse > Tether rounds > Snapback > Cinder rounds > Crosswind > Flashpoint > Slipstream > Tripwire > Tension > Vector rounds > Afterburner > Retrace > Wallrunner > Air Brake","shellshock > mass-driver > shaped-charge > skid-plate > fold > rewire > arc-coil > daisy-chain > ramjet > triphammer > grindshot > crosscut > flywheel > magnum > scatter > rapid > ricochet > pierce > split > airshot > kick > leech > light > burst > backblast > banker > landing > blast-surf > aftershock > chain-reaction > slingshot > redline > breach > shatter > shockfront > backfire > recall > homecoming > capacitor > reserve-cell > countershot > reprisal > fuse > linked-fuse > tether > snapback > cinder > crosswind > flashpoint > slipstream > tripwire > tension > vector > afterburner > retrace > wallrunner > air-brake","https://caleb-guyer.github.io/recoil-foundry/?test=branches&combo=demolition.mass-driver.shaped-charge.skid-plate.rewire.daisy-chain.triphammer.crosscut&v=2.74.0","https://caleb-guyer.github.io/recoil-foundry/?test=branches&combo=demolition.mass-driver.shaped-charge.skid-plate.rewire.daisy-chain.triphammer.crosscut&room=boss&v=2.74.0","https://caleb-guyer.github.io/recoil-foundry/?test=branches&combo=demolition.mass-driver.shaped-charge.skid-plate.rewire.daisy-chain.triphammer.crosscut&mirror=1&v=2.74.0"
"demolition.mass-driver.shaped-charge.skid-plate.rewire.short-circuit.wrecking-ball.corner-cutter","Demolition","Mass Driver","Shaped Charge + Skid Plate + Rewire + Short Circuit + Wrecking Ball + Corner Cutter","undefined","56","Shellshock > Mass Driver > Shaped Charge > Skid Plate > Fold > Rewire > Arc Coil > Short Circuit > Ramjet > Wrecking Ball > Grindshot > Corner Cutter > Heavy hitter > Scattershot > Hair trigger > Bank shot > Punch through > Splinter > Airshot > Kickback > Bloodwork > Light frame > Burst fire > Backblast > Banker > Landing shot > Blast surfing > Aftershock > Chain reaction > Slingshot > Redline > Breach > Shatter > Shockfront > Backfire > Recall > Homecoming > Capacitor > Reserve cell > Countershot > Reprisal > Fuse > Linked fuse > Tether rounds > Snapback > Cinder rounds > Crosswind > Flashpoint > Slipstream > Tripwire > Tension > Vector rounds > Afterburner > Retrace > Wallrunner > Air Brake","shellshock > mass-driver > shaped-charge > skid-plate > fold > rewire > arc-coil > short-circuit > ramjet > wrecking-ball > grindshot > corner-cutter > magnum > scatter > rapid > ricochet > pierce > split > airshot > kick > leech > light > burst > backblast > banker > landing > blast-surf > aftershock > chain-reaction > slingshot > redline > breach > shatter > shockfront > backfire > recall > homecoming > capacitor > reserve-cell > countershot > reprisal > fuse > linked-fuse > tether > snapback > cinder > crosswind > flashpoint > slipstream > tripwire > tension > vector > afterburner > retrace > wallrunner > air-brake","https://caleb-guyer.github.io/recoil-foundry/?test=branches&combo=demolition.mass-driver.shaped-charge.skid-plate.rewire.short-circuit.wrecking-ball.corner-cutter&v=2.74.0","https://caleb-guyer.github.io/recoil-foundry/?test=branches&combo=demolition.mass-driver.shaped-charge.skid-plate.rewire.short-circuit.wrecking-ball.corner-cutter&room=boss&v=2.74.0","https://caleb-guyer.github.io/recoil-foundry/?test=branches&combo=demolition.mass-driver.shaped-charge.skid-plate.rewire.short-circuit.wrecking-ball.corner-cutter&mirror=1&v=2.74.0"
"demolition.mass-driver.shaped-charge.skid-plate.rewire.short-circuit.wrecking-ball.crosscut","Demolition","Mass Driver","Shaped Charge + Skid Plate + Rewire + Short Circuit + Wrecking Ball + Crosscut","Flywheel","57","Shellshock > Mass Driver > Shaped Charge > Skid Plate > Fold > Rewire > Arc Coil > Short Circuit > Ramjet > Wrecking Ball > Grindshot > Crosscut > Flywheel > Heavy hitter > Scattershot > Hair trigger > Bank shot > Punch through > Splinter > Airshot > Kickback > Bloodwork > Light frame > Burst fire > Backblast > Banker > Landing shot > Blast surfing > Aftershock > Chain reaction > Slingshot > Redline > Breach > Shatter > Shockfront > Backfire > Recall > Homecoming > Capacitor > Reserve cell > Countershot > Reprisal > Fuse > Linked fuse > Tether rounds > Snapback > Cinder rounds > Crosswind > Flashpoint > Slipstream > Tripwire > Tension > Vector rounds > Afterburner > Retrace > Wallrunner > Air Brake","shellshock > mass-driver > shaped-charge > skid-plate > fold > rewire > arc-coil > short-circuit > ramjet > wrecking-ball > grindshot > crosscut > flywheel > magnum > scatter > rapid > ricochet > pierce > split > airshot > kick > leech > light > burst > backblast > banker > landing > blast-surf > aftershock > chain-reaction > slingshot > redline > breach > shatter > shockfront > backfire > recall > homecoming > capacitor > reserve-cell > countershot > reprisal > fuse > linked-fuse > tether > snapback > cinder > crosswind > flashpoint > slipstream > tripwire > tension > vector > afterburner > retrace > wallrunner > air-brake","https://caleb-guyer.github.io/recoil-foundry/?test=branches&combo=demolition.mass-driver.shaped-charge.skid-plate.rewire.short-circuit.wrecking-ball.crosscut&v=2.74.0","https://caleb-guyer.github.io/recoil-foundry/?test=branches&combo=demolition.mass-driver.shaped-charge.skid-plate.rewire.short-circuit.wrecking-ball.crosscut&room=boss&v=2.74.0","https://caleb-guyer.github.io/recoil-foundry/?test=branches&combo=demolition.mass-driver.shaped-charge.skid-plate.rewire.short-circuit.wrecking-ball.crosscut&mirror=1&v=2.74.0"
"demolition.mass-driver.shaped-charge.skid-plate.rewire.short-circuit.triphammer.corner-cutter","Demolition","Mass Driver","Shaped Charge + Skid Plate + Rewire + Short Circuit + Triphammer + Corner Cutter","undefined","56","Shellshock > Mass Driver > Shaped Charge > Skid Plate > Fold > Rewire > Arc Coil > Short Circuit > Ramjet > Triphammer > Grindshot > Corner Cutter > Heavy hitter > Scattershot > Hair trigger > Bank shot > Punch through > Splinter > Airshot > Kickback > Bloodwork > Light frame > Burst fire > Backblast > Banker > Landing shot > Blast surfing > Aftershock > Chain reaction > Slingshot > Redline > Breach > Shatter > Shockfront > Backfire > Recall > Homecoming > Capacitor > Reserve cell > Countershot > Reprisal > Fuse > Linked fuse > Tether rounds > Snapback > Cinder rounds > Crosswind > Flashpoint > Slipstream > Tripwire > Tension > Vector rounds > Afterburner > Retrace > Wallrunner > Air Brake","shellshock > mass-driver > shaped-charge > skid-plate > fold > rewire > arc-coil > short-circuit > ramjet > triphammer > grindshot > corner-cutter > magnum > scatter > rapid > ricochet > pierce > split > airshot > kick > leech > light > burst > backblast > banker > landing > blast-surf > aftershock > chain-reaction > slingshot > redline > breach > shatter > shockfront > backfire > recall > homecoming > capacitor > reserve-cell > countershot > reprisal > fuse > linked-fuse > tether > snapback > cinder > crosswind > flashpoint > slipstream > tripwire > tension > vector > afterburner > retrace > wallrunner > air-brake","https://caleb-guyer.github.io/recoil-foundry/?test=branches&combo=demolition.mass-driver.shaped-charge.skid-plate.rewire.short-circuit.triphammer.corner-cutter&v=2.74.0","https://caleb-guyer.github.io/recoil-foundry/?test=branches&combo=demolition.mass-driver.shaped-charge.skid-plate.rewire.short-circuit.triphammer.corner-cutter&room=boss&v=2.74.0","https://caleb-guyer.github.io/recoil-foundry/?test=branches&combo=demolition.mass-driver.shaped-charge.skid-plate.rewire.short-circuit.triphammer.corner-cutter&mirror=1&v=2.74.0"
"demolition.mass-driver.shaped-charge.skid-plate.rewire.short-circuit.triphammer.crosscut","Demolition","Mass Driver","Shaped Charge + Skid Plate + Rewire + Short Circuit + Triphammer + Crosscut","Flywheel","57","Shellshock > Mass Driver > Shaped Charge > Skid Plate > Fold > Rewire > Arc Coil > Short Circuit > Ramjet > Triphammer > Grindshot > Crosscut > Flywheel > Heavy hitter > Scattershot > Hair trigger > Bank shot > Punch through > Splinter > Airshot > Kickback > Bloodwork > Light frame > Burst fire > Backblast > Banker > Landing shot > Blast surfing > Aftershock > Chain reaction > Slingshot > Redline > Breach > Shatter > Shockfront > Backfire > Recall > Homecoming > Capacitor > Reserve cell > Countershot > Reprisal > Fuse > Linked fuse > Tether rounds > Snapback > Cinder rounds > Crosswind > Flashpoint > Slipstream > Tripwire > Tension > Vector rounds > Afterburner > Retrace > Wallrunner > Air Brake","shellshock > mass-driver > shaped-charge > skid-plate > fold > rewire > arc-coil > short-circuit > ramjet > triphammer > grindshot > crosscut > flywheel > magnum > scatter > rapid > ricochet > pierce > split > airshot > kick > leech > light > burst > backblast > banker > landing > blast-surf > aftershock > chain-reaction > slingshot > redline > breach > shatter > shockfront > backfire > recall > homecoming > capacitor > reserve-cell > countershot > reprisal > fuse > linked-fuse > tether > snapback > cinder > crosswind > flashpoint > slipstream > tripwire > tension > vector > afterburner > retrace > wallrunner > air-brake","https://caleb-guyer.github.io/recoil-foundry/?test=branches&combo=demolition.mass-driver.shaped-charge.skid-plate.rewire.short-circuit.triphammer.crosscut&v=2.74.0","https://caleb-guyer.github.io/recoil-foundry/?test=branches&combo=demolition.mass-driver.shaped-charge.skid-plate.rewire.short-circuit.triphammer.crosscut&room=boss&v=2.74.0","https://caleb-guyer.github.io/recoil-foundry/?test=branches&combo=demolition.mass-driver.shaped-charge.skid-plate.rewire.short-circuit.triphammer.crosscut&mirror=1&v=2.74.0"
"demolition.mass-driver.shaped-charge.skid-plate.relay-gate.daisy-chain.wrecking-ball.corner-cutter","Demolition","Mass Driver","Shaped Charge + Skid Plate + Relay Gate + Daisy Chain + Wrecking Ball + Corner Cutter","undefined","56","Shellshock > Mass Driver > Shaped Charge > Skid Plate > Fold > Relay Gate > Arc Coil > Daisy Chain > Ramjet > Wrecking Ball > Grindshot > Corner Cutter > Heavy hitter > Scattershot > Hair trigger > Bank shot > Punch through > Splinter > Airshot > Kickback > Bloodwork > Light frame > Burst fire > Backblast > Banker > Landing shot > Blast surfing > Aftershock > Chain reaction > Slingshot > Redline > Breach > Shatter > Shockfront > Backfire > Recall > Homecoming > Capacitor > Reserve cell > Countershot > Reprisal > Fuse > Linked fuse > Tether rounds > Snapback > Cinder rounds > Crosswind > Flashpoint > Slipstream > Tripwire > Tension > Vector rounds > Afterburner > Retrace > Wallrunner > Air Brake","shellshock > mass-driver > shaped-charge > skid-plate > fold > relay-gate > arc-coil > daisy-chain > ramjet > wrecking-ball > grindshot > corner-cutter > magnum > scatter > rapid > ricochet > pierce > split > airshot > kick > leech > light > burst > backblast > banker > landing > blast-surf > aftershock > chain-reaction > slingshot > redline > breach > shatter > shockfront > backfire > recall > homecoming > capacitor > reserve-cell > countershot > reprisal > fuse > linked-fuse > tether > snapback > cinder > crosswind > flashpoint > slipstream > tripwire > tension > vector > afterburner > retrace > wallrunner > air-brake","https://caleb-guyer.github.io/recoil-foundry/?test=branches&combo=demolition.mass-driver.shaped-charge.skid-plate.relay-gate.daisy-chain.wrecking-ball.corner-cutter&v=2.74.0","https://caleb-guyer.github.io/recoil-foundry/?test=branches&combo=demolition.mass-driver.shaped-charge.skid-plate.relay-gate.daisy-chain.wrecking-ball.corner-cutter&room=boss&v=2.74.0","https://caleb-guyer.github.io/recoil-foundry/?test=branches&combo=demolition.mass-driver.shaped-charge.skid-plate.relay-gate.daisy-chain.wrecking-ball.corner-cutter&mirror=1&v=2.74.0"
"demolition.mass-driver.shaped-charge.skid-plate.relay-gate.daisy-chain.wrecking-ball.crosscut","Demolition","Mass Driver","Shaped Charge + Skid Plate + Relay Gate + Daisy Chain + Wrecking Ball + Crosscut","Flywheel","57","Shellshock > Mass Driver > Shaped Charge > Skid Plate > Fold > Relay Gate > Arc Coil > Daisy Chain > Ramjet > Wrecking Ball > Grindshot > Crosscut > Flywheel > Heavy hitter > Scattershot > Hair trigger > Bank shot > Punch through > Splinter > Airshot > Kickback > Bloodwork > Light frame > Burst fire > Backblast > Banker > Landing shot > Blast surfing > Aftershock > Chain reaction > Slingshot > Redline > Breach > Shatter > Shockfront > Backfire > Recall > Homecoming > Capacitor > Reserve cell > Countershot > Reprisal > Fuse > Linked fuse > Tether rounds > Snapback > Cinder rounds > Crosswind > Flashpoint > Slipstream > Tripwire > Tension > Vector rounds > Afterburner > Retrace > Wallrunner > Air Brake","shellshock > mass-driver > shaped-charge > skid-plate > fold > relay-gate > arc-coil > daisy-chain > ramjet > wrecking-ball > grindshot > crosscut > flywheel > magnum > scatter > rapid > ricochet > pierce > split > airshot > kick > leech > light > burst > backblast > banker > landing > blast-surf > aftershock > chain-reaction > slingshot > redline > breach > shatter > shockfront > backfire > recall > homecoming > capacitor > reserve-cell > countershot > reprisal > fuse > linked-fuse > tether > snapback > cinder > crosswind > flashpoint > slipstream > tripwire > tension > vector > afterburner > retrace > wallrunner > air-brake","https://caleb-guyer.github.io/recoil-foundry/?test=branches&combo=demolition.mass-driver.shaped-charge.skid-plate.relay-gate.daisy-chain.wrecking-ball.crosscut&v=2.74.0","https://caleb-guyer.github.io/recoil-foundry/?test=branches&combo=demolition.mass-driver.shaped-charge.skid-plate.relay-gate.daisy-chain.wrecking-ball.crosscut&room=boss&v=2.74.0","https://caleb-guyer.github.io/recoil-foundry/?test=branches&combo=demolition.mass-driver.shaped-charge.skid-plate.relay-gate.daisy-chain.wrecking-ball.crosscut&mirror=1&v=2.74.0"
"demolition.mass-driver.shaped-charge.skid-plate.relay-gate.daisy-chain.triphammer.corner-cutter","Demolition","Mass Driver","Shaped Charge + Skid Plate + Relay Gate + Daisy Chain + Triphammer + Corner Cutter","undefined","56","Shellshock > Mass Driver > Shaped Charge > Skid Plate > Fold > Relay Gate > Arc Coil > Daisy Chain > Ramjet > Triphammer > Grindshot > Corner Cutter > Heavy hitter > Scattershot > Hair trigger > Bank shot > Punch through > Splinter > Airshot > Kickback > Bloodwork > Light frame > Burst fire > Backblast > Banker > Landing shot > Blast surfing > Aftershock > Chain reaction > Slingshot > Redline > Breach > Shatter > Shockfront > Backfire > Recall > Homecoming > Capacitor > Reserve cell > Countershot > Reprisal > Fuse > Linked fuse > Tether rounds > Snapback > Cinder rounds > Crosswind > Flashpoint > Slipstream > Tripwire > Tension > Vector rounds > Afterburner > Retrace > Wallrunner > Air Brake","shellshock > mass-driver > shaped-charge > skid-plate > fold > relay-gate > arc-coil > daisy-chain > ramjet > triphammer > grindshot > corner-cutter > magnum > scatter > rapid > ricochet > pierce > split > airshot > kick > leech > light > burst > backblast > banker > landing > blast-surf > aftershock > chain-reaction > slingshot > redline > breach > shatter > shockfront > backfire > recall > homecoming > capacitor > reserve-cell > countershot > reprisal > fuse > linked-fuse > tether > snapback > cinder > crosswind > flashpoint > slipstream > tripwire > tension > vector > afterburner > retrace > wallrunner > air-brake","https://caleb-guyer.github.io/recoil-foundry/?test=branches&combo=demolition.mass-driver.shaped-charge.skid-plate.relay-gate.daisy-chain.triphammer.corner-cutter&v=2.74.0","https://caleb-guyer.github.io/recoil-foundry/?test=branches&combo=demolition.mass-driver.shaped-charge.skid-plate.relay-gate.daisy-chain.triphammer.corner-cutter&room=boss&v=2.74.0","https://caleb-guyer.github.io/recoil-foundry/?test=branches&combo=demolition.mass-driver.shaped-charge.skid-plate.relay-gate.daisy-chain.triphammer.corner-cutter&mirror=1&v=2.74.0"
"demolition.mass-driver.shaped-charge.skid-plate.relay-gate.daisy-chain.triphammer.crosscut","Demolition","Mass Driver","Shaped Charge + Skid Plate + Relay Gate + Daisy Chain + Triphammer + Crosscut","Flywheel","57","Shellshock > Mass Driver > Shaped Charge > Skid Plate > Fold > Relay Gate > Arc Coil > Daisy Chain > Ramjet > Triphammer > Grindshot > Crosscut > Flywheel > Heavy hitter > Scattershot > Hair trigger > Bank shot > Punch through > Splinter > Airshot > Kickback > Bloodwork > Light frame > Burst fire > Backblast > Banker > Landing shot > Blast surfing > Aftershock > Chain reaction > Slingshot > Redline > Breach > Shatter > Shockfront > Backfire > Recall > Homecoming > Capacitor > Reserve cell > Countershot > Reprisal > Fuse > Linked fuse > Tether rounds > Snapback > Cinder rounds > Crosswind > Flashpoint > Slipstream > Tripwire > Tension > Vector rounds > Afterburner > Retrace > Wallrunner > Air Brake","shellshock > mass-driver > shaped-charge > skid-plate > fold > relay-gate > arc-coil > daisy-chain > ramjet > triphammer > grindshot > crosscut > flywheel > magnum > scatter > rapid > ricochet > pierce > split > airshot > kick > leech > light > burst > backblast > banker > landing > blast-surf > aftershock > chain-reaction > slingshot > redline > breach > shatter > shockfront > backfire > recall > homecoming > capacitor > reserve-cell > countershot > reprisal > fuse > linked-fuse > tether > snapback > cinder > crosswind > flashpoint > slipstream > tripwire > tension > vector > afterburner > retrace > wallrunner > air-brake","https://caleb-guyer.github.io/recoil-foundry/?test=branches&combo=demolition.mass-driver.shaped-charge.skid-plate.relay-gate.daisy-chain.triphammer.crosscut&v=2.74.0","https://caleb-guyer.github.io/recoil-foundry/?test=branches&combo=demolition.mass-driver.shaped-charge.skid-plate.relay-gate.daisy-chain.triphammer.crosscut&room=boss&v=2.74.0","https://caleb-guyer.github.io/recoil-foundry/?test=branches&combo=demolition.mass-driver.shaped-charge.skid-plate.relay-gate.daisy-chain.triphammer.crosscut&mirror=1&v=2.74.0"
"demolition.mass-driver.shaped-charge.skid-plate.relay-gate.short-circuit.wrecking-ball.corner-cutter","Demolition","Mass Driver","Shaped Charge + Skid Plate + Relay Gate + Short Circuit + Wrecking Ball + Corner Cutter","undefined","56","Shellshock > Mass Driver > Shaped Charge > Skid Plate > Fold > Relay Gate > Arc Coil > Short Circuit > Ramjet > Wrecking Ball > Grindshot > Corner Cutter > Heavy hitter > Scattershot > Hair trigger > Bank shot > Punch through > Splinter > Airshot > Kickback > Bloodwork > Light frame > Burst fire > Backblast > Banker > Landing shot > Blast surfing > Aftershock > Chain reaction > Slingshot > Redline > Breach > Shatter > Shockfront > Backfire > Recall > Homecoming > Capacitor > Reserve cell > Countershot > Reprisal > Fuse > Linked fuse > Tether rounds > Snapback > Cinder rounds > Crosswind > Flashpoint > Slipstream > Tripwire > Tension > Vector rounds > Afterburner > Retrace > Wallrunner > Air Brake","shellshock > mass-driver > shaped-charge > skid-plate > fold > relay-gate > arc-coil > short-circuit > ramjet > wrecking-ball > grindshot > corner-cutter > magnum > scatter > rapid > ricochet > pierce > split > airshot > kick > leech > light > burst > backblast > banker > landing > blast-surf > aftershock > chain-reaction > slingshot > redline > breach > shatter > shockfront > backfire > recall > homecoming > capacitor > reserve-cell > countershot > reprisal > fuse > linked-fuse > tether > snapback > cinder > crosswind > flashpoint > slipstream > tripwire > tension > vector > afterburner > retrace > wallrunner > air-brake","https://caleb-guyer.github.io/recoil-foundry/?test=branches&combo=demolition.mass-driver.shaped-charge.skid-plate.relay-gate.short-circuit.wrecking-ball.corner-cutter&v=2.74.0","https://caleb-guyer.github.io/recoil-foundry/?test=branches&combo=demolition.mass-driver.shaped-charge.skid-plate.relay-gate.short-circuit.wrecking-ball.corner-cutter&room=boss&v=2.74.0","https://caleb-guyer.github.io/recoil-foundry/?test=branches&combo=demolition.mass-driver.shaped-charge.skid-plate.relay-gate.short-circuit.wrecking-ball.corner-cutter&mirror=1&v=2.74.0"
"demolition.mass-driver.shaped-charge.skid-plate.relay-gate.short-circuit.wrecking-ball.crosscut","Demolition","Mass Driver","Shaped Charge + Skid Plate + Relay Gate + Short Circuit + Wrecking Ball + Crosscut","Flywheel","57","Shellshock > Mass Driver > Shaped Charge > Skid Plate > Fold > Relay Gate > Arc Coil > Short Circuit > Ramjet > Wrecking Ball > Grindshot > Crosscut > Flywheel > Heavy hitter > Scattershot > Hair trigger > Bank shot > Punch through > Splinter > Airshot > Kickback > Bloodwork > Light frame > Burst fire > Backblast > Banker > Landing shot > Blast surfing > Aftershock > Chain reaction > Slingshot > Redline > Breach > Shatter > Shockfront > Backfire > Recall > Homecoming > Capacitor > Reserve cell > Countershot > Reprisal > Fuse > Linked fuse > Tether rounds > Snapback > Cinder rounds > Crosswind > Flashpoint > Slipstream > Tripwire > Tension > Vector rounds > Afterburner > Retrace > Wallrunner > Air Brake","shellshock > mass-driver > shaped-charge > skid-plate > fold > relay-gate > arc-coil > short-circuit > ramjet > wrecking-ball > grindshot > crosscut > flywheel > magnum > scatter > rapid > ricochet > pierce > split > airshot > kick > leech > light > burst > backblast > banker > landing > blast-surf > aftershock > chain-reaction > slingshot > redline > breach > shatter > shockfront > backfire > recall > homecoming > capacitor > reserve-cell > countershot > reprisal > fuse > linked-fuse > tether > snapback > cinder > crosswind > flashpoint > slipstream > tripwire > tension > vector > afterburner > retrace > wallrunner > air-brake","https://caleb-guyer.github.io/recoil-foundry/?test=branches&combo=demolition.mass-driver.shaped-charge.skid-plate.relay-gate.short-circuit.wrecking-ball.crosscut&v=2.74.0","https://caleb-guyer.github.io/recoil-foundry/?test=branches&combo=demolition.mass-driver.shaped-charge.skid-plate.relay-gate.short-circuit.wrecking-ball.crosscut&room=boss&v=2.74.0","https://caleb-guyer.github.io/recoil-foundry/?test=branches&combo=demolition.mass-driver.shaped-charge.skid-plate.relay-gate.short-circuit.wrecking-ball.crosscut&mirror=1&v=2.74.0"
"demolition.mass-driver.shaped-charge.skid-plate.relay-gate.short-circuit.triphammer.corner-cutter","Demolition","Mass Driver","Shaped Charge + Skid Plate + Relay Gate + Short Circuit + Triphammer + Corner Cutter","undefined","56","Shellshock > Mass Driver > Shaped Charge > Skid Plate > Fold > Relay Gate > Arc Coil > Short Circuit > Ramjet > Triphammer > Grindshot > Corner Cutter > Heavy hitter > Scattershot > Hair trigger > Bank shot > Punch through > Splinter > Airshot > Kickback > Bloodwork > Light frame > Burst fire > Backblast > Banker > Landing shot > Blast surfing > Aftershock > Chain reaction > Slingshot > Redline > Breach > Shatter > Shockfront > Backfire > Recall > Homecoming > Capacitor > Reserve cell > Countershot > Reprisal > Fuse > Linked fuse > Tether rounds > Snapback > Cinder rounds > Crosswind > Flashpoint > Slipstream > Tripwire > Tension > Vector rounds > Afterburner > Retrace > Wallrunner > Air Brake","shellshock > mass-driver > shaped-charge > skid-plate > fold > relay-gate > arc-coil > short-circuit > ramjet > triphammer > grindshot > corner-cutter > magnum > scatter > rapid > ricochet > pierce > split > airshot > kick > leech > light > burst > backblast > banker > landing > blast-surf > aftershock > chain-reaction > slingshot > redline > breach > shatter > shockfront > backfire > recall > homecoming > capacitor > reserve-cell > countershot > reprisal > fuse > linked-fuse > tether > snapback > cinder > crosswind > flashpoint > slipstream > tripwire > tension > vector > afterburner > retrace > wallrunner > air-brake","https://caleb-guyer.github.io/recoil-foundry/?test=branches&combo=demolition.mass-driver.shaped-charge.skid-plate.relay-gate.short-circuit.triphammer.corner-cutter&v=2.74.0","https://caleb-guyer.github.io/recoil-foundry/?test=branches&combo=demolition.mass-driver.shaped-charge.skid-plate.relay-gate.short-circuit.triphammer.corner-cutter&room=boss&v=2.74.0","https://caleb-guyer.github.io/recoil-foundry/?test=branches&combo=demolition.mass-driver.shaped-charge.skid-plate.relay-gate.short-circuit.triphammer.corner-cutter&mirror=1&v=2.74.0"
"demolition.mass-driver.shaped-charge.skid-plate.relay-gate.short-circuit.triphammer.crosscut","Demolition","Mass Driver","Shaped Charge + Skid Plate + Relay Gate + Short Circuit + Triphammer + Crosscut","Flywheel","57","Shellshock > Mass Driver > Shaped Charge > Skid Plate > Fold > Relay Gate > Arc Coil > Short Circuit > Ramjet > Triphammer > Grindshot > Crosscut > Flywheel > Heavy hitter > Scattershot > Hair trigger > Bank shot > Punch through > Splinter > Airshot > Kickback > Bloodwork > Light frame > Burst fire > Backblast > Banker > Landing shot > Blast surfing > Aftershock > Chain reaction > Slingshot > Redline > Breach > Shatter > Shockfront > Backfire > Recall > Homecoming > Capacitor > Reserve cell > Countershot > Reprisal > Fuse > Linked fuse > Tether rounds > Snapback > Cinder rounds > Crosswind > Flashpoint > Slipstream > Tripwire > Tension > Vector rounds > Afterburner > Retrace > Wallrunner > Air Brake","shellshock > mass-driver > shaped-charge > skid-plate > fold > relay-gate > arc-coil > short-circuit > ramjet > triphammer > grindshot > crosscut > flywheel > magnum > scatter > rapid > ricochet > pierce > split > airshot > kick > leech > light > burst > backblast > banker > landing > blast-surf > aftershock > chain-reaction > slingshot > redline > breach > shatter > shockfront > backfire > recall > homecoming > capacitor > reserve-cell > countershot > reprisal > fuse > linked-fuse > tether > snapback > cinder > crosswind > flashpoint > slipstream > tripwire > tension > vector > afterburner > retrace > wallrunner > air-brake","https://caleb-guyer.github.io/recoil-foundry/?test=branches&combo=demolition.mass-driver.shaped-charge.skid-plate.relay-gate.short-circuit.triphammer.crosscut&v=2.74.0","https://caleb-guyer.github.io/recoil-foundry/?test=branches&combo=demolition.mass-driver.shaped-charge.skid-plate.relay-gate.short-circuit.triphammer.crosscut&room=boss&v=2.74.0","https://caleb-guyer.github.io/recoil-foundry/?test=branches&combo=demolition.mass-driver.shaped-charge.skid-plate.relay-gate.short-circuit.triphammer.crosscut&mirror=1&v=2.74.0"
"demolition.mass-driver.cluster-shell.drop-forge.rewire.daisy-chain.wrecking-ball.corner-cutter","Demolition","Mass Driver","Cluster Shell + Drop Forge + Rewire + Daisy Chain + Wrecking Ball + Corner Cutter","Storm Cell","57","Shellshock > Mass Driver > Cluster Shell > Drop Forge > Fold > Rewire > Arc Coil > Daisy Chain > Ramjet > Wrecking Ball > Grindshot > Corner Cutter > Storm Cell > Heavy hitter > Scattershot > Hair trigger > Bank shot > Punch through > Splinter > Airshot > Kickback > Bloodwork > Light frame > Burst fire > Backblast > Banker > Landing shot > Blast surfing > Aftershock > Chain reaction > Slingshot > Redline > Breach > Shatter > Shockfront > Backfire > Recall > Homecoming > Capacitor > Reserve cell > Countershot > Reprisal > Fuse > Linked fuse > Tether rounds > Snapback > Cinder rounds > Crosswind > Flashpoint > Slipstream > Tripwire > Tension > Vector rounds > Afterburner > Retrace > Wallrunner > Air Brake","shellshock > mass-driver > cluster-shell > drop-forge > fold > rewire > arc-coil > daisy-chain > ramjet > wrecking-ball > grindshot > corner-cutter > storm-cell > magnum > scatter > rapid > ricochet > pierce > split > airshot > kick > leech > light > burst > backblast > banker > landing > blast-surf > aftershock > chain-reaction > slingshot > redline > breach > shatter > shockfront > backfire > recall > homecoming > capacitor > reserve-cell > countershot > reprisal > fuse > linked-fuse > tether > snapback > cinder > crosswind > flashpoint > slipstream > tripwire > tension > vector > afterburner > retrace > wallrunner > air-brake","https://caleb-guyer.github.io/recoil-foundry/?test=branches&combo=demolition.mass-driver.cluster-shell.drop-forge.rewire.daisy-chain.wrecking-ball.corner-cutter&v=2.74.0","https://caleb-guyer.github.io/recoil-foundry/?test=branches&combo=demolition.mass-driver.cluster-shell.drop-forge.rewire.daisy-chain.wrecking-ball.corner-cutter&room=boss&v=2.74.0","https://caleb-guyer.github.io/recoil-foundry/?test=branches&combo=demolition.mass-driver.cluster-shell.drop-forge.rewire.daisy-chain.wrecking-ball.corner-cutter&mirror=1&v=2.74.0"
"demolition.mass-driver.cluster-shell.drop-forge.rewire.daisy-chain.wrecking-ball.crosscut","Demolition","Mass Driver","Cluster Shell + Drop Forge + Rewire + Daisy Chain + Wrecking Ball + Crosscut","Storm Cell","57","Shellshock > Mass Driver > Cluster Shell > Drop Forge > Fold > Rewire > Arc Coil > Daisy Chain > Ramjet > Wrecking Ball > Grindshot > Crosscut > Storm Cell > Heavy hitter > Scattershot > Hair trigger > Bank shot > Punch through > Splinter > Airshot > Kickback > Bloodwork > Light frame > Burst fire > Backblast > Banker > Landing shot > Blast surfing > Aftershock > Chain reaction > Slingshot > Redline > Breach > Shatter > Shockfront > Backfire > Recall > Homecoming > Capacitor > Reserve cell > Countershot > Reprisal > Fuse > Linked fuse > Tether rounds > Snapback > Cinder rounds > Crosswind > Flashpoint > Slipstream > Tripwire > Tension > Vector rounds > Afterburner > Retrace > Wallrunner > Air Brake","shellshock > mass-driver > cluster-shell > drop-forge > fold > rewire > arc-coil > daisy-chain > ramjet > wrecking-ball > grindshot > crosscut > storm-cell > magnum > scatter > rapid > ricochet > pierce > split > airshot > kick > leech > light > burst > backblast > banker > landing > blast-surf > aftershock > chain-reaction > slingshot > redline > breach > shatter > shockfront > backfire > recall > homecoming > capacitor > reserve-cell > countershot > reprisal > fuse > linked-fuse > tether > snapback > cinder > crosswind > flashpoint > slipstream > tripwire > tension > vector > afterburner > retrace > wallrunner > air-brake","https://caleb-guyer.github.io/recoil-foundry/?test=branches&combo=demolition.mass-driver.cluster-shell.drop-forge.rewire.daisy-chain.wrecking-ball.crosscut&v=2.74.0","https://caleb-guyer.github.io/recoil-foundry/?test=branches&combo=demolition.mass-driver.cluster-shell.drop-forge.rewire.daisy-chain.wrecking-ball.crosscut&room=boss&v=2.74.0","https://caleb-guyer.github.io/recoil-foundry/?test=branches&combo=demolition.mass-driver.cluster-shell.drop-forge.rewire.daisy-chain.wrecking-ball.crosscut&mirror=1&v=2.74.0"
"demolition.mass-driver.cluster-shell.drop-forge.rewire.daisy-chain.triphammer.corner-cutter","Demolition","Mass Driver","Cluster Shell + Drop Forge + Rewire + Daisy Chain + Triphammer + Corner Cutter","Storm Cell","57","Shellshock > Mass Driver > Cluster Shell > Drop Forge > Fold > Rewire > Arc Coil > Daisy Chain > Ramjet > Triphammer > Grindshot > Corner Cutter > Storm Cell > Heavy hitter > Scattershot > Hair trigger > Bank shot > Punch through > Splinter > Airshot > Kickback > Bloodwork > Light frame > Burst fire > Backblast > Banker > Landing shot > Blast surfing > Aftershock > Chain reaction > Slingshot > Redline > Breach > Shatter > Shockfront > Backfire > Recall > Homecoming > Capacitor > Reserve cell > Countershot > Reprisal > Fuse > Linked fuse > Tether rounds > Snapback > Cinder rounds > Crosswind > Flashpoint > Slipstream > Tripwire > Tension > Vector rounds > Afterburner > Retrace > Wallrunner > Air Brake","shellshock > mass-driver > cluster-shell > drop-forge > fold > rewire > arc-coil > daisy-chain > ramjet > triphammer > grindshot > corner-cutter > storm-cell > magnum > scatter > rapid > ricochet > pierce > split > airshot > kick > leech > light > burst > backblast > banker > landing > blast-surf > aftershock > chain-reaction > slingshot > redline > breach > shatter > shockfront > backfire > recall > homecoming > capacitor > reserve-cell > countershot > reprisal > fuse > linked-fuse > tether > snapback > cinder > crosswind > flashpoint > slipstream > tripwire > tension > vector > afterburner > retrace > wallrunner > air-brake","https://caleb-guyer.github.io/recoil-foundry/?test=branches&combo=demolition.mass-driver.cluster-shell.drop-forge.rewire.daisy-chain.triphammer.corner-cutter&v=2.74.0","https://caleb-guyer.github.io/recoil-foundry/?test=branches&combo=demolition.mass-driver.cluster-shell.drop-forge.rewire.daisy-chain.triphammer.corner-cutter&room=boss&v=2.74.0","https://caleb-guyer.github.io/recoil-foundry/?test=branches&combo=demolition.mass-driver.cluster-shell.drop-forge.rewire.daisy-chain.triphammer.corner-cutter&mirror=1&v=2.74.0"
"demolition.mass-driver.cluster-shell.drop-forge.rewire.daisy-chain.triphammer.crosscut","Demolition","Mass Driver","Cluster Shell + Drop Forge + Rewire + Daisy Chain + Triphammer + Crosscut","Storm Cell","57","Shellshock > Mass Driver > Cluster Shell > Drop Forge > Fold > Rewire > Arc Coil > Daisy Chain > Ramjet > Triphammer > Grindshot > Crosscut > Storm Cell > Heavy hitter > Scattershot > Hair trigger > Bank shot > Punch through > Splinter > Airshot > Kickback > Bloodwork > Light frame > Burst fire > Backblast > Banker > Landing shot > Blast surfing > Aftershock > Chain reaction > Slingshot > Redline > Breach > Shatter > Shockfront > Backfire > Recall > Homecoming > Capacitor > Reserve cell > Countershot > Reprisal > Fuse > Linked fuse > Tether rounds > Snapback > Cinder rounds > Crosswind > Flashpoint > Slipstream > Tripwire > Tension > Vector rounds > Afterburner > Retrace > Wallrunner > Air Brake","shellshock > mass-driver > cluster-shell > drop-forge > fold > rewire > arc-coil > daisy-chain > ramjet > triphammer > grindshot > crosscut > storm-cell > magnum > scatter > rapid > ricochet > pierce > split > airshot > kick > leech > light > burst > backblast > banker > landing > blast-surf > aftershock > chain-reaction > slingshot > redline > breach > shatter > shockfront > backfire > recall > homecoming > capacitor > reserve-cell > countershot > reprisal > fuse > linked-fuse > tether > snapback > cinder > crosswind > flashpoint > slipstream > tripwire > tension > vector > afterburner > retrace > wallrunner > air-brake","https://caleb-guyer.github.io/recoil-foundry/?test=branches&combo=demolition.mass-driver.cluster-shell.drop-forge.rewire.daisy-chain.triphammer.crosscut&v=2.74.0","https://caleb-guyer.github.io/recoil-foundry/?test=branches&combo=demolition.mass-driver.cluster-shell.drop-forge.rewire.daisy-chain.triphammer.crosscut&room=boss&v=2.74.0","https://caleb-guyer.github.io/recoil-foundry/?test=branches&combo=demolition.mass-driver.cluster-shell.drop-forge.rewire.daisy-chain.triphammer.crosscut&mirror=1&v=2.74.0"
"demolition.mass-driver.cluster-shell.drop-forge.rewire.short-circuit.wrecking-ball.corner-cutter","Demolition","Mass Driver","Cluster Shell + Drop Forge + Rewire + Short Circuit + Wrecking Ball + Corner Cutter","Storm Cell","57","Shellshock > Mass Driver > Cluster Shell > Drop Forge > Fold > Rewire > Arc Coil > Short Circuit > Ramjet > Wrecking Ball > Grindshot > Corner Cutter > Storm Cell > Heavy hitter > Scattershot > Hair trigger > Bank shot > Punch through > Splinter > Airshot > Kickback > Bloodwork > Light frame > Burst fire > Backblast > Banker > Landing shot > Blast surfing > Aftershock > Chain reaction > Slingshot > Redline > Breach > Shatter > Shockfront > Backfire > Recall > Homecoming > Capacitor > Reserve cell > Countershot > Reprisal > Fuse > Linked fuse > Tether rounds > Snapback > Cinder rounds > Crosswind > Flashpoint > Slipstream > Tripwire > Tension > Vector rounds > Afterburner > Retrace > Wallrunner > Air Brake","shellshock > mass-driver > cluster-shell > drop-forge > fold > rewire > arc-coil > short-circuit > ramjet > wrecking-ball > grindshot > corner-cutter > storm-cell > magnum > scatter > rapid > ricochet > pierce > split > airshot > kick > leech > light > burst > backblast > banker > landing > blast-surf > aftershock > chain-reaction > slingshot > redline > breach > shatter > shockfront > backfire > recall > homecoming > capacitor > reserve-cell > countershot > reprisal > fuse > linked-fuse > tether > snapback > cinder > crosswind > flashpoint > slipstream > tripwire > tension > vector > afterburner > retrace > wallrunner > air-brake","https://caleb-guyer.github.io/recoil-foundry/?test=branches&combo=demolition.mass-driver.cluster-shell.drop-forge.rewire.short-circuit.wrecking-ball.corner-cutter&v=2.74.0","https://caleb-guyer.github.io/recoil-foundry/?test=branches&combo=demolition.mass-driver.cluster-shell.drop-forge.rewire.short-circuit.wrecking-ball.corner-cutter&room=boss&v=2.74.0","https://caleb-guyer.github.io/recoil-foundry/?test=branches&combo=demolition.mass-driver.cluster-shell.drop-forge.rewire.short-circuit.wrecking-ball.corner-cutter&mirror=1&v=2.74.0"
"demolition.mass-driver.cluster-shell.drop-forge.rewire.short-circuit.wrecking-ball.crosscut","Demolition","Mass Driver","Cluster Shell + Drop Forge + Rewire + Short Circuit + Wrecking Ball + Crosscut","Storm Cell","57","Shellshock > Mass Driver > Cluster Shell > Drop Forge > Fold > Rewire > Arc Coil > Short Circuit > Ramjet > Wrecking Ball > Grindshot > Crosscut > Storm Cell > Heavy hitter > Scattershot > Hair trigger > Bank shot > Punch through > Splinter > Airshot > Kickback > Bloodwork > Light frame > Burst fire > Backblast > Banker > Landing shot > Blast surfing > Aftershock > Chain reaction > Slingshot > Redline > Breach > Shatter > Shockfront > Backfire > Recall > Homecoming > Capacitor > Reserve cell > Countershot > Reprisal > Fuse > Linked fuse > Tether rounds > Snapback > Cinder rounds > Crosswind > Flashpoint > Slipstream > Tripwire > Tension > Vector rounds > Afterburner > Retrace > Wallrunner > Air Brake","shellshock > mass-driver > cluster-shell > drop-forge > fold > rewire > arc-coil > short-circuit > ramjet > wrecking-ball > grindshot > crosscut > storm-cell > magnum > scatter > rapid > ricochet > pierce > split > airshot > kick > leech > light > burst > backblast > banker > landing > blast-surf > aftershock > chain-reaction > slingshot > redline > breach > shatter > shockfront > backfire > recall > homecoming > capacitor > reserve-cell > countershot > reprisal > fuse > linked-fuse > tether > snapback > cinder > crosswind > flashpoint > slipstream > tripwire > tension > vector > afterburner > retrace > wallrunner > air-brake","https://caleb-guyer.github.io/recoil-foundry/?test=branches&combo=demolition.mass-driver.cluster-shell.drop-forge.rewire.short-circuit.wrecking-ball.crosscut&v=2.74.0","https://caleb-guyer.github.io/recoil-foundry/?test=branches&combo=demolition.mass-driver.cluster-shell.drop-forge.rewire.short-circuit.wrecking-ball.crosscut&room=boss&v=2.74.0","https://caleb-guyer.github.io/recoil-foundry/?test=branches&combo=demolition.mass-driver.cluster-shell.drop-forge.rewire.short-circuit.wrecking-ball.crosscut&mirror=1&v=2.74.0"
"demolition.mass-driver.cluster-shell.drop-forge.rewire.short-circuit.triphammer.corner-cutter","Demolition","Mass Driver","Cluster Shell + Drop Forge + Rewire + Short Circuit + Triphammer + Corner Cutter","Storm Cell","57","Shellshock > Mass Driver > Cluster Shell > Drop Forge > Fold > Rewire > Arc Coil > Short Circuit > Ramjet > Triphammer > Grindshot > Corner Cutter > Storm Cell > Heavy hitter > Scattershot > Hair trigger > Bank shot > Punch through > Splinter > Airshot > Kickback > Bloodwork > Light frame > Burst fire > Backblast > Banker > Landing shot > Blast surfing > Aftershock > Chain reaction > Slingshot > Redline > Breach > Shatter > Shockfront > Backfire > Recall > Homecoming > Capacitor > Reserve cell > Countershot > Reprisal > Fuse > Linked fuse > Tether rounds > Snapback > Cinder rounds > Crosswind > Flashpoint > Slipstream > Tripwire > Tension > Vector rounds > Afterburner > Retrace > Wallrunner > Air Brake","shellshock > mass-driver > cluster-shell > drop-forge > fold > rewire > arc-coil > short-circuit > ramjet > triphammer > grindshot > corner-cutter > storm-cell > magnum > scatter > rapid > ricochet > pierce > split > airshot > kick > leech > light > burst > backblast > banker > landing > blast-surf > aftershock > chain-reaction > slingshot > redline > breach > shatter > shockfront > backfire > recall > homecoming > capacitor > reserve-cell > countershot > reprisal > fuse > linked-fuse > tether > snapback > cinder > crosswind > flashpoint > slipstream > tripwire > tension > vector > afterburner > retrace > wallrunner > air-brake","https://caleb-guyer.github.io/recoil-foundry/?test=branches&combo=demolition.mass-driver.cluster-shell.drop-forge.rewire.short-circuit.triphammer.corner-cutter&v=2.74.0","https://caleb-guyer.github.io/recoil-foundry/?test=branches&combo=demolition.mass-driver.cluster-shell.drop-forge.rewire.short-circuit.triphammer.corner-cutter&room=boss&v=2.74.0","https://caleb-guyer.github.io/recoil-foundry/?test=branches&combo=demolition.mass-driver.cluster-shell.drop-forge.rewire.short-circuit.triphammer.corner-cutter&mirror=1&v=2.74.0"
"demolition.mass-driver.cluster-shell.drop-forge.rewire.short-circuit.triphammer.crosscut","Demolition","Mass Driver","Cluster Shell + Drop Forge + Rewire + Short Circuit + Triphammer + Crosscut","Storm Cell","57","Shellshock > Mass Driver > Cluster Shell > Drop Forge > Fold > Rewire > Arc Coil > Short Circuit > Ramjet > Triphammer > Grindshot > Crosscut > Storm Cell > Heavy hitter > Scattershot > Hair trigger > Bank shot > Punch through > Splinter > Airshot > Kickback > Bloodwork > Light frame > Burst fire > Backblast > Banker > Landing shot > Blast surfing > Aftershock > Chain reaction > Slingshot > Redline > Breach > Shatter > Shockfront > Backfire > Recall > Homecoming > Capacitor > Reserve cell > Countershot > Reprisal > Fuse > Linked fuse > Tether rounds > Snapback > Cinder rounds > Crosswind > Flashpoint > Slipstream > Tripwire > Tension > Vector rounds > Afterburner > Retrace > Wallrunner > Air Brake","shellshock > mass-driver > cluster-shell > drop-forge > fold > rewire > arc-coil > short-circuit > ramjet > triphammer > grindshot > crosscut > storm-cell > magnum > scatter > rapid > ricochet > pierce > split > airshot > kick > leech > light > burst > backblast > banker > landing > blast-surf > aftershock > chain-reaction > slingshot > redline > breach > shatter > shockfront > backfire > recall > homecoming > capacitor > reserve-cell > countershot > reprisal > fuse > linked-fuse > tether > snapback > cinder > crosswind > flashpoint > slipstream > tripwire > tension > vector > afterburner > retrace > wallrunner > air-brake","https://caleb-guyer.github.io/recoil-foundry/?test=branches&combo=demolition.mass-driver.cluster-shell.drop-forge.rewire.short-circuit.triphammer.crosscut&v=2.74.0","https://caleb-guyer.github.io/recoil-foundry/?test=branches&combo=demolition.mass-driver.cluster-shell.drop-forge.rewire.short-circuit.triphammer.crosscut&room=boss&v=2.74.0","https://caleb-guyer.github.io/recoil-foundry/?test=branches&combo=demolition.mass-driver.cluster-shell.drop-forge.rewire.short-circuit.triphammer.crosscut&mirror=1&v=2.74.0"
"demolition.mass-driver.cluster-shell.drop-forge.relay-gate.daisy-chain.wrecking-ball.corner-cutter","Demolition","Mass Driver","Cluster Shell + Drop Forge + Relay Gate + Daisy Chain + Wrecking Ball + Corner Cutter","Storm Cell","57","Shellshock > Mass Driver > Cluster Shell > Drop Forge > Fold > Relay Gate > Arc Coil > Daisy Chain > Ramjet > Wrecking Ball > Grindshot > Corner Cutter > Storm Cell > Heavy hitter > Scattershot > Hair trigger > Bank shot > Punch through > Splinter > Airshot > Kickback > Bloodwork > Light frame > Burst fire > Backblast > Banker > Landing shot > Blast surfing > Aftershock > Chain reaction > Slingshot > Redline > Breach > Shatter > Shockfront > Backfire > Recall > Homecoming > Capacitor > Reserve cell > Countershot > Reprisal > Fuse > Linked fuse > Tether rounds > Snapback > Cinder rounds > Crosswind > Flashpoint > Slipstream > Tripwire > Tension > Vector rounds > Afterburner > Retrace > Wallrunner > Air Brake","shellshock > mass-driver > cluster-shell > drop-forge > fold > relay-gate > arc-coil > daisy-chain > ramjet > wrecking-ball > grindshot > corner-cutter > storm-cell > magnum > scatter > rapid > ricochet > pierce > split > airshot > kick > leech > light > burst > backblast > banker > landing > blast-surf > aftershock > chain-reaction > slingshot > redline > breach > shatter > shockfront > backfire > recall > homecoming > capacitor > reserve-cell > countershot > reprisal > fuse > linked-fuse > tether > snapback > cinder > crosswind > flashpoint > slipstream > tripwire > tension > vector > afterburner > retrace > wallrunner > air-brake","https://caleb-guyer.github.io/recoil-foundry/?test=branches&combo=demolition.mass-driver.cluster-shell.drop-forge.relay-gate.daisy-chain.wrecking-ball.corner-cutter&v=2.74.0","https://caleb-guyer.github.io/recoil-foundry/?test=branches&combo=demolition.mass-driver.cluster-shell.drop-forge.relay-gate.daisy-chain.wrecking-ball.corner-cutter&room=boss&v=2.74.0","https://caleb-guyer.github.io/recoil-foundry/?test=branches&combo=demolition.mass-driver.cluster-shell.drop-forge.relay-gate.daisy-chain.wrecking-ball.corner-cutter&mirror=1&v=2.74.0"
"demolition.mass-driver.cluster-shell.drop-forge.relay-gate.daisy-chain.wrecking-ball.crosscut","Demolition","Mass Driver","Cluster Shell + Drop Forge + Relay Gate + Daisy Chain + Wrecking Ball + Crosscut","Storm Cell","57","Shellshock > Mass Driver > Cluster Shell > Drop Forge > Fold > Relay Gate > Arc Coil > Daisy Chain > Ramjet > Wrecking Ball > Grindshot > Crosscut > Storm Cell > Heavy hitter > Scattershot > Hair trigger > Bank shot > Punch through > Splinter > Airshot > Kickback > Bloodwork > Light frame > Burst fire > Backblast > Banker > Landing shot > Blast surfing > Aftershock > Chain reaction > Slingshot > Redline > Breach > Shatter > Shockfront > Backfire > Recall > Homecoming > Capacitor > Reserve cell > Countershot > Reprisal > Fuse > Linked fuse > Tether rounds > Snapback > Cinder rounds > Crosswind > Flashpoint > Slipstream > Tripwire > Tension > Vector rounds > Afterburner > Retrace > Wallrunner > Air Brake","shellshock > mass-driver > cluster-shell > drop-forge > fold > relay-gate > arc-coil > daisy-chain > ramjet > wrecking-ball > grindshot > crosscut > storm-cell > magnum > scatter > rapid > ricochet > pierce > split > airshot > kick > leech > light > burst > backblast > banker > landing > blast-surf > aftershock > chain-reaction > slingshot > redline > breach > shatter > shockfront > backfire > recall > homecoming > capacitor > reserve-cell > countershot > reprisal > fuse > linked-fuse > tether > snapback > cinder > crosswind > flashpoint > slipstream > tripwire > tension > vector > afterburner > retrace > wallrunner > air-brake","https://caleb-guyer.github.io/recoil-foundry/?test=branches&combo=demolition.mass-driver.cluster-shell.drop-forge.relay-gate.daisy-chain.wrecking-ball.crosscut&v=2.74.0","https://caleb-guyer.github.io/recoil-foundry/?test=branches&combo=demolition.mass-driver.cluster-shell.drop-forge.relay-gate.daisy-chain.wrecking-ball.crosscut&room=boss&v=2.74.0","https://caleb-guyer.github.io/recoil-foundry/?test=branches&combo=demolition.mass-driver.cluster-shell.drop-forge.relay-gate.daisy-chain.wrecking-ball.crosscut&mirror=1&v=2.74.0"
"demolition.mass-driver.cluster-shell.drop-forge.relay-gate.daisy-chain.triphammer.corner-cutter","Demolition","Mass Driver","Cluster Shell + Drop Forge + Relay Gate + Daisy Chain + Triphammer + Corner Cutter","Storm Cell","57","Shellshock > Mass Driver > Cluster Shell > Drop Forge > Fold > Relay Gate > Arc Coil > Daisy Chain > Ramjet > Triphammer > Grindshot > Corner Cutter > Storm Cell > Heavy hitter > Scattershot > Hair trigger > Bank shot > Punch through > Splinter > Airshot > Kickback > Bloodwork > Light frame > Burst fire > Backblast > Banker > Landing shot > Blast surfing > Aftershock > Chain reaction > Slingshot > Redline > Breach > Shatter > Shockfront > Backfire > Recall > Homecoming > Capacitor > Reserve cell > Countershot > Reprisal > Fuse > Linked fuse > Tether rounds > Snapback > Cinder rounds > Crosswind > Flashpoint > Slipstream > Tripwire > Tension > Vector rounds > Afterburner > Retrace > Wallrunner > Air Brake","shellshock > mass-driver > cluster-shell > drop-forge > fold > relay-gate > arc-coil > daisy-chain > ramjet > triphammer > grindshot > corner-cutter > storm-cell > magnum > scatter > rapid > ricochet > pierce > split > airshot > kick > leech > light > burst > backblast > banker > landing > blast-surf > aftershock > chain-reaction > slingshot > redline > breach > shatter > shockfront > backfire > recall > homecoming > capacitor > reserve-cell > countershot > reprisal > fuse > linked-fuse > tether > snapback > cinder > crosswind > flashpoint > slipstream > tripwire > tension > vector > afterburner > retrace > wallrunner > air-brake","https://caleb-guyer.github.io/recoil-foundry/?test=branches&combo=demolition.mass-driver.cluster-shell.drop-forge.relay-gate.daisy-chain.triphammer.corner-cutter&v=2.74.0","https://caleb-guyer.github.io/recoil-foundry/?test=branches&combo=demolition.mass-driver.cluster-shell.drop-forge.relay-gate.daisy-chain.triphammer.corner-cutter&room=boss&v=2.74.0","https://caleb-guyer.github.io/recoil-foundry/?test=branches&combo=demolition.mass-driver.cluster-shell.drop-forge.relay-gate.daisy-chain.triphammer.corner-cutter&mirror=1&v=2.74.0"
"demolition.mass-driver.cluster-shell.drop-forge.relay-gate.daisy-chain.triphammer.crosscut","Demolition","Mass Driver","Cluster Shell + Drop Forge + Relay Gate + Daisy Chain + Triphammer + Crosscut","Storm Cell","57","Shellshock > Mass Driver > Cluster Shell > Drop Forge > Fold > Relay Gate > Arc Coil > Daisy Chain > Ramjet > Triphammer > Grindshot > Crosscut > Storm Cell > Heavy hitter > Scattershot > Hair trigger > Bank shot > Punch through > Splinter > Airshot > Kickback > Bloodwork > Light frame > Burst fire > Backblast > Banker > Landing shot > Blast surfing > Aftershock > Chain reaction > Slingshot > Redline > Breach > Shatter > Shockfront > Backfire > Recall > Homecoming > Capacitor > Reserve cell > Countershot > Reprisal > Fuse > Linked fuse > Tether rounds > Snapback > Cinder rounds > Crosswind > Flashpoint > Slipstream > Tripwire > Tension > Vector rounds > Afterburner > Retrace > Wallrunner > Air Brake","shellshock > mass-driver > cluster-shell > drop-forge > fold > relay-gate > arc-coil > daisy-chain > ramjet > triphammer > grindshot > crosscut > storm-cell > magnum > scatter > rapid > ricochet > pierce > split > airshot > kick > leech > light > burst > backblast > banker > landing > blast-surf > aftershock > chain-reaction > slingshot > redline > breach > shatter > shockfront > backfire > recall > homecoming > capacitor > reserve-cell > countershot > reprisal > fuse > linked-fuse > tether > snapback > cinder > crosswind > flashpoint > slipstream > tripwire > tension > vector > afterburner > retrace > wallrunner > air-brake","https://caleb-guyer.github.io/recoil-foundry/?test=branches&combo=demolition.mass-driver.cluster-shell.drop-forge.relay-gate.daisy-chain.triphammer.crosscut&v=2.74.0","https://caleb-guyer.github.io/recoil-foundry/?test=branches&combo=demolition.mass-driver.cluster-shell.drop-forge.relay-gate.daisy-chain.triphammer.crosscut&room=boss&v=2.74.0","https://caleb-guyer.github.io/recoil-foundry/?test=branches&combo=demolition.mass-driver.cluster-shell.drop-forge.relay-gate.daisy-chain.triphammer.crosscut&mirror=1&v=2.74.0"
"demolition.mass-driver.cluster-shell.drop-forge.relay-gate.short-circuit.wrecking-ball.corner-cutter","Demolition","Mass Driver","Cluster Shell + Drop Forge + Relay Gate + Short Circuit + Wrecking Ball + Corner Cutter","Storm Cell","57","Shellshock > Mass Driver > Cluster Shell > Drop Forge > Fold > Relay Gate > Arc Coil > Short Circuit > Ramjet > Wrecking Ball > Grindshot > Corner Cutter > Storm Cell > Heavy hitter > Scattershot > Hair trigger > Bank shot > Punch through > Splinter > Airshot > Kickback > Bloodwork > Light frame > Burst fire > Backblast > Banker > Landing shot > Blast surfing > Aftershock > Chain reaction > Slingshot > Redline > Breach > Shatter > Shockfront > Backfire > Recall > Homecoming > Capacitor > Reserve cell > Countershot > Reprisal > Fuse > Linked fuse > Tether rounds > Snapback > Cinder rounds > Crosswind > Flashpoint > Slipstream > Tripwire > Tension > Vector rounds > Afterburner > Retrace > Wallrunner > Air Brake","shellshock > mass-driver > cluster-shell > drop-forge > fold > relay-gate > arc-coil > short-circuit > ramjet > wrecking-ball > grindshot > corner-cutter > storm-cell > magnum > scatter > rapid > ricochet > pierce > split > airshot > kick > leech > light > burst > backblast > banker > landing > blast-surf > aftershock > chain-reaction > slingshot > redline > breach > shatter > shockfront > backfire > recall > homecoming > capacitor > reserve-cell > countershot > reprisal > fuse > linked-fuse > tether > snapback > cinder > crosswind > flashpoint > slipstream > tripwire > tension > vector > afterburner > retrace > wallrunner > air-brake","https://caleb-guyer.github.io/recoil-foundry/?test=branches&combo=demolition.mass-driver.cluster-shell.drop-forge.relay-gate.short-circuit.wrecking-ball.corner-cutter&v=2.74.0","https://caleb-guyer.github.io/recoil-foundry/?test=branches&combo=demolition.mass-driver.cluster-shell.drop-forge.relay-gate.short-circuit.wrecking-ball.corner-cutter&room=boss&v=2.74.0","https://caleb-guyer.github.io/recoil-foundry/?test=branches&combo=demolition.mass-driver.cluster-shell.drop-forge.relay-gate.short-circuit.wrecking-ball.corner-cutter&mirror=1&v=2.74.0"
"demolition.mass-driver.cluster-shell.drop-forge.relay-gate.short-circuit.wrecking-ball.crosscut","Demolition","Mass Driver","Cluster Shell + Drop Forge + Relay Gate + Short Circuit + Wrecking Ball + Crosscut","Storm Cell","57","Shellshock > Mass Driver > Cluster Shell > Drop Forge > Fold > Relay Gate > Arc Coil > Short Circuit > Ramjet > Wrecking Ball > Grindshot > Crosscut > Storm Cell > Heavy hitter > Scattershot > Hair trigger > Bank shot > Punch through > Splinter > Airshot > Kickback > Bloodwork > Light frame > Burst fire > Backblast > Banker > Landing shot > Blast surfing > Aftershock > Chain reaction > Slingshot > Redline > Breach > Shatter > Shockfront > Backfire > Recall > Homecoming > Capacitor > Reserve cell > Countershot > Reprisal > Fuse > Linked fuse > Tether rounds > Snapback > Cinder rounds > Crosswind > Flashpoint > Slipstream > Tripwire > Tension > Vector rounds > Afterburner > Retrace > Wallrunner > Air Brake","shellshock > mass-driver > cluster-shell > drop-forge > fold > relay-gate > arc-coil > short-circuit > ramjet > wrecking-ball > grindshot > crosscut > storm-cell > magnum > scatter > rapid > ricochet > pierce > split > airshot > kick > leech > light > burst > backblast > banker > landing > blast-surf > aftershock > chain-reaction > slingshot > redline > breach > shatter > shockfront > backfire > recall > homecoming > capacitor > reserve-cell > countershot > reprisal > fuse > linked-fuse > tether > snapback > cinder > crosswind > flashpoint > slipstream > tripwire > tension > vector > afterburner > retrace > wallrunner > air-brake","https://caleb-guyer.github.io/recoil-foundry/?test=branches&combo=demolition.mass-driver.cluster-shell.drop-forge.relay-gate.short-circuit.wrecking-ball.crosscut&v=2.74.0","https://caleb-guyer.github.io/recoil-foundry/?test=branches&combo=demolition.mass-driver.cluster-shell.drop-forge.relay-gate.short-circuit.wrecking-ball.crosscut&room=boss&v=2.74.0","https://caleb-guyer.github.io/recoil-foundry/?test=branches&combo=demolition.mass-driver.cluster-shell.drop-forge.relay-gate.short-circuit.wrecking-ball.crosscut&mirror=1&v=2.74.0"
"demolition.mass-driver.cluster-shell.drop-forge.relay-gate.short-circuit.triphammer.corner-cutter","Demolition","Mass Driver","Cluster Shell + Drop Forge + Relay Gate + Short Circuit + Triphammer + Corner Cutter","Storm Cell","57","Shellshock > Mass Driver > Cluster Shell > Drop Forge > Fold > Relay Gate > Arc Coil > Short Circuit > Ramjet > Triphammer > Grindshot > Corner Cutter > Storm Cell > Heavy hitter > Scattershot > Hair trigger > Bank shot > Punch through > Splinter > Airshot > Kickback > Bloodwork > Light frame > Burst fire > Backblast > Banker > Landing shot > Blast surfing > Aftershock > Chain reaction > Slingshot > Redline > Breach > Shatter > Shockfront > Backfire > Recall > Homecoming > Capacitor > Reserve cell > Countershot > Reprisal > Fuse > Linked fuse > Tether rounds > Snapback > Cinder rounds > Crosswind > Flashpoint > Slipstream > Tripwire > Tension > Vector rounds > Afterburner > Retrace > Wallrunner > Air Brake","shellshock > mass-driver > cluster-shell > drop-forge > fold > relay-gate > arc-coil > short-circuit > ramjet > triphammer > grindshot > corner-cutter > storm-cell > magnum > scatter > rapid > ricochet > pierce > split > airshot > kick > leech > light > burst > backblast > banker > landing > blast-surf > aftershock > chain-reaction > slingshot > redline > breach > shatter > shockfront > backfire > recall > homecoming > capacitor > reserve-cell > countershot > reprisal > fuse > linked-fuse > tether > snapback > cinder > crosswind > flashpoint > slipstream > tripwire > tension > vector > afterburner > retrace > wallrunner > air-brake","https://caleb-guyer.github.io/recoil-foundry/?test=branches&combo=demolition.mass-driver.cluster-shell.drop-forge.relay-gate.short-circuit.triphammer.corner-cutter&v=2.74.0","https://caleb-guyer.github.io/recoil-foundry/?test=branches&combo=demolition.mass-driver.cluster-shell.drop-forge.relay-gate.short-circuit.triphammer.corner-cutter&room=boss&v=2.74.0","https://caleb-guyer.github.io/recoil-foundry/?test=branches&combo=demolition.mass-driver.cluster-shell.drop-forge.relay-gate.short-circuit.triphammer.corner-cutter&mirror=1&v=2.74.0"
"demolition.mass-driver.cluster-shell.drop-forge.relay-gate.short-circuit.triphammer.crosscut","Demolition","Mass Driver","Cluster Shell + Drop Forge + Relay Gate + Short Circuit + Triphammer + Crosscut","Storm Cell","57","Shellshock > Mass Driver > Cluster Shell > Drop Forge > Fold > Relay Gate > Arc Coil > Short Circuit > Ramjet > Triphammer > Grindshot > Crosscut > Storm Cell > Heavy hitter > Scattershot > Hair trigger > Bank shot > Punch through > Splinter > Airshot > Kickback > Bloodwork > Light frame > Burst fire > Backblast > Banker > Landing shot > Blast surfing > Aftershock > Chain reaction > Slingshot > Redline > Breach > Shatter > Shockfront > Backfire > Recall > Homecoming > Capacitor > Reserve cell > Countershot > Reprisal > Fuse > Linked fuse > Tether rounds > Snapback > Cinder rounds > Crosswind > Flashpoint > Slipstream > Tripwire > Tension > Vector rounds > Afterburner > Retrace > Wallrunner > Air Brake","shellshock > mass-driver > cluster-shell > drop-forge > fold > relay-gate > arc-coil > short-circuit > ramjet > triphammer > grindshot > crosscut > storm-cell > magnum > scatter > rapid > ricochet > pierce > split > airshot > kick > leech > light > burst > backblast > banker > landing > blast-surf > aftershock > chain-reaction > slingshot > redline > breach > shatter > shockfront > backfire > recall > homecoming > capacitor > reserve-cell > countershot > reprisal > fuse > linked-fuse > tether > snapback > cinder > crosswind > flashpoint > slipstream > tripwire > tension > vector > afterburner > retrace > wallrunner > air-brake","https://caleb-guyer.github.io/recoil-foundry/?test=branches&combo=demolition.mass-driver.cluster-shell.drop-forge.relay-gate.short-circuit.triphammer.crosscut&v=2.74.0","https://caleb-guyer.github.io/recoil-foundry/?test=branches&combo=demolition.mass-driver.cluster-shell.drop-forge.relay-gate.short-circuit.triphammer.crosscut&room=boss&v=2.74.0","https://caleb-guyer.github.io/recoil-foundry/?test=branches&combo=demolition.mass-driver.cluster-shell.drop-forge.relay-gate.short-circuit.triphammer.crosscut&mirror=1&v=2.74.0"
"demolition.mass-driver.cluster-shell.skid-plate.rewire.daisy-chain.wrecking-ball.corner-cutter","Demolition","Mass Driver","Cluster Shell + Skid Plate + Rewire + Daisy Chain + Wrecking Ball + Corner Cutter","Storm Cell","57","Shellshock > Mass Driver > Cluster Shell > Skid Plate > Fold > Rewire > Arc Coil > Daisy Chain > Ramjet > Wrecking Ball > Grindshot > Corner Cutter > Storm Cell > Heavy hitter > Scattershot > Hair trigger > Bank shot > Punch through > Splinter > Airshot > Kickback > Bloodwork > Light frame > Burst fire > Backblast > Banker > Landing shot > Blast surfing > Aftershock > Chain reaction > Slingshot > Redline > Breach > Shatter > Shockfront > Backfire > Recall > Homecoming > Capacitor > Reserve cell > Countershot > Reprisal > Fuse > Linked fuse > Tether rounds > Snapback > Cinder rounds > Crosswind > Flashpoint > Slipstream > Tripwire > Tension > Vector rounds > Afterburner > Retrace > Wallrunner > Air Brake","shellshock > mass-driver > cluster-shell > skid-plate > fold > rewire > arc-coil > daisy-chain > ramjet > wrecking-ball > grindshot > corner-cutter > storm-cell > magnum > scatter > rapid > ricochet > pierce > split > airshot > kick > leech > light > burst > backblast > banker > landing > blast-surf > aftershock > chain-reaction > slingshot > redline > breach > shatter > shockfront > backfire > recall > homecoming > capacitor > reserve-cell > countershot > reprisal > fuse > linked-fuse > tether > snapback > cinder > crosswind > flashpoint > slipstream > tripwire > tension > vector > afterburner > retrace > wallrunner > air-brake","https://caleb-guyer.github.io/recoil-foundry/?test=branches&combo=demolition.mass-driver.cluster-shell.skid-plate.rewire.daisy-chain.wrecking-ball.corner-cutter&v=2.74.0","https://caleb-guyer.github.io/recoil-foundry/?test=branches&combo=demolition.mass-driver.cluster-shell.skid-plate.rewire.daisy-chain.wrecking-ball.corner-cutter&room=boss&v=2.74.0","https://caleb-guyer.github.io/recoil-foundry/?test=branches&combo=demolition.mass-driver.cluster-shell.skid-plate.rewire.daisy-chain.wrecking-ball.corner-cutter&mirror=1&v=2.74.0"
"demolition.mass-driver.cluster-shell.skid-plate.rewire.daisy-chain.wrecking-ball.crosscut","Demolition","Mass Driver","Cluster Shell + Skid Plate + Rewire + Daisy Chain + Wrecking Ball + Crosscut","Flywheel","57","Shellshock > Mass Driver > Cluster Shell > Skid Plate > Fold > Rewire > Arc Coil > Daisy Chain > Ramjet > Wrecking Ball > Grindshot > Crosscut > Flywheel > Heavy hitter > Scattershot > Hair trigger > Bank shot > Punch through > Splinter > Airshot > Kickback > Bloodwork > Light frame > Burst fire > Backblast > Banker > Landing shot > Blast surfing > Aftershock > Chain reaction > Slingshot > Redline > Breach > Shatter > Shockfront > Backfire > Recall > Homecoming > Capacitor > Reserve cell > Countershot > Reprisal > Fuse > Linked fuse > Tether rounds > Snapback > Cinder rounds > Crosswind > Flashpoint > Slipstream > Tripwire > Tension > Vector rounds > Afterburner > Retrace > Wallrunner > Air Brake","shellshock > mass-driver > cluster-shell > skid-plate > fold > rewire > arc-coil > daisy-chain > ramjet > wrecking-ball > grindshot > crosscut > flywheel > magnum > scatter > rapid > ricochet > pierce > split > airshot > kick > leech > light > burst > backblast > banker > landing > blast-surf > aftershock > chain-reaction > slingshot > redline > breach > shatter > shockfront > backfire > recall > homecoming > capacitor > reserve-cell > countershot > reprisal > fuse > linked-fuse > tether > snapback > cinder > crosswind > flashpoint > slipstream > tripwire > tension > vector > afterburner > retrace > wallrunner > air-brake","https://caleb-guyer.github.io/recoil-foundry/?test=branches&combo=demolition.mass-driver.cluster-shell.skid-plate.rewire.daisy-chain.wrecking-ball.crosscut&v=2.74.0","https://caleb-guyer.github.io/recoil-foundry/?test=branches&combo=demolition.mass-driver.cluster-shell.skid-plate.rewire.daisy-chain.wrecking-ball.crosscut&room=boss&v=2.74.0","https://caleb-guyer.github.io/recoil-foundry/?test=branches&combo=demolition.mass-driver.cluster-shell.skid-plate.rewire.daisy-chain.wrecking-ball.crosscut&mirror=1&v=2.74.0"
"demolition.mass-driver.cluster-shell.skid-plate.rewire.daisy-chain.wrecking-ball.crosscut.storm-cell","Demolition","Mass Driver","Cluster Shell + Skid Plate + Rewire + Daisy Chain + Wrecking Ball + Crosscut","Storm Cell","57","Shellshock > Mass Driver > Cluster Shell > Skid Plate > Fold > Rewire > Arc Coil > Daisy Chain > Ramjet > Wrecking Ball > Grindshot > Crosscut > Storm Cell > Heavy hitter > Scattershot > Hair trigger > Bank shot > Punch through > Splinter > Airshot > Kickback > Bloodwork > Light frame > Burst fire > Backblast > Banker > Landing shot > Blast surfing > Aftershock > Chain reaction > Slingshot > Redline > Breach > Shatter > Shockfront > Backfire > Recall > Homecoming > Capacitor > Reserve cell > Countershot > Reprisal > Fuse > Linked fuse > Tether rounds > Snapback > Cinder rounds > Crosswind > Flashpoint > Slipstream > Tripwire > Tension > Vector rounds > Afterburner > Retrace > Wallrunner > Air Brake","shellshock > mass-driver > cluster-shell > skid-plate > fold > rewire > arc-coil > daisy-chain > ramjet > wrecking-ball > grindshot > crosscut > storm-cell > magnum > scatter > rapid > ricochet > pierce > split > airshot > kick > leech > light > burst > backblast > banker > landing > blast-surf > aftershock > chain-reaction > slingshot > redline > breach > shatter > shockfront > backfire > recall > homecoming > capacitor > reserve-cell > countershot > reprisal > fuse > linked-fuse > tether > snapback > cinder > crosswind > flashpoint > slipstream > tripwire > tension > vector > afterburner > retrace > wallrunner > air-brake","https://caleb-guyer.github.io/recoil-foundry/?test=branches&combo=demolition.mass-driver.cluster-shell.skid-plate.rewire.daisy-chain.wrecking-ball.crosscut.storm-cell&v=2.74.0","https://caleb-guyer.github.io/recoil-foundry/?test=branches&combo=demolition.mass-driver.cluster-shell.skid-plate.rewire.daisy-chain.wrecking-ball.crosscut.storm-cell&room=boss&v=2.74.0","https://caleb-guyer.github.io/recoil-foundry/?test=branches&combo=demolition.mass-driver.cluster-shell.skid-plate.rewire.daisy-chain.wrecking-ball.crosscut.storm-cell&mirror=1&v=2.74.0"
"demolition.mass-driver.cluster-shell.skid-plate.rewire.daisy-chain.triphammer.corner-cutter","Demolition","Mass Driver","Cluster Shell + Skid Plate + Rewire + Daisy Chain + Triphammer + Corner Cutter","Storm Cell","57","Shellshock > Mass Driver > Cluster Shell > Skid Plate > Fold > Rewire > Arc Coil > Daisy Chain > Ramjet > Triphammer > Grindshot > Corner Cutter > Storm Cell > Heavy hitter > Scattershot > Hair trigger > Bank shot > Punch through > Splinter > Airshot > Kickback > Bloodwork > Light frame > Burst fire > Backblast > Banker > Landing shot > Blast surfing > Aftershock > Chain reaction > Slingshot > Redline > Breach > Shatter > Shockfront > Backfire > Recall > Homecoming > Capacitor > Reserve cell > Countershot > Reprisal > Fuse > Linked fuse > Tether rounds > Snapback > Cinder rounds > Crosswind > Flashpoint > Slipstream > Tripwire > Tension > Vector rounds > Afterburner > Retrace > Wallrunner > Air Brake","shellshock > mass-driver > cluster-shell > skid-plate > fold > rewire > arc-coil > daisy-chain > ramjet > triphammer > grindshot > corner-cutter > storm-cell > magnum > scatter > rapid > ricochet > pierce > split > airshot > kick > leech > light > burst > backblast > banker > landing > blast-surf > aftershock > chain-reaction > slingshot > redline > breach > shatter > shockfront > backfire > recall > homecoming > capacitor > reserve-cell > countershot > reprisal > fuse > linked-fuse > tether > snapback > cinder > crosswind > flashpoint > slipstream > tripwire > tension > vector > afterburner > retrace > wallrunner > air-brake","https://caleb-guyer.github.io/recoil-foundry/?test=branches&combo=demolition.mass-driver.cluster-shell.skid-plate.rewire.daisy-chain.triphammer.corner-cutter&v=2.74.0","https://caleb-guyer.github.io/recoil-foundry/?test=branches&combo=demolition.mass-driver.cluster-shell.skid-plate.rewire.daisy-chain.triphammer.corner-cutter&room=boss&v=2.74.0","https://caleb-guyer.github.io/recoil-foundry/?test=branches&combo=demolition.mass-driver.cluster-shell.skid-plate.rewire.daisy-chain.triphammer.corner-cutter&mirror=1&v=2.74.0"
"demolition.mass-driver.cluster-shell.skid-plate.rewire.daisy-chain.triphammer.crosscut","Demolition","Mass Driver","Cluster Shell + Skid Plate + Rewire + Daisy Chain + Triphammer + Crosscut","Flywheel","57","Shellshock > Mass Driver > Cluster Shell > Skid Plate > Fold > Rewire > Arc Coil > Daisy Chain > Ramjet > Triphammer > Grindshot > Crosscut > Flywheel > Heavy hitter > Scattershot > Hair trigger > Bank shot > Punch through > Splinter > Airshot > Kickback > Bloodwork > Light frame > Burst fire > Backblast > Banker > Landing shot > Blast surfing > Aftershock > Chain reaction > Slingshot > Redline > Breach > Shatter > Shockfront > Backfire > Recall > Homecoming > Capacitor > Reserve cell > Countershot > Reprisal > Fuse > Linked fuse > Tether rounds > Snapback > Cinder rounds > Crosswind > Flashpoint > Slipstream > Tripwire > Tension > Vector rounds > Afterburner > Retrace > Wallrunner > Air Brake","shellshock > mass-driver > cluster-shell > skid-plate > fold > rewire > arc-coil > daisy-chain > ramjet > triphammer > grindshot > crosscut > flywheel > magnum > scatter > rapid > ricochet > pierce > split > airshot > kick > leech > light > burst > backblast > banker > landing > blast-surf > aftershock > chain-reaction > slingshot > redline > breach > shatter > shockfront > backfire > recall > homecoming > capacitor > reserve-cell > countershot > reprisal > fuse > linked-fuse > tether > snapback > cinder > crosswind > flashpoint > slipstream > tripwire > tension > vector > afterburner > retrace > wallrunner > air-brake","https://caleb-guyer.github.io/recoil-foundry/?test=branches&combo=demolition.mass-driver.cluster-shell.skid-plate.rewire.daisy-chain.triphammer.crosscut&v=2.74.0","https://caleb-guyer.github.io/recoil-foundry/?test=branches&combo=demolition.mass-driver.cluster-shell.skid-plate.rewire.daisy-chain.triphammer.crosscut&room=boss&v=2.74.0","https://caleb-guyer.github.io/recoil-foundry/?test=branches&combo=demolition.mass-driver.cluster-shell.skid-plate.rewire.daisy-chain.triphammer.crosscut&mirror=1&v=2.74.0"
"demolition.mass-driver.cluster-shell.skid-plate.rewire.daisy-chain.triphammer.crosscut.storm-cell","Demolition","Mass Driver","Cluster Shell + Skid Plate + Rewire + Daisy Chain + Triphammer + Crosscut","Storm Cell","57","Shellshock > Mass Driver > Cluster Shell > Skid Plate > Fold > Rewire > Arc Coil > Daisy Chain > Ramjet > Triphammer > Grindshot > Crosscut > Storm Cell > Heavy hitter > Scattershot > Hair trigger > Bank shot > Punch through > Splinter > Airshot > Kickback > Bloodwork > Light frame > Burst fire > Backblast > Banker > Landing shot > Blast surfing > Aftershock > Chain reaction > Slingshot > Redline > Breach > Shatter > Shockfront > Backfire > Recall > Homecoming > Capacitor > Reserve cell > Countershot > Reprisal > Fuse > Linked fuse > Tether rounds > Snapback > Cinder rounds > Crosswind > Flashpoint > Slipstream > Tripwire > Tension > Vector rounds > Afterburner > Retrace > Wallrunner > Air Brake","shellshock > mass-driver > cluster-shell > skid-plate > fold > rewire > arc-coil > daisy-chain > ramjet > triphammer > grindshot > crosscut > storm-cell > magnum > scatter > rapid > ricochet > pierce > split > airshot > kick > leech > light > burst > backblast > banker > landing > blast-surf > aftershock > chain-reaction > slingshot > redline > breach > shatter > shockfront > backfire > recall > homecoming > capacitor > reserve-cell > countershot > reprisal > fuse > linked-fuse > tether > snapback > cinder > crosswind > flashpoint > slipstream > tripwire > tension > vector > afterburner > retrace > wallrunner > air-brake","https://caleb-guyer.github.io/recoil-foundry/?test=branches&combo=demolition.mass-driver.cluster-shell.skid-plate.rewire.daisy-chain.triphammer.crosscut.storm-cell&v=2.74.0","https://caleb-guyer.github.io/recoil-foundry/?test=branches&combo=demolition.mass-driver.cluster-shell.skid-plate.rewire.daisy-chain.triphammer.crosscut.storm-cell&room=boss&v=2.74.0","https://caleb-guyer.github.io/recoil-foundry/?test=branches&combo=demolition.mass-driver.cluster-shell.skid-plate.rewire.daisy-chain.triphammer.crosscut.storm-cell&mirror=1&v=2.74.0"
"demolition.mass-driver.cluster-shell.skid-plate.rewire.short-circuit.wrecking-ball.corner-cutter","Demolition","Mass Driver","Cluster Shell + Skid Plate + Rewire + Short Circuit + Wrecking Ball + Corner Cutter","Storm Cell","57","Shellshock > Mass Driver > Cluster Shell > Skid Plate > Fold > Rewire > Arc Coil > Short Circuit > Ramjet > Wrecking Ball > Grindshot > Corner Cutter > Storm Cell > Heavy hitter > Scattershot > Hair trigger > Bank shot > Punch through > Splinter > Airshot > Kickback > Bloodwork > Light frame > Burst fire > Backblast > Banker > Landing shot > Blast surfing > Aftershock > Chain reaction > Slingshot > Redline > Breach > Shatter > Shockfront > Backfire > Recall > Homecoming > Capacitor > Reserve cell > Countershot > Reprisal > Fuse > Linked fuse > Tether rounds > Snapback > Cinder rounds > Crosswind > Flashpoint > Slipstream > Tripwire > Tension > Vector rounds > Afterburner > Retrace > Wallrunner > Air Brake","shellshock > mass-driver > cluster-shell > skid-plate > fold > rewire > arc-coil > short-circuit > ramjet > wrecking-ball > grindshot > corner-cutter > storm-cell > magnum > scatter > rapid > ricochet > pierce > split > airshot > kick > leech > light > burst > backblast > banker > landing > blast-surf > aftershock > chain-reaction > slingshot > redline > breach > shatter > shockfront > backfire > recall > homecoming > capacitor > reserve-cell > countershot > reprisal > fuse > linked-fuse > tether > snapback > cinder > crosswind > flashpoint > slipstream > tripwire > tension > vector > afterburner > retrace > wallrunner > air-brake","https://caleb-guyer.github.io/recoil-foundry/?test=branches&combo=demolition.mass-driver.cluster-shell.skid-plate.rewire.short-circuit.wrecking-ball.corner-cutter&v=2.74.0","https://caleb-guyer.github.io/recoil-foundry/?test=branches&combo=demolition.mass-driver.cluster-shell.skid-plate.rewire.short-circuit.wrecking-ball.corner-cutter&room=boss&v=2.74.0","https://caleb-guyer.github.io/recoil-foundry/?test=branches&combo=demolition.mass-driver.cluster-shell.skid-plate.rewire.short-circuit.wrecking-ball.corner-cutter&mirror=1&v=2.74.0"
"demolition.mass-driver.cluster-shell.skid-plate.rewire.short-circuit.wrecking-ball.crosscut","Demolition","Mass Driver","Cluster Shell + Skid Plate + Rewire + Short Circuit + Wrecking Ball + Crosscut","Flywheel","57","Shellshock > Mass Driver > Cluster Shell > Skid Plate > Fold > Rewire > Arc Coil > Short Circuit > Ramjet > Wrecking Ball > Grindshot > Crosscut > Flywheel > Heavy hitter > Scattershot > Hair trigger > Bank shot > Punch through > Splinter > Airshot > Kickback > Bloodwork > Light frame > Burst fire > Backblast > Banker > Landing shot > Blast surfing > Aftershock > Chain reaction > Slingshot > Redline > Breach > Shatter > Shockfront > Backfire > Recall > Homecoming > Capacitor > Reserve cell > Countershot > Reprisal > Fuse > Linked fuse > Tether rounds > Snapback > Cinder rounds > Crosswind > Flashpoint > Slipstream > Tripwire > Tension > Vector rounds > Afterburner > Retrace > Wallrunner > Air Brake","shellshock > mass-driver > cluster-shell > skid-plate > fold > rewire > arc-coil > short-circuit > ramjet > wrecking-ball > grindshot > crosscut > flywheel > magnum > scatter > rapid > ricochet > pierce > split > airshot > kick > leech > light > burst > backblast > banker > landing > blast-surf > aftershock > chain-reaction > slingshot > redline > breach > shatter > shockfront > backfire > recall > homecoming > capacitor > reserve-cell > countershot > reprisal > fuse > linked-fuse > tether > snapback > cinder > crosswind > flashpoint > slipstream > tripwire > tension > vector > afterburner > retrace > wallrunner > air-brake","https://caleb-guyer.github.io/recoil-foundry/?test=branches&combo=demolition.mass-driver.cluster-shell.skid-plate.rewire.short-circuit.wrecking-ball.crosscut&v=2.74.0","https://caleb-guyer.github.io/recoil-foundry/?test=branches&combo=demolition.mass-driver.cluster-shell.skid-plate.rewire.short-circuit.wrecking-ball.crosscut&room=boss&v=2.74.0","https://caleb-guyer.github.io/recoil-foundry/?test=branches&combo=demolition.mass-driver.cluster-shell.skid-plate.rewire.short-circuit.wrecking-ball.crosscut&mirror=1&v=2.74.0"
"demolition.mass-driver.cluster-shell.skid-plate.rewire.short-circuit.wrecking-ball.crosscut.storm-cell","Demolition","Mass Driver","Cluster Shell + Skid Plate + Rewire + Short Circuit + Wrecking Ball + Crosscut","Storm Cell","57","Shellshock > Mass Driver > Cluster Shell > Skid Plate > Fold > Rewire > Arc Coil > Short Circuit > Ramjet > Wrecking Ball > Grindshot > Crosscut > Storm Cell > Heavy hitter > Scattershot > Hair trigger > Bank shot > Punch through > Splinter > Airshot > Kickback > Bloodwork > Light frame > Burst fire > Backblast > Banker > Landing shot > Blast surfing > Aftershock > Chain reaction > Slingshot > Redline > Breach > Shatter > Shockfront > Backfire > Recall > Homecoming > Capacitor > Reserve cell > Countershot > Reprisal > Fuse > Linked fuse > Tether rounds > Snapback > Cinder rounds > Crosswind > Flashpoint > Slipstream > Tripwire > Tension > Vector rounds > Afterburner > Retrace > Wallrunner > Air Brake","shellshock > mass-driver > cluster-shell > skid-plate > fold > rewire > arc-coil > short-circuit > ramjet > wrecking-ball > grindshot > crosscut > storm-cell > magnum > scatter > rapid > ricochet > pierce > split > airshot > kick > leech > light > burst > backblast > banker > landing > blast-surf > aftershock > chain-reaction > slingshot > redline > breach > shatter > shockfront > backfire > recall > homecoming > capacitor > reserve-cell > countershot > reprisal > fuse > linked-fuse > tether > snapback > cinder > crosswind > flashpoint > slipstream > tripwire > tension > vector > afterburner > retrace > wallrunner > air-brake","https://caleb-guyer.github.io/recoil-foundry/?test=branches&combo=demolition.mass-driver.cluster-shell.skid-plate.rewire.short-circuit.wrecking-ball.crosscut.storm-cell&v=2.74.0","https://caleb-guyer.github.io/recoil-foundry/?test=branches&combo=demolition.mass-driver.cluster-shell.skid-plate.rewire.short-circuit.wrecking-ball.crosscut.storm-cell&room=boss&v=2.74.0","https://caleb-guyer.github.io/recoil-foundry/?test=branches&combo=demolition.mass-driver.cluster-shell.skid-plate.rewire.short-circuit.wrecking-ball.crosscut.storm-cell&mirror=1&v=2.74.0"
"demolition.mass-driver.cluster-shell.skid-plate.rewire.short-circuit.triphammer.corner-cutter","Demolition","Mass Driver","Cluster Shell + Skid Plate + Rewire + Short Circuit + Triphammer + Corner Cutter","Storm Cell","57","Shellshock > Mass Driver > Cluster Shell > Skid Plate > Fold > Rewire > Arc Coil > Short Circuit > Ramjet > Triphammer > Grindshot > Corner Cutter > Storm Cell > Heavy hitter > Scattershot > Hair trigger > Bank shot > Punch through > Splinter > Airshot > Kickback > Bloodwork > Light frame > Burst fire > Backblast > Banker > Landing shot > Blast surfing > Aftershock > Chain reaction > Slingshot > Redline > Breach > Shatter > Shockfront > Backfire > Recall > Homecoming > Capacitor > Reserve cell > Countershot > Reprisal > Fuse > Linked fuse > Tether rounds > Snapback > Cinder rounds > Crosswind > Flashpoint > Slipstream > Tripwire > Tension > Vector rounds > Afterburner > Retrace > Wallrunner > Air Brake","shellshock > mass-driver > cluster-shell > skid-plate > fold > rewire > arc-coil > short-circuit > ramjet > triphammer > grindshot > corner-cutter > storm-cell > magnum > scatter > rapid > ricochet > pierce > split > airshot > kick > leech > light > burst > backblast > banker > landing > blast-surf > aftershock > chain-reaction > slingshot > redline > breach > shatter > shockfront > backfire > recall > homecoming > capacitor > reserve-cell > countershot > reprisal > fuse > linked-fuse > tether > snapback > cinder > crosswind > flashpoint > slipstream > tripwire > tension > vector > afterburner > retrace > wallrunner > air-brake","https://caleb-guyer.github.io/recoil-foundry/?test=branches&combo=demolition.mass-driver.cluster-shell.skid-plate.rewire.short-circuit.triphammer.corner-cutter&v=2.74.0","https://caleb-guyer.github.io/recoil-foundry/?test=branches&combo=demolition.mass-driver.cluster-shell.skid-plate.rewire.short-circuit.triphammer.corner-cutter&room=boss&v=2.74.0","https://caleb-guyer.github.io/recoil-foundry/?test=branches&combo=demolition.mass-driver.cluster-shell.skid-plate.rewire.short-circuit.triphammer.corner-cutter&mirror=1&v=2.74.0"
"demolition.mass-driver.cluster-shell.skid-plate.rewire.short-circuit.triphammer.crosscut","Demolition","Mass Driver","Cluster Shell + Skid Plate + Rewire + Short Circuit + Triphammer + Crosscut","Flywheel","57","Shellshock > Mass Driver > Cluster Shell > Skid Plate > Fold > Rewire > Arc Coil > Short Circuit > Ramjet > Triphammer > Grindshot > Crosscut > Flywheel > Heavy hitter > Scattershot > Hair trigger > Bank shot > Punch through > Splinter > Airshot > Kickback > Bloodwork > Light frame > Burst fire > Backblast > Banker > Landing shot > Blast surfing > Aftershock > Chain reaction > Slingshot > Redline > Breach > Shatter > Shockfront > Backfire > Recall > Homecoming > Capacitor > Reserve cell > Countershot > Reprisal > Fuse > Linked fuse > Tether rounds > Snapback > Cinder rounds > Crosswind > Flashpoint > Slipstream > Tripwire > Tension > Vector rounds > Afterburner > Retrace > Wallrunner > Air Brake","shellshock > mass-driver > cluster-shell > skid-plate > fold > rewire > arc-coil > short-circuit > ramjet > triphammer > grindshot > crosscut > flywheel > magnum > scatter > rapid > ricochet > pierce > split > airshot > kick > leech > light > burst > backblast > banker > landing > blast-surf > aftershock > chain-reaction > slingshot > redline > breach > shatter > shockfront > backfire > recall > homecoming > capacitor > reserve-cell > countershot > reprisal > fuse > linked-fuse > tether > snapback > cinder > crosswind > flashpoint > slipstream > tripwire > tension > vector > afterburner > retrace > wallrunner > air-brake","https://caleb-guyer.github.io/recoil-foundry/?test=branches&combo=demolition.mass-driver.cluster-shell.skid-plate.rewire.short-circuit.triphammer.crosscut&v=2.74.0","https://caleb-guyer.github.io/recoil-foundry/?test=branches&combo=demolition.mass-driver.cluster-shell.skid-plate.rewire.short-circuit.triphammer.crosscut&room=boss&v=2.74.0","https://caleb-guyer.github.io/recoil-foundry/?test=branches&combo=demolition.mass-driver.cluster-shell.skid-plate.rewire.short-circuit.triphammer.crosscut&mirror=1&v=2.74.0"
"demolition.mass-driver.cluster-shell.skid-plate.rewire.short-circuit.triphammer.crosscut.storm-cell","Demolition","Mass Driver","Cluster Shell + Skid Plate + Rewire + Short Circuit + Triphammer + Crosscut","Storm Cell","57","Shellshock > Mass Driver > Cluster Shell > Skid Plate > Fold > Rewire > Arc Coil > Short Circuit > Ramjet > Triphammer > Grindshot > Crosscut > Storm Cell > Heavy hitter > Scattershot > Hair trigger > Bank shot > Punch through > Splinter > Airshot > Kickback > Bloodwork > Light frame > Burst fire > Backblast > Banker > Landing shot > Blast surfing > Aftershock > Chain reaction > Slingshot > Redline > Breach > Shatter > Shockfront > Backfire > Recall > Homecoming > Capacitor > Reserve cell > Countershot > Reprisal > Fuse > Linked fuse > Tether rounds > Snapback > Cinder rounds > Crosswind > Flashpoint > Slipstream > Tripwire > Tension > Vector rounds > Afterburner > Retrace > Wallrunner > Air Brake","shellshock > mass-driver > cluster-shell > skid-plate > fold > rewire > arc-coil > short-circuit > ramjet > triphammer > grindshot > crosscut > storm-cell > magnum > scatter > rapid > ricochet > pierce > split > airshot > kick > leech > light > burst > backblast > banker > landing > blast-surf > aftershock > chain-reaction > slingshot > redline > breach > shatter > shockfront > backfire > recall > homecoming > capacitor > reserve-cell > countershot > reprisal > fuse > linked-fuse > tether > snapback > cinder > crosswind > flashpoint > slipstream > tripwire > tension > vector > afterburner > retrace > wallrunner > air-brake","https://caleb-guyer.github.io/recoil-foundry/?test=branches&combo=demolition.mass-driver.cluster-shell.skid-plate.rewire.short-circuit.triphammer.crosscut.storm-cell&v=2.74.0","https://caleb-guyer.github.io/recoil-foundry/?test=branches&combo=demolition.mass-driver.cluster-shell.skid-plate.rewire.short-circuit.triphammer.crosscut.storm-cell&room=boss&v=2.74.0","https://caleb-guyer.github.io/recoil-foundry/?test=branches&combo=demolition.mass-driver.cluster-shell.skid-plate.rewire.short-circuit.triphammer.crosscut.storm-cell&mirror=1&v=2.74.0"
"demolition.mass-driver.cluster-shell.skid-plate.relay-gate.daisy-chain.wrecking-ball.corner-cutter","Demolition","Mass Driver","Cluster Shell + Skid Plate + Relay Gate + Daisy Chain + Wrecking Ball + Corner Cutter","Storm Cell","57","Shellshock > Mass Driver > Cluster Shell > Skid Plate > Fold > Relay Gate > Arc Coil > Daisy Chain > Ramjet > Wrecking Ball > Grindshot > Corner Cutter > Storm Cell > Heavy hitter > Scattershot > Hair trigger > Bank shot > Punch through > Splinter > Airshot > Kickback > Bloodwork > Light frame > Burst fire > Backblast > Banker > Landing shot > Blast surfing > Aftershock > Chain reaction > Slingshot > Redline > Breach > Shatter > Shockfront > Backfire > Recall > Homecoming > Capacitor > Reserve cell > Countershot > Reprisal > Fuse > Linked fuse > Tether rounds > Snapback > Cinder rounds > Crosswind > Flashpoint > Slipstream > Tripwire > Tension > Vector rounds > Afterburner > Retrace > Wallrunner > Air Brake","shellshock > mass-driver > cluster-shell > skid-plate > fold > relay-gate > arc-coil > daisy-chain > ramjet > wrecking-ball > grindshot > corner-cutter > storm-cell > magnum > scatter > rapid > ricochet > pierce > split > airshot > kick > leech > light > burst > backblast > banker > landing > blast-surf > aftershock > chain-reaction > slingshot > redline > breach > shatter > shockfront > backfire > recall > homecoming > capacitor > reserve-cell > countershot > reprisal > fuse > linked-fuse > tether > snapback > cinder > crosswind > flashpoint > slipstream > tripwire > tension > vector > afterburner > retrace > wallrunner > air-brake","https://caleb-guyer.github.io/recoil-foundry/?test=branches&combo=demolition.mass-driver.cluster-shell.skid-plate.relay-gate.daisy-chain.wrecking-ball.corner-cutter&v=2.74.0","https://caleb-guyer.github.io/recoil-foundry/?test=branches&combo=demolition.mass-driver.cluster-shell.skid-plate.relay-gate.daisy-chain.wrecking-ball.corner-cutter&room=boss&v=2.74.0","https://caleb-guyer.github.io/recoil-foundry/?test=branches&combo=demolition.mass-driver.cluster-shell.skid-plate.relay-gate.daisy-chain.wrecking-ball.corner-cutter&mirror=1&v=2.74.0"
"demolition.mass-driver.cluster-shell.skid-plate.relay-gate.daisy-chain.wrecking-ball.crosscut","Demolition","Mass Driver","Cluster Shell + Skid Plate + Relay Gate + Daisy Chain + Wrecking Ball + Crosscut","Flywheel","57","Shellshock > Mass Driver > Cluster Shell > Skid Plate > Fold > Relay Gate > Arc Coil > Daisy Chain > Ramjet > Wrecking Ball > Grindshot > Crosscut > Flywheel > Heavy hitter > Scattershot > Hair trigger > Bank shot > Punch through > Splinter > Airshot > Kickback > Bloodwork > Light frame > Burst fire > Backblast > Banker > Landing shot > Blast surfing > Aftershock > Chain reaction > Slingshot > Redline > Breach > Shatter > Shockfront > Backfire > Recall > Homecoming > Capacitor > Reserve cell > Countershot > Reprisal > Fuse > Linked fuse > Tether rounds > Snapback > Cinder rounds > Crosswind > Flashpoint > Slipstream > Tripwire > Tension > Vector rounds > Afterburner > Retrace > Wallrunner > Air Brake","shellshock > mass-driver > cluster-shell > skid-plate > fold > relay-gate > arc-coil > daisy-chain > ramjet > wrecking-ball > grindshot > crosscut > flywheel > magnum > scatter > rapid > ricochet > pierce > split > airshot > kick > leech > light > burst > backblast > banker > landing > blast-surf > aftershock > chain-reaction > slingshot > redline > breach > shatter > shockfront > backfire > recall > homecoming > capacitor > reserve-cell > countershot > reprisal > fuse > linked-fuse > tether > snapback > cinder > crosswind > flashpoint > slipstream > tripwire > tension > vector > afterburner > retrace > wallrunner > air-brake","https://caleb-guyer.github.io/recoil-foundry/?test=branches&combo=demolition.mass-driver.cluster-shell.skid-plate.relay-gate.daisy-chain.wrecking-ball.crosscut&v=2.74.0","https://caleb-guyer.github.io/recoil-foundry/?test=branches&combo=demolition.mass-driver.cluster-shell.skid-plate.relay-gate.daisy-chain.wrecking-ball.crosscut&room=boss&v=2.74.0","https://caleb-guyer.github.io/recoil-foundry/?test=branches&combo=demolition.mass-driver.cluster-shell.skid-plate.relay-gate.daisy-chain.wrecking-ball.crosscut&mirror=1&v=2.74.0"
"demolition.mass-driver.cluster-shell.skid-plate.relay-gate.daisy-chain.wrecking-ball.crosscut.storm-cell","Demolition","Mass Driver","Cluster Shell + Skid Plate + Relay Gate + Daisy Chain + Wrecking Ball + Crosscut","Storm Cell","57","Shellshock > Mass Driver > Cluster Shell > Skid Plate > Fold > Relay Gate > Arc Coil > Daisy Chain > Ramjet > Wrecking Ball > Grindshot > Crosscut > Storm Cell > Heavy hitter > Scattershot > Hair trigger > Bank shot > Punch through > Splinter > Airshot > Kickback > Bloodwork > Light frame > Burst fire > Backblast > Banker > Landing shot > Blast surfing > Aftershock > Chain reaction > Slingshot > Redline > Breach > Shatter > Shockfront > Backfire > Recall > Homecoming > Capacitor > Reserve cell > Countershot > Reprisal > Fuse > Linked fuse > Tether rounds > Snapback > Cinder rounds > Crosswind > Flashpoint > Slipstream > Tripwire > Tension > Vector rounds > Afterburner > Retrace > Wallrunner > Air Brake","shellshock > mass-driver > cluster-shell > skid-plate > fold > relay-gate > arc-coil > daisy-chain > ramjet > wrecking-ball > grindshot > crosscut > storm-cell > magnum > scatter > rapid > ricochet > pierce > split > airshot > kick > leech > light > burst > backblast > banker > landing > blast-surf > aftershock > chain-reaction > slingshot > redline > breach > shatter > shockfront > backfire > recall > homecoming > capacitor > reserve-cell > countershot > reprisal > fuse > linked-fuse > tether > snapback > cinder > crosswind > flashpoint > slipstream > tripwire > tension > vector > afterburner > retrace > wallrunner > air-brake","https://caleb-guyer.github.io/recoil-foundry/?test=branches&combo=demolition.mass-driver.cluster-shell.skid-plate.relay-gate.daisy-chain.wrecking-ball.crosscut.storm-cell&v=2.74.0","https://caleb-guyer.github.io/recoil-foundry/?test=branches&combo=demolition.mass-driver.cluster-shell.skid-plate.relay-gate.daisy-chain.wrecking-ball.crosscut.storm-cell&room=boss&v=2.74.0","https://caleb-guyer.github.io/recoil-foundry/?test=branches&combo=demolition.mass-driver.cluster-shell.skid-plate.relay-gate.daisy-chain.wrecking-ball.crosscut.storm-cell&mirror=1&v=2.74.0"
"demolition.mass-driver.cluster-shell.skid-plate.relay-gate.daisy-chain.triphammer.corner-cutter","Demolition","Mass Driver","Cluster Shell + Skid Plate + Relay Gate + Daisy Chain + Triphammer + Corner Cutter","Storm Cell","57","Shellshock > Mass Driver > Cluster Shell > Skid Plate > Fold > Relay Gate > Arc Coil > Daisy Chain > Ramjet > Triphammer > Grindshot > Corner Cutter > Storm Cell > Heavy hitter > Scattershot > Hair trigger > Bank shot > Punch through > Splinter > Airshot > Kickback > Bloodwork > Light frame > Burst fire > Backblast > Banker > Landing shot > Blast surfing > Aftershock > Chain reaction > Slingshot > Redline > Breach > Shatter > Shockfront > Backfire > Recall > Homecoming > Capacitor > Reserve cell > Countershot > Reprisal > Fuse > Linked fuse > Tether rounds > Snapback > Cinder rounds > Crosswind > Flashpoint > Slipstream > Tripwire > Tension > Vector rounds > Afterburner > Retrace > Wallrunner > Air Brake","shellshock > mass-driver > cluster-shell > skid-plate > fold > relay-gate > arc-coil > daisy-chain > ramjet > triphammer > grindshot > corner-cutter > storm-cell > magnum > scatter > rapid > ricochet > pierce > split > airshot > kick > leech > light > burst > backblast > banker > landing > blast-surf > aftershock > chain-reaction > slingshot > redline > breach > shatter > shockfront > backfire > recall > homecoming > capacitor > reserve-cell > countershot > reprisal > fuse > linked-fuse > tether > snapback > cinder > crosswind > flashpoint > slipstream > tripwire > tension > vector > afterburner > retrace > wallrunner > air-brake","https://caleb-guyer.github.io/recoil-foundry/?test=branches&combo=demolition.mass-driver.cluster-shell.skid-plate.relay-gate.daisy-chain.triphammer.corner-cutter&v=2.74.0","https://caleb-guyer.github.io/recoil-foundry/?test=branches&combo=demolition.mass-driver.cluster-shell.skid-plate.relay-gate.daisy-chain.triphammer.corner-cutter&room=boss&v=2.74.0","https://caleb-guyer.github.io/recoil-foundry/?test=branches&combo=demolition.mass-driver.cluster-shell.skid-plate.relay-gate.daisy-chain.triphammer.corner-cutter&mirror=1&v=2.74.0"
"demolition.mass-driver.cluster-shell.skid-plate.relay-gate.daisy-chain.triphammer.crosscut","Demolition","Mass Driver","Cluster Shell + Skid Plate + Relay Gate + Daisy Chain + Triphammer + Crosscut","Flywheel","57","Shellshock > Mass Driver > Cluster Shell > Skid Plate > Fold > Relay Gate > Arc Coil > Daisy Chain > Ramjet > Triphammer > Grindshot > Crosscut > Flywheel > Heavy hitter > Scattershot > Hair trigger > Bank shot > Punch through > Splinter > Airshot > Kickback > Bloodwork > Light frame > Burst fire > Backblast > Banker > Landing shot > Blast surfing > Aftershock > Chain reaction > Slingshot > Redline > Breach > Shatter > Shockfront > Backfire > Recall > Homecoming > Capacitor > Reserve cell > Countershot > Reprisal > Fuse > Linked fuse > Tether rounds > Snapback > Cinder rounds > Crosswind > Flashpoint > Slipstream > Tripwire > Tension > Vector rounds > Afterburner > Retrace > Wallrunner > Air Brake","shellshock > mass-driver > cluster-shell > skid-plate > fold > relay-gate > arc-coil > daisy-chain > ramjet > triphammer > grindshot > crosscut > flywheel > magnum > scatter > rapid > ricochet > pierce > split > airshot > kick > leech > light > burst > backblast > banker > landing > blast-surf > aftershock > chain-reaction > slingshot > redline > breach > shatter > shockfront > backfire > recall > homecoming > capacitor > reserve-cell > countershot > reprisal > fuse > linked-fuse > tether > snapback > cinder > crosswind > flashpoint > slipstream > tripwire > tension > vector > afterburner > retrace > wallrunner > air-brake","https://caleb-guyer.github.io/recoil-foundry/?test=branches&combo=demolition.mass-driver.cluster-shell.skid-plate.relay-gate.daisy-chain.triphammer.crosscut&v=2.74.0","https://caleb-guyer.github.io/recoil-foundry/?test=branches&combo=demolition.mass-driver.cluster-shell.skid-plate.relay-gate.daisy-chain.triphammer.crosscut&room=boss&v=2.74.0","https://caleb-guyer.github.io/recoil-foundry/?test=branches&combo=demolition.mass-driver.cluster-shell.skid-plate.relay-gate.daisy-chain.triphammer.crosscut&mirror=1&v=2.74.0"
"demolition.mass-driver.cluster-shell.skid-plate.relay-gate.daisy-chain.triphammer.crosscut.storm-cell","Demolition","Mass Driver","Cluster Shell + Skid Plate + Relay Gate + Daisy Chain + Triphammer + Crosscut","Storm Cell","57","Shellshock > Mass Driver > Cluster Shell > Skid Plate > Fold > Relay Gate > Arc Coil > Daisy Chain > Ramjet > Triphammer > Grindshot > Crosscut > Storm Cell > Heavy hitter > Scattershot > Hair trigger > Bank shot > Punch through > Splinter > Airshot > Kickback > Bloodwork > Light frame > Burst fire > Backblast > Banker > Landing shot > Blast surfing > Aftershock > Chain reaction > Slingshot > Redline > Breach > Shatter > Shockfront > Backfire > Recall > Homecoming > Capacitor > Reserve cell > Countershot > Reprisal > Fuse > Linked fuse > Tether rounds > Snapback > Cinder rounds > Crosswind > Flashpoint > Slipstream > Tripwire > Tension > Vector rounds > Afterburner > Retrace > Wallrunner > Air Brake","shellshock > mass-driver > cluster-shell > skid-plate > fold > relay-gate > arc-coil > daisy-chain > ramjet > triphammer > grindshot > crosscut > storm-cell > magnum > scatter > rapid > ricochet > pierce > split > airshot > kick > leech > light > burst > backblast > banker > landing > blast-surf > aftershock > chain-reaction > slingshot > redline > breach > shatter > shockfront > backfire > recall > homecoming > capacitor > reserve-cell > countershot > reprisal > fuse > linked-fuse > tether > snapback > cinder > crosswind > flashpoint > slipstream > tripwire > tension > vector > afterburner > retrace > wallrunner > air-brake","https://caleb-guyer.github.io/recoil-foundry/?test=branches&combo=demolition.mass-driver.cluster-shell.skid-plate.relay-gate.daisy-chain.triphammer.crosscut.storm-cell&v=2.74.0","https://caleb-guyer.github.io/recoil-foundry/?test=branches&combo=demolition.mass-driver.cluster-shell.skid-plate.relay-gate.daisy-chain.triphammer.crosscut.storm-cell&room=boss&v=2.74.0","https://caleb-guyer.github.io/recoil-foundry/?test=branches&combo=demolition.mass-driver.cluster-shell.skid-plate.relay-gate.daisy-chain.triphammer.crosscut.storm-cell&mirror=1&v=2.74.0"
"demolition.mass-driver.cluster-shell.skid-plate.relay-gate.short-circuit.wrecking-ball.corner-cutter","Demolition","Mass Driver","Cluster Shell + Skid Plate + Relay Gate + Short Circuit + Wrecking Ball + Corner Cutter","Storm Cell","57","Shellshock > Mass Driver > Cluster Shell > Skid Plate > Fold > Relay Gate > Arc Coil > Short Circuit > Ramjet > Wrecking Ball > Grindshot > Corner Cutter > Storm Cell > Heavy hitter > Scattershot > Hair trigger > Bank shot > Punch through > Splinter > Airshot > Kickback > Bloodwork > Light frame > Burst fire > Backblast > Banker > Landing shot > Blast surfing > Aftershock > Chain reaction > Slingshot > Redline > Breach > Shatter > Shockfront > Backfire > Recall > Homecoming > Capacitor > Reserve cell > Countershot > Reprisal > Fuse > Linked fuse > Tether rounds > Snapback > Cinder rounds > Crosswind > Flashpoint > Slipstream > Tripwire > Tension > Vector rounds > Afterburner > Retrace > Wallrunner > Air Brake","shellshock > mass-driver > cluster-shell > skid-plate > fold > relay-gate > arc-coil > short-circuit > ramjet > wrecking-ball > grindshot > corner-cutter > storm-cell > magnum > scatter > rapid > ricochet > pierce > split > airshot > kick > leech > light > burst > backblast > banker > landing > blast-surf > aftershock > chain-reaction > slingshot > redline > breach > shatter > shockfront > backfire > recall > homecoming > capacitor > reserve-cell > countershot > reprisal > fuse > linked-fuse > tether > snapback > cinder > crosswind > flashpoint > slipstream > tripwire > tension > vector > afterburner > retrace > wallrunner > air-brake","https://caleb-guyer.github.io/recoil-foundry/?test=branches&combo=demolition.mass-driver.cluster-shell.skid-plate.relay-gate.short-circuit.wrecking-ball.corner-cutter&v=2.74.0","https://caleb-guyer.github.io/recoil-foundry/?test=branches&combo=demolition.mass-driver.cluster-shell.skid-plate.relay-gate.short-circuit.wrecking-ball.corner-cutter&room=boss&v=2.74.0","https://caleb-guyer.github.io/recoil-foundry/?test=branches&combo=demolition.mass-driver.cluster-shell.skid-plate.relay-gate.short-circuit.wrecking-ball.corner-cutter&mirror=1&v=2.74.0"
"demolition.mass-driver.cluster-shell.skid-plate.relay-gate.short-circuit.wrecking-ball.crosscut","Demolition","Mass Driver","Cluster Shell + Skid Plate + Relay Gate + Short Circuit + Wrecking Ball + Crosscut","Flywheel","57","Shellshock > Mass Driver > Cluster Shell > Skid Plate > Fold > Relay Gate > Arc Coil > Short Circuit > Ramjet > Wrecking Ball > Grindshot > Crosscut > Flywheel > Heavy hitter > Scattershot > Hair trigger > Bank shot > Punch through > Splinter > Airshot > Kickback > Bloodwork > Light frame > Burst fire > Backblast > Banker > Landing shot > Blast surfing > Aftershock > Chain reaction > Slingshot > Redline > Breach > Shatter > Shockfront > Backfire > Recall > Homecoming > Capacitor > Reserve cell > Countershot > Reprisal > Fuse > Linked fuse > Tether rounds > Snapback > Cinder rounds > Crosswind > Flashpoint > Slipstream > Tripwire > Tension > Vector rounds > Afterburner > Retrace > Wallrunner > Air Brake","shellshock > mass-driver > cluster-shell > skid-plate > fold > relay-gate > arc-coil > short-circuit > ramjet > wrecking-ball > grindshot > crosscut > flywheel > magnum > scatter > rapid > ricochet > pierce > split > airshot > kick > leech > light > burst > backblast > banker > landing > blast-surf > aftershock > chain-reaction > slingshot > redline > breach > shatter > shockfront > backfire > recall > homecoming > capacitor > reserve-cell > countershot > reprisal > fuse > linked-fuse > tether > snapback > cinder > crosswind > flashpoint > slipstream > tripwire > tension > vector > afterburner > retrace > wallrunner > air-brake","https://caleb-guyer.github.io/recoil-foundry/?test=branches&combo=demolition.mass-driver.cluster-shell.skid-plate.relay-gate.short-circuit.wrecking-ball.crosscut&v=2.74.0","https://caleb-guyer.github.io/recoil-foundry/?test=branches&combo=demolition.mass-driver.cluster-shell.skid-plate.relay-gate.short-circuit.wrecking-ball.crosscut&room=boss&v=2.74.0","https://caleb-guyer.github.io/recoil-foundry/?test=branches&combo=demolition.mass-driver.cluster-shell.skid-plate.relay-gate.short-circuit.wrecking-ball.crosscut&mirror=1&v=2.74.0"
"demolition.mass-driver.cluster-shell.skid-plate.relay-gate.short-circuit.wrecking-ball.crosscut.storm-cell","Demolition","Mass Driver","Cluster Shell + Skid Plate + Relay Gate + Short Circuit + Wrecking Ball + Crosscut","Storm Cell","57","Shellshock > Mass Driver > Cluster Shell > Skid Plate > Fold > Relay Gate > Arc Coil > Short Circuit > Ramjet > Wrecking Ball > Grindshot > Crosscut > Storm Cell > Heavy hitter > Scattershot > Hair trigger > Bank shot > Punch through > Splinter > Airshot > Kickback > Bloodwork > Light frame > Burst fire > Backblast > Banker > Landing shot > Blast surfing > Aftershock > Chain reaction > Slingshot > Redline > Breach > Shatter > Shockfront > Backfire > Recall > Homecoming > Capacitor > Reserve cell > Countershot > Reprisal > Fuse > Linked fuse > Tether rounds > Snapback > Cinder rounds > Crosswind > Flashpoint > Slipstream > Tripwire > Tension > Vector rounds > Afterburner > Retrace > Wallrunner > Air Brake","shellshock > mass-driver > cluster-shell > skid-plate > fold > relay-gate > arc-coil > short-circuit > ramjet > wrecking-ball > grindshot > crosscut > storm-cell > magnum > scatter > rapid > ricochet > pierce > split > airshot > kick > leech > light > burst > backblast > banker > landing > blast-surf > aftershock > chain-reaction > slingshot > redline > breach > shatter > shockfront > backfire > recall > homecoming > capacitor > reserve-cell > countershot > reprisal > fuse > linked-fuse > tether > snapback > cinder > crosswind > flashpoint > slipstream > tripwire > tension > vector > afterburner > retrace > wallrunner > air-brake","https://caleb-guyer.github.io/recoil-foundry/?test=branches&combo=demolition.mass-driver.cluster-shell.skid-plate.relay-gate.short-circuit.wrecking-ball.crosscut.storm-cell&v=2.74.0","https://caleb-guyer.github.io/recoil-foundry/?test=branches&combo=demolition.mass-driver.cluster-shell.skid-plate.relay-gate.short-circuit.wrecking-ball.crosscut.storm-cell&room=boss&v=2.74.0","https://caleb-guyer.github.io/recoil-foundry/?test=branches&combo=demolition.mass-driver.cluster-shell.skid-plate.relay-gate.short-circuit.wrecking-ball.crosscut.storm-cell&mirror=1&v=2.74.0"
"demolition.mass-driver.cluster-shell.skid-plate.relay-gate.short-circuit.triphammer.corner-cutter","Demolition","Mass Driver","Cluster Shell + Skid Plate + Relay Gate + Short Circuit + Triphammer + Corner Cutter","Storm Cell","57","Shellshock > Mass Driver > Cluster Shell > Skid Plate > Fold > Relay Gate > Arc Coil > Short Circuit > Ramjet > Triphammer > Grindshot > Corner Cutter > Storm Cell > Heavy hitter > Scattershot > Hair trigger > Bank shot > Punch through > Splinter > Airshot > Kickback > Bloodwork > Light frame > Burst fire > Backblast > Banker > Landing shot > Blast surfing > Aftershock > Chain reaction > Slingshot > Redline > Breach > Shatter > Shockfront > Backfire > Recall > Homecoming > Capacitor > Reserve cell > Countershot > Reprisal > Fuse > Linked fuse > Tether rounds > Snapback > Cinder rounds > Crosswind > Flashpoint > Slipstream > Tripwire > Tension > Vector rounds > Afterburner > Retrace > Wallrunner > Air Brake","shellshock > mass-driver > cluster-shell > skid-plate > fold > relay-gate > arc-coil > short-circuit > ramjet > triphammer > grindshot > corner-cutter > storm-cell > magnum > scatter > rapid > ricochet > pierce > split > airshot > kick > leech > light > burst > backblast > banker > landing > blast-surf > aftershock > chain-reaction > slingshot > redline > breach > shatter > shockfront > backfire > recall > homecoming > capacitor > reserve-cell > countershot > reprisal > fuse > linked-fuse > tether > snapback > cinder > crosswind > flashpoint > slipstream > tripwire > tension > vector > afterburner > retrace > wallrunner > air-brake","https://caleb-guyer.github.io/recoil-foundry/?test=branches&combo=demolition.mass-driver.cluster-shell.skid-plate.relay-gate.short-circuit.triphammer.corner-cutter&v=2.74.0","https://caleb-guyer.github.io/recoil-foundry/?test=branches&combo=demolition.mass-driver.cluster-shell.skid-plate.relay-gate.short-circuit.triphammer.corner-cutter&room=boss&v=2.74.0","https://caleb-guyer.github.io/recoil-foundry/?test=branches&combo=demolition.mass-driver.cluster-shell.skid-plate.relay-gate.short-circuit.triphammer.corner-cutter&mirror=1&v=2.74.0"
"demolition.mass-driver.cluster-shell.skid-plate.relay-gate.short-circuit.triphammer.crosscut","Demolition","Mass Driver","Cluster Shell + Skid Plate + Relay Gate + Short Circuit + Triphammer + Crosscut","Flywheel","57","Shellshock > Mass Driver > Cluster Shell > Skid Plate > Fold > Relay Gate > Arc Coil > Short Circuit > Ramjet > Triphammer > Grindshot > Crosscut > Flywheel > Heavy hitter > Scattershot > Hair trigger > Bank shot > Punch through > Splinter > Airshot > Kickback > Bloodwork > Light frame > Burst fire > Backblast > Banker > Landing shot > Blast surfing > Aftershock > Chain reaction > Slingshot > Redline > Breach > Shatter > Shockfront > Backfire > Recall > Homecoming > Capacitor > Reserve cell > Countershot > Reprisal > Fuse > Linked fuse > Tether rounds > Snapback > Cinder rounds > Crosswind > Flashpoint > Slipstream > Tripwire > Tension > Vector rounds > Afterburner > Retrace > Wallrunner > Air Brake","shellshock > mass-driver > cluster-shell > skid-plate > fold > relay-gate > arc-coil > short-circuit > ramjet > triphammer > grindshot > crosscut > flywheel > magnum > scatter > rapid > ricochet > pierce > split > airshot > kick > leech > light > burst > backblast > banker > landing > blast-surf > aftershock > chain-reaction > slingshot > redline > breach > shatter > shockfront > backfire > recall > homecoming > capacitor > reserve-cell > countershot > reprisal > fuse > linked-fuse > tether > snapback > cinder > crosswind > flashpoint > slipstream > tripwire > tension > vector > afterburner > retrace > wallrunner > air-brake","https://caleb-guyer.github.io/recoil-foundry/?test=branches&combo=demolition.mass-driver.cluster-shell.skid-plate.relay-gate.short-circuit.triphammer.crosscut&v=2.74.0","https://caleb-guyer.github.io/recoil-foundry/?test=branches&combo=demolition.mass-driver.cluster-shell.skid-plate.relay-gate.short-circuit.triphammer.crosscut&room=boss&v=2.74.0","https://caleb-guyer.github.io/recoil-foundry/?test=branches&combo=demolition.mass-driver.cluster-shell.skid-plate.relay-gate.short-circuit.triphammer.crosscut&mirror=1&v=2.74.0"
"demolition.mass-driver.cluster-shell.skid-plate.relay-gate.short-circuit.triphammer.crosscut.storm-cell","Demolition","Mass Driver","Cluster Shell + Skid Plate + Relay Gate + Short Circuit + Triphammer + Crosscut","Storm Cell","57","Shellshock > Mass Driver > Cluster Shell > Skid Plate > Fold > Relay Gate > Arc Coil > Short Circuit > Ramjet > Triphammer > Grindshot > Crosscut > Storm Cell > Heavy hitter > Scattershot > Hair trigger > Bank shot > Punch through > Splinter > Airshot > Kickback > Bloodwork > Light frame > Burst fire > Backblast > Banker > Landing shot > Blast surfing > Aftershock > Chain reaction > Slingshot > Redline > Breach > Shatter > Shockfront > Backfire > Recall > Homecoming > Capacitor > Reserve cell > Countershot > Reprisal > Fuse > Linked fuse > Tether rounds > Snapback > Cinder rounds > Crosswind > Flashpoint > Slipstream > Tripwire > Tension > Vector rounds > Afterburner > Retrace > Wallrunner > Air Brake","shellshock > mass-driver > cluster-shell > skid-plate > fold > relay-gate > arc-coil > short-circuit > ramjet > triphammer > grindshot > crosscut > storm-cell > magnum > scatter > rapid > ricochet > pierce > split > airshot > kick > leech > light > burst > backblast > banker > landing > blast-surf > aftershock > chain-reaction > slingshot > redline > breach > shatter > shockfront > backfire > recall > homecoming > capacitor > reserve-cell > countershot > reprisal > fuse > linked-fuse > tether > snapback > cinder > crosswind > flashpoint > slipstream > tripwire > tension > vector > afterburner > retrace > wallrunner > air-brake","https://caleb-guyer.github.io/recoil-foundry/?test=branches&combo=demolition.mass-driver.cluster-shell.skid-plate.relay-gate.short-circuit.triphammer.crosscut.storm-cell&v=2.74.0","https://caleb-guyer.github.io/recoil-foundry/?test=branches&combo=demolition.mass-driver.cluster-shell.skid-plate.relay-gate.short-circuit.triphammer.crosscut.storm-cell&room=boss&v=2.74.0","https://caleb-guyer.github.io/recoil-foundry/?test=branches&combo=demolition.mass-driver.cluster-shell.skid-plate.relay-gate.short-circuit.triphammer.crosscut.storm-cell&mirror=1&v=2.74.0"
"cryogenic.mass-driver.drop-forge.rewire.daisy-chain.wrecking-ball.corner-cutter.deep-freeze","Cryogenic","Mass Driver","Drop Forge + Rewire + Daisy Chain + Wrecking Ball + Corner Cutter + Deep Freeze","undefined","49","Coolant Rounds > Mass Driver > Drop Forge > Fold > Rewire > Arc Coil > Daisy Chain > Ramjet > Wrecking Ball > Grindshot > Corner Cutter > Deep Freeze > Heavy hitter > Scattershot > Hair trigger > Bank shot > Punch through > Splinter > Airshot > Kickback > Bloodwork > Light frame > Burst fire > Backblast > Banker > Landing shot > Slingshot > Redline > Breach > Shatter > Backfire > Recall > Homecoming > Capacitor > Reserve cell > Countershot > Reprisal > Tether rounds > Snapback > Cinder rounds > Crosswind > Flashpoint > Slipstream > Vector rounds > Afterburner > Icebreaker > Retrace > Wallrunner > Air Brake","coolant-rounds > mass-driver > drop-forge > fold > rewire > arc-coil > daisy-chain > ramjet > wrecking-ball > grindshot > corner-cutter > deep-freeze > magnum > scatter > rapid > ricochet > pierce > split > airshot > kick > leech > light > burst > backblast > banker > landing > slingshot > redline > breach > shatter > backfire > recall > homecoming > capacitor > reserve-cell > countershot > reprisal > tether > snapback > cinder > crosswind > flashpoint > slipstream > vector > afterburner > icebreaker > retrace > wallrunner > air-brake","https://caleb-guyer.github.io/recoil-foundry/?test=branches&combo=cryogenic.mass-driver.drop-forge.rewire.daisy-chain.wrecking-ball.corner-cutter.deep-freeze&v=2.74.0","https://caleb-guyer.github.io/recoil-foundry/?test=branches&combo=cryogenic.mass-driver.drop-forge.rewire.daisy-chain.wrecking-ball.corner-cutter.deep-freeze&room=boss&v=2.74.0","https://caleb-guyer.github.io/recoil-foundry/?test=branches&combo=cryogenic.mass-driver.drop-forge.rewire.daisy-chain.wrecking-ball.corner-cutter.deep-freeze&mirror=1&v=2.74.0"
"cryogenic.mass-driver.drop-forge.rewire.daisy-chain.wrecking-ball.corner-cutter.cold-snap","Cryogenic","Mass Driver","Drop Forge + Rewire + Daisy Chain + Wrecking Ball + Corner Cutter + Cold Snap","undefined","49","Coolant Rounds > Mass Driver > Drop Forge > Fold > Rewire > Arc Coil > Daisy Chain > Ramjet > Wrecking Ball > Grindshot > Corner Cutter > Cold Snap > Heavy hitter > Scattershot > Hair trigger > Bank shot > Punch through > Splinter > Airshot > Kickback > Bloodwork > Light frame > Burst fire > Backblast > Banker > Landing shot > Slingshot > Redline > Breach > Shatter > Backfire > Recall > Homecoming > Capacitor > Reserve cell > Countershot > Reprisal > Tether rounds > Snapback > Cinder rounds > Crosswind > Flashpoint > Slipstream > Vector rounds > Afterburner > Cold Front > Retrace > Wallrunner > Air Brake","coolant-rounds > mass-driver > drop-forge > fold > rewire > arc-coil > daisy-chain > ramjet > wrecking-ball > grindshot > corner-cutter > cold-snap > magnum > scatter > rapid > ricochet > pierce > split > airshot > kick > leech > light > burst > backblast > banker > landing > slingshot > redline > breach > shatter > backfire > recall > homecoming > capacitor > reserve-cell > countershot > reprisal > tether > snapback > cinder > crosswind > flashpoint > slipstream > vector > afterburner > cold-front > retrace > wallrunner > air-brake","https://caleb-guyer.github.io/recoil-foundry/?test=branches&combo=cryogenic.mass-driver.drop-forge.rewire.daisy-chain.wrecking-ball.corner-cutter.cold-snap&v=2.74.0","https://caleb-guyer.github.io/recoil-foundry/?test=branches&combo=cryogenic.mass-driver.drop-forge.rewire.daisy-chain.wrecking-ball.corner-cutter.cold-snap&room=boss&v=2.74.0","https://caleb-guyer.github.io/recoil-foundry/?test=branches&combo=cryogenic.mass-driver.drop-forge.rewire.daisy-chain.wrecking-ball.corner-cutter.cold-snap&mirror=1&v=2.74.0"
"cryogenic.mass-driver.drop-forge.rewire.daisy-chain.wrecking-ball.crosscut.deep-freeze","Cryogenic","Mass Driver","Drop Forge + Rewire + Daisy Chain + Wrecking Ball + Crosscut + Deep Freeze","undefined","49","Coolant Rounds > Mass Driver > Drop Forge > Fold > Rewire > Arc Coil > Daisy Chain > Ramjet > Wrecking Ball > Grindshot > Crosscut > Deep Freeze > Heavy hitter > Scattershot > Hair trigger > Bank shot > Punch through > Splinter > Airshot > Kickback > Bloodwork > Light frame > Burst fire > Backblast > Banker > Landing shot > Slingshot > Redline > Breach > Shatter > Backfire > Recall > Homecoming > Capacitor > Reserve cell > Countershot > Reprisal > Tether rounds > Snapback > Cinder rounds > Crosswind > Flashpoint > Slipstream > Vector rounds > Afterburner > Icebreaker > Retrace > Wallrunner > Air Brake","coolant-rounds > mass-driver > drop-forge > fold > rewire > arc-coil > daisy-chain > ramjet > wrecking-ball > grindshot > crosscut > deep-freeze > magnum > scatter > rapid > ricochet > pierce > split > airshot > kick > leech > light > burst > backblast > banker > landing > slingshot > redline > breach > shatter > backfire > recall > homecoming > capacitor > reserve-cell > countershot > reprisal > tether > snapback > cinder > crosswind > flashpoint > slipstream > vector > afterburner > icebreaker > retrace > wallrunner > air-brake","https://caleb-guyer.github.io/recoil-foundry/?test=branches&combo=cryogenic.mass-driver.drop-forge.rewire.daisy-chain.wrecking-ball.crosscut.deep-freeze&v=2.74.0","https://caleb-guyer.github.io/recoil-foundry/?test=branches&combo=cryogenic.mass-driver.drop-forge.rewire.daisy-chain.wrecking-ball.crosscut.deep-freeze&room=boss&v=2.74.0","https://caleb-guyer.github.io/recoil-foundry/?test=branches&combo=cryogenic.mass-driver.drop-forge.rewire.daisy-chain.wrecking-ball.crosscut.deep-freeze&mirror=1&v=2.74.0"
"cryogenic.mass-driver.drop-forge.rewire.daisy-chain.wrecking-ball.crosscut.cold-snap","Cryogenic","Mass Driver","Drop Forge + Rewire + Daisy Chain + Wrecking Ball + Crosscut + Cold Snap","undefined","49","Coolant Rounds > Mass Driver > Drop Forge > Fold > Rewire > Arc Coil > Daisy Chain > Ramjet > Wrecking Ball > Grindshot > Crosscut > Cold Snap > Heavy hitter > Scattershot > Hair trigger > Bank shot > Punch through > Splinter > Airshot > Kickback > Bloodwork > Light frame > Burst fire > Backblast > Banker > Landing shot > Slingshot > Redline > Breach > Shatter > Backfire > Recall > Homecoming > Capacitor > Reserve cell > Countershot > Reprisal > Tether rounds > Snapback > Cinder rounds > Crosswind > Flashpoint > Slipstream > Vector rounds > Afterburner > Cold Front > Retrace > Wallrunner > Air Brake","coolant-rounds > mass-driver > drop-forge > fold > rewire > arc-coil > daisy-chain > ramjet > wrecking-ball > grindshot > crosscut > cold-snap > magnum > scatter > rapid > ricochet > pierce > split > airshot > kick > leech > light > burst > backblast > banker > landing > slingshot > redline > breach > shatter > backfire > recall > homecoming > capacitor > reserve-cell > countershot > reprisal > tether > snapback > cinder > crosswind > flashpoint > slipstream > vector > afterburner > cold-front > retrace > wallrunner > air-brake","https://caleb-guyer.github.io/recoil-foundry/?test=branches&combo=cryogenic.mass-driver.drop-forge.rewire.daisy-chain.wrecking-ball.crosscut.cold-snap&v=2.74.0","https://caleb-guyer.github.io/recoil-foundry/?test=branches&combo=cryogenic.mass-driver.drop-forge.rewire.daisy-chain.wrecking-ball.crosscut.cold-snap&room=boss&v=2.74.0","https://caleb-guyer.github.io/recoil-foundry/?test=branches&combo=cryogenic.mass-driver.drop-forge.rewire.daisy-chain.wrecking-ball.crosscut.cold-snap&mirror=1&v=2.74.0"
"cryogenic.mass-driver.drop-forge.rewire.daisy-chain.triphammer.corner-cutter.deep-freeze","Cryogenic","Mass Driver","Drop Forge + Rewire + Daisy Chain + Triphammer + Corner Cutter + Deep Freeze","undefined","49","Coolant Rounds > Mass Driver > Drop Forge > Fold > Rewire > Arc Coil > Daisy Chain > Ramjet > Triphammer > Grindshot > Corner Cutter > Deep Freeze > Heavy hitter > Scattershot > Hair trigger > Bank shot > Punch through > Splinter > Airshot > Kickback > Bloodwork > Light frame > Burst fire > Backblast > Banker > Landing shot > Slingshot > Redline > Breach > Shatter > Backfire > Recall > Homecoming > Capacitor > Reserve cell > Countershot > Reprisal > Tether rounds > Snapback > Cinder rounds > Crosswind > Flashpoint > Slipstream > Vector rounds > Afterburner > Icebreaker > Retrace > Wallrunner > Air Brake","coolant-rounds > mass-driver > drop-forge > fold > rewire > arc-coil > daisy-chain > ramjet > triphammer > grindshot > corner-cutter > deep-freeze > magnum > scatter > rapid > ricochet > pierce > split > airshot > kick > leech > light > burst > backblast > banker > landing > slingshot > redline > breach > shatter > backfire > recall > homecoming > capacitor > reserve-cell > countershot > reprisal > tether > snapback > cinder > crosswind > flashpoint > slipstream > vector > afterburner > icebreaker > retrace > wallrunner > air-brake","https://caleb-guyer.github.io/recoil-foundry/?test=branches&combo=cryogenic.mass-driver.drop-forge.rewire.daisy-chain.triphammer.corner-cutter.deep-freeze&v=2.74.0","https://caleb-guyer.github.io/recoil-foundry/?test=branches&combo=cryogenic.mass-driver.drop-forge.rewire.daisy-chain.triphammer.corner-cutter.deep-freeze&room=boss&v=2.74.0","https://caleb-guyer.github.io/recoil-foundry/?test=branches&combo=cryogenic.mass-driver.drop-forge.rewire.daisy-chain.triphammer.corner-cutter.deep-freeze&mirror=1&v=2.74.0"
"cryogenic.mass-driver.drop-forge.rewire.daisy-chain.triphammer.corner-cutter.cold-snap","Cryogenic","Mass Driver","Drop Forge + Rewire + Daisy Chain + Triphammer + Corner Cutter + Cold Snap","undefined","49","Coolant Rounds > Mass Driver > Drop Forge > Fold > Rewire > Arc Coil > Daisy Chain > Ramjet > Triphammer > Grindshot > Corner Cutter > Cold Snap > Heavy hitter > Scattershot > Hair trigger > Bank shot > Punch through > Splinter > Airshot > Kickback > Bloodwork > Light frame > Burst fire > Backblast > Banker > Landing shot > Slingshot > Redline > Breach > Shatter > Backfire > Recall > Homecoming > Capacitor > Reserve cell > Countershot > Reprisal > Tether rounds > Snapback > Cinder rounds > Crosswind > Flashpoint > Slipstream > Vector rounds > Afterburner > Cold Front > Retrace > Wallrunner > Air Brake","coolant-rounds > mass-driver > drop-forge > fold > rewire > arc-coil > daisy-chain > ramjet > triphammer > grindshot > corner-cutter > cold-snap > magnum > scatter > rapid > ricochet > pierce > split > airshot > kick > leech > light > burst > backblast > banker > landing > slingshot > redline > breach > shatter > backfire > recall > homecoming > capacitor > reserve-cell > countershot > reprisal > tether > snapback > cinder > crosswind > flashpoint > slipstream > vector > afterburner > cold-front > retrace > wallrunner > air-brake","https://caleb-guyer.github.io/recoil-foundry/?test=branches&combo=cryogenic.mass-driver.drop-forge.rewire.daisy-chain.triphammer.corner-cutter.cold-snap&v=2.74.0","https://caleb-guyer.github.io/recoil-foundry/?test=branches&combo=cryogenic.mass-driver.drop-forge.rewire.daisy-chain.triphammer.corner-cutter.cold-snap&room=boss&v=2.74.0","https://caleb-guyer.github.io/recoil-foundry/?test=branches&combo=cryogenic.mass-driver.drop-forge.rewire.daisy-chain.triphammer.corner-cutter.cold-snap&mirror=1&v=2.74.0"
"cryogenic.mass-driver.drop-forge.rewire.daisy-chain.triphammer.crosscut.deep-freeze","Cryogenic","Mass Driver","Drop Forge + Rewire + Daisy Chain + Triphammer + Crosscut + Deep Freeze","undefined","49","Coolant Rounds > Mass Driver > Drop Forge > Fold > Rewire > Arc Coil > Daisy Chain > Ramjet > Triphammer > Grindshot > Crosscut > Deep Freeze > Heavy hitter > Scattershot > Hair trigger > Bank shot > Punch through > Splinter > Airshot > Kickback > Bloodwork > Light frame > Burst fire > Backblast > Banker > Landing shot > Slingshot > Redline > Breach > Shatter > Backfire > Recall > Homecoming > Capacitor > Reserve cell > Countershot > Reprisal > Tether rounds > Snapback > Cinder rounds > Crosswind > Flashpoint > Slipstream > Vector rounds > Afterburner > Icebreaker > Retrace > Wallrunner > Air Brake","coolant-rounds > mass-driver > drop-forge > fold > rewire > arc-coil > daisy-chain > ramjet > triphammer > grindshot > crosscut > deep-freeze > magnum > scatter > rapid > ricochet > pierce > split > airshot > kick > leech > light > burst > backblast > banker > landing > slingshot > redline > breach > shatter > backfire > recall > homecoming > capacitor > reserve-cell > countershot > reprisal > tether > snapback > cinder > crosswind > flashpoint > slipstream > vector > afterburner > icebreaker > retrace > wallrunner > air-brake","https://caleb-guyer.github.io/recoil-foundry/?test=branches&combo=cryogenic.mass-driver.drop-forge.rewire.daisy-chain.triphammer.crosscut.deep-freeze&v=2.74.0","https://caleb-guyer.github.io/recoil-foundry/?test=branches&combo=cryogenic.mass-driver.drop-forge.rewire.daisy-chain.triphammer.crosscut.deep-freeze&room=boss&v=2.74.0","https://caleb-guyer.github.io/recoil-foundry/?test=branches&combo=cryogenic.mass-driver.drop-forge.rewire.daisy-chain.triphammer.crosscut.deep-freeze&mirror=1&v=2.74.0"
"cryogenic.mass-driver.drop-forge.rewire.daisy-chain.triphammer.crosscut.cold-snap","Cryogenic","Mass Driver","Drop Forge + Rewire + Daisy Chain + Triphammer + Crosscut + Cold Snap","undefined","49","Coolant Rounds > Mass Driver > Drop Forge > Fold > Rewire > Arc Coil > Daisy Chain > Ramjet > Triphammer > Grindshot > Crosscut > Cold Snap > Heavy hitter > Scattershot > Hair trigger > Bank shot > Punch through > Splinter > Airshot > Kickback > Bloodwork > Light frame > Burst fire > Backblast > Banker > Landing shot > Slingshot > Redline > Breach > Shatter > Backfire > Recall > Homecoming > Capacitor > Reserve cell > Countershot > Reprisal > Tether rounds > Snapback > Cinder rounds > Crosswind > Flashpoint > Slipstream > Vector rounds > Afterburner > Cold Front > Retrace > Wallrunner > Air Brake","coolant-rounds > mass-driver > drop-forge > fold > rewire > arc-coil > daisy-chain > ramjet > triphammer > grindshot > crosscut > cold-snap > magnum > scatter > rapid > ricochet > pierce > split > airshot > kick > leech > light > burst > backblast > banker > landing > slingshot > redline > breach > shatter > backfire > recall > homecoming > capacitor > reserve-cell > countershot > reprisal > tether > snapback > cinder > crosswind > flashpoint > slipstream > vector > afterburner > cold-front > retrace > wallrunner > air-brake","https://caleb-guyer.github.io/recoil-foundry/?test=branches&combo=cryogenic.mass-driver.drop-forge.rewire.daisy-chain.triphammer.crosscut.cold-snap&v=2.74.0","https://caleb-guyer.github.io/recoil-foundry/?test=branches&combo=cryogenic.mass-driver.drop-forge.rewire.daisy-chain.triphammer.crosscut.cold-snap&room=boss&v=2.74.0","https://caleb-guyer.github.io/recoil-foundry/?test=branches&combo=cryogenic.mass-driver.drop-forge.rewire.daisy-chain.triphammer.crosscut.cold-snap&mirror=1&v=2.74.0"
"cryogenic.mass-driver.drop-forge.rewire.short-circuit.wrecking-ball.corner-cutter.deep-freeze","Cryogenic","Mass Driver","Drop Forge + Rewire + Short Circuit + Wrecking Ball + Corner Cutter + Deep Freeze","undefined","49","Coolant Rounds > Mass Driver > Drop Forge > Fold > Rewire > Arc Coil > Short Circuit > Ramjet > Wrecking Ball > Grindshot > Corner Cutter > Deep Freeze > Heavy hitter > Scattershot > Hair trigger > Bank shot > Punch through > Splinter > Airshot > Kickback > Bloodwork > Light frame > Burst fire > Backblast > Banker > Landing shot > Slingshot > Redline > Breach > Shatter > Backfire > Recall > Homecoming > Capacitor > Reserve cell > Countershot > Reprisal > Tether rounds > Snapback > Cinder rounds > Crosswind > Flashpoint > Slipstream > Vector rounds > Afterburner > Icebreaker > Retrace > Wallrunner > Air Brake","coolant-rounds > mass-driver > drop-forge > fold > rewire > arc-coil > short-circuit > ramjet > wrecking-ball > grindshot > corner-cutter > deep-freeze > magnum > scatter > rapid > ricochet > pierce > split > airshot > kick > leech > light > burst > backblast > banker > landing > slingshot > redline > breach > shatter > backfire > recall > homecoming > capacitor > reserve-cell > countershot > reprisal > tether > snapback > cinder > crosswind > flashpoint > slipstream > vector > afterburner > icebreaker > retrace > wallrunner > air-brake","https://caleb-guyer.github.io/recoil-foundry/?test=branches&combo=cryogenic.mass-driver.drop-forge.rewire.short-circuit.wrecking-ball.corner-cutter.deep-freeze&v=2.74.0","https://caleb-guyer.github.io/recoil-foundry/?test=branches&combo=cryogenic.mass-driver.drop-forge.rewire.short-circuit.wrecking-ball.corner-cutter.deep-freeze&room=boss&v=2.74.0","https://caleb-guyer.github.io/recoil-foundry/?test=branches&combo=cryogenic.mass-driver.drop-forge.rewire.short-circuit.wrecking-ball.corner-cutter.deep-freeze&mirror=1&v=2.74.0"
"cryogenic.mass-driver.drop-forge.rewire.short-circuit.wrecking-ball.corner-cutter.cold-snap","Cryogenic","Mass Driver","Drop Forge + Rewire + Short Circuit + Wrecking Ball + Corner Cutter + Cold Snap","undefined","49","Coolant Rounds > Mass Driver > Drop Forge > Fold > Rewire > Arc Coil > Short Circuit > Ramjet > Wrecking Ball > Grindshot > Corner Cutter > Cold Snap > Heavy hitter > Scattershot > Hair trigger > Bank shot > Punch through > Splinter > Airshot > Kickback > Bloodwork > Light frame > Burst fire > Backblast > Banker > Landing shot > Slingshot > Redline > Breach > Shatter > Backfire > Recall > Homecoming > Capacitor > Reserve cell > Countershot > Reprisal > Tether rounds > Snapback > Cinder rounds > Crosswind > Flashpoint > Slipstream > Vector rounds > Afterburner > Cold Front > Retrace > Wallrunner > Air Brake","coolant-rounds > mass-driver > drop-forge > fold > rewire > arc-coil > short-circuit > ramjet > wrecking-ball > grindshot > corner-cutter > cold-snap > magnum > scatter > rapid > ricochet > pierce > split > airshot > kick > leech > light > burst > backblast > banker > landing > slingshot > redline > breach > shatter > backfire > recall > homecoming > capacitor > reserve-cell > countershot > reprisal > tether > snapback > cinder > crosswind > flashpoint > slipstream > vector > afterburner > cold-front > retrace > wallrunner > air-brake","https://caleb-guyer.github.io/recoil-foundry/?test=branches&combo=cryogenic.mass-driver.drop-forge.rewire.short-circuit.wrecking-ball.corner-cutter.cold-snap&v=2.74.0","https://caleb-guyer.github.io/recoil-foundry/?test=branches&combo=cryogenic.mass-driver.drop-forge.rewire.short-circuit.wrecking-ball.corner-cutter.cold-snap&room=boss&v=2.74.0","https://caleb-guyer.github.io/recoil-foundry/?test=branches&combo=cryogenic.mass-driver.drop-forge.rewire.short-circuit.wrecking-ball.corner-cutter.cold-snap&mirror=1&v=2.74.0"
"cryogenic.mass-driver.drop-forge.rewire.short-circuit.wrecking-ball.crosscut.deep-freeze","Cryogenic","Mass Driver","Drop Forge + Rewire + Short Circuit + Wrecking Ball + Crosscut + Deep Freeze","undefined","49","Coolant Rounds > Mass Driver > Drop Forge > Fold > Rewire > Arc Coil > Short Circuit > Ramjet > Wrecking Ball > Grindshot > Crosscut > Deep Freeze > Heavy hitter > Scattershot > Hair trigger > Bank shot > Punch through > Splinter > Airshot > Kickback > Bloodwork > Light frame > Burst fire > Backblast > Banker > Landing shot > Slingshot > Redline > Breach > Shatter > Backfire > Recall > Homecoming > Capacitor > Reserve cell > Countershot > Reprisal > Tether rounds > Snapback > Cinder rounds > Crosswind > Flashpoint > Slipstream > Vector rounds > Afterburner > Icebreaker > Retrace > Wallrunner > Air Brake","coolant-rounds > mass-driver > drop-forge > fold > rewire > arc-coil > short-circuit > ramjet > wrecking-ball > grindshot > crosscut > deep-freeze > magnum > scatter > rapid > ricochet > pierce > split > airshot > kick > leech > light > burst > backblast > banker > landing > slingshot > redline > breach > shatter > backfire > recall > homecoming > capacitor > reserve-cell > countershot > reprisal > tether > snapback > cinder > crosswind > flashpoint > slipstream > vector > afterburner > icebreaker > retrace > wallrunner > air-brake","https://caleb-guyer.github.io/recoil-foundry/?test=branches&combo=cryogenic.mass-driver.drop-forge.rewire.short-circuit.wrecking-ball.crosscut.deep-freeze&v=2.74.0","https://caleb-guyer.github.io/recoil-foundry/?test=branches&combo=cryogenic.mass-driver.drop-forge.rewire.short-circuit.wrecking-ball.crosscut.deep-freeze&room=boss&v=2.74.0","https://caleb-guyer.github.io/recoil-foundry/?test=branches&combo=cryogenic.mass-driver.drop-forge.rewire.short-circuit.wrecking-ball.crosscut.deep-freeze&mirror=1&v=2.74.0"
"cryogenic.mass-driver.drop-forge.rewire.short-circuit.wrecking-ball.crosscut.cold-snap","Cryogenic","Mass Driver","Drop Forge + Rewire + Short Circuit + Wrecking Ball + Crosscut + Cold Snap","undefined","49","Coolant Rounds > Mass Driver > Drop Forge > Fold > Rewire > Arc Coil > Short Circuit > Ramjet > Wrecking Ball > Grindshot > Crosscut > Cold Snap > Heavy hitter > Scattershot > Hair trigger > Bank shot > Punch through > Splinter > Airshot > Kickback > Bloodwork > Light frame > Burst fire > Backblast > Banker > Landing shot > Slingshot > Redline > Breach > Shatter > Backfire > Recall > Homecoming > Capacitor > Reserve cell > Countershot > Reprisal > Tether rounds > Snapback > Cinder rounds > Crosswind > Flashpoint > Slipstream > Vector rounds > Afterburner > Cold Front > Retrace > Wallrunner > Air Brake","coolant-rounds > mass-driver > drop-forge > fold > rewire > arc-coil > short-circuit > ramjet > wrecking-ball > grindshot > crosscut > cold-snap > magnum > scatter > rapid > ricochet > pierce > split > airshot > kick > leech > light > burst > backblast > banker > landing > slingshot > redline > breach > shatter > backfire > recall > homecoming > capacitor > reserve-cell > countershot > reprisal > tether > snapback > cinder > crosswind > flashpoint > slipstream > vector > afterburner > cold-front > retrace > wallrunner > air-brake","https://caleb-guyer.github.io/recoil-foundry/?test=branches&combo=cryogenic.mass-driver.drop-forge.rewire.short-circuit.wrecking-ball.crosscut.cold-snap&v=2.74.0","https://caleb-guyer.github.io/recoil-foundry/?test=branches&combo=cryogenic.mass-driver.drop-forge.rewire.short-circuit.wrecking-ball.crosscut.cold-snap&room=boss&v=2.74.0","https://caleb-guyer.github.io/recoil-foundry/?test=branches&combo=cryogenic.mass-driver.drop-forge.rewire.short-circuit.wrecking-ball.crosscut.cold-snap&mirror=1&v=2.74.0"
"cryogenic.mass-driver.drop-forge.rewire.short-circuit.triphammer.corner-cutter.deep-freeze","Cryogenic","Mass Driver","Drop Forge + Rewire + Short Circuit + Triphammer + Corner Cutter + Deep Freeze","undefined","49","Coolant Rounds > Mass Driver > Drop Forge > Fold > Rewire > Arc Coil > Short Circuit > Ramjet > Triphammer > Grindshot > Corner Cutter > Deep Freeze > Heavy hitter > Scattershot > Hair trigger > Bank shot > Punch through > Splinter > Airshot > Kickback > Bloodwork > Light frame > Burst fire > Backblast > Banker > Landing shot > Slingshot > Redline > Breach > Shatter > Backfire > Recall > Homecoming > Capacitor > Reserve cell > Countershot > Reprisal > Tether rounds > Snapback > Cinder rounds > Crosswind > Flashpoint > Slipstream > Vector rounds > Afterburner > Icebreaker > Retrace > Wallrunner > Air Brake","coolant-rounds > mass-driver > drop-forge > fold > rewire > arc-coil > short-circuit > ramjet > triphammer > grindshot > corner-cutter > deep-freeze > magnum > scatter > rapid > ricochet > pierce > split > airshot > kick > leech > light > burst > backblast > banker > landing > slingshot > redline > breach > shatter > backfire > recall > homecoming > capacitor > reserve-cell > countershot > reprisal > tether > snapback > cinder > crosswind > flashpoint > slipstream > vector > afterburner > icebreaker > retrace > wallrunner > air-brake","https://caleb-guyer.github.io/recoil-foundry/?test=branches&combo=cryogenic.mass-driver.drop-forge.rewire.short-circuit.triphammer.corner-cutter.deep-freeze&v=2.74.0","https://caleb-guyer.github.io/recoil-foundry/?test=branches&combo=cryogenic.mass-driver.drop-forge.rewire.short-circuit.triphammer.corner-cutter.deep-freeze&room=boss&v=2.74.0","https://caleb-guyer.github.io/recoil-foundry/?test=branches&combo=cryogenic.mass-driver.drop-forge.rewire.short-circuit.triphammer.corner-cutter.deep-freeze&mirror=1&v=2.74.0"
"cryogenic.mass-driver.drop-forge.rewire.short-circuit.triphammer.corner-cutter.cold-snap","Cryogenic","Mass Driver","Drop Forge + Rewire + Short Circuit + Triphammer + Corner Cutter + Cold Snap","undefined","49","Coolant Rounds > Mass Driver > Drop Forge > Fold > Rewire > Arc Coil > Short Circuit > Ramjet > Triphammer > Grindshot > Corner Cutter > Cold Snap > Heavy hitter > Scattershot > Hair trigger > Bank shot > Punch through > Splinter > Airshot > Kickback > Bloodwork > Light frame > Burst fire > Backblast > Banker > Landing shot > Slingshot > Redline > Breach > Shatter > Backfire > Recall > Homecoming > Capacitor > Reserve cell > Countershot > Reprisal > Tether rounds > Snapback > Cinder rounds > Crosswind > Flashpoint > Slipstream > Vector rounds > Afterburner > Cold Front > Retrace > Wallrunner > Air Brake","coolant-rounds > mass-driver > drop-forge > fold > rewire > arc-coil > short-circuit > ramjet > triphammer > grindshot > corner-cutter > cold-snap > magnum > scatter > rapid > ricochet > pierce > split > airshot > kick > leech > light > burst > backblast > banker > landing > slingshot > redline > breach > shatter > backfire > recall > homecoming > capacitor > reserve-cell > countershot > reprisal > tether > snapback > cinder > crosswind > flashpoint > slipstream > vector > afterburner > cold-front > retrace > wallrunner > air-brake","https://caleb-guyer.github.io/recoil-foundry/?test=branches&combo=cryogenic.mass-driver.drop-forge.rewire.short-circuit.triphammer.corner-cutter.cold-snap&v=2.74.0","https://caleb-guyer.github.io/recoil-foundry/?test=branches&combo=cryogenic.mass-driver.drop-forge.rewire.short-circuit.triphammer.corner-cutter.cold-snap&room=boss&v=2.74.0","https://caleb-guyer.github.io/recoil-foundry/?test=branches&combo=cryogenic.mass-driver.drop-forge.rewire.short-circuit.triphammer.corner-cutter.cold-snap&mirror=1&v=2.74.0"
"cryogenic.mass-driver.drop-forge.rewire.short-circuit.triphammer.crosscut.deep-freeze","Cryogenic","Mass Driver","Drop Forge + Rewire + Short Circuit + Triphammer + Crosscut + Deep Freeze","undefined","49","Coolant Rounds > Mass Driver > Drop Forge > Fold > Rewire > Arc Coil > Short Circuit > Ramjet > Triphammer > Grindshot > Crosscut > Deep Freeze > Heavy hitter > Scattershot > Hair trigger > Bank shot > Punch through > Splinter > Airshot > Kickback > Bloodwork > Light frame > Burst fire > Backblast > Banker > Landing shot > Slingshot > Redline > Breach > Shatter > Backfire > Recall > Homecoming > Capacitor > Reserve cell > Countershot > Reprisal > Tether rounds > Snapback > Cinder rounds > Crosswind > Flashpoint > Slipstream > Vector rounds > Afterburner > Icebreaker > Retrace > Wallrunner > Air Brake","coolant-rounds > mass-driver > drop-forge > fold > rewire > arc-coil > short-circuit > ramjet > triphammer > grindshot > crosscut > deep-freeze > magnum > scatter > rapid > ricochet > pierce > split > airshot > kick > leech > light > burst > backblast > banker > landing > slingshot > redline > breach > shatter > backfire > recall > homecoming > capacitor > reserve-cell > countershot > reprisal > tether > snapback > cinder > crosswind > flashpoint > slipstream > vector > afterburner > icebreaker > retrace > wallrunner > air-brake","https://caleb-guyer.github.io/recoil-foundry/?test=branches&combo=cryogenic.mass-driver.drop-forge.rewire.short-circuit.triphammer.crosscut.deep-freeze&v=2.74.0","https://caleb-guyer.github.io/recoil-foundry/?test=branches&combo=cryogenic.mass-driver.drop-forge.rewire.short-circuit.triphammer.crosscut.deep-freeze&room=boss&v=2.74.0","https://caleb-guyer.github.io/recoil-foundry/?test=branches&combo=cryogenic.mass-driver.drop-forge.rewire.short-circuit.triphammer.crosscut.deep-freeze&mirror=1&v=2.74.0"
"cryogenic.mass-driver.drop-forge.rewire.short-circuit.triphammer.crosscut.cold-snap","Cryogenic","Mass Driver","Drop Forge + Rewire + Short Circuit + Triphammer + Crosscut + Cold Snap","undefined","49","Coolant Rounds > Mass Driver > Drop Forge > Fold > Rewire > Arc Coil > Short Circuit > Ramjet > Triphammer > Grindshot > Crosscut > Cold Snap > Heavy hitter > Scattershot > Hair trigger > Bank shot > Punch through > Splinter > Airshot > Kickback > Bloodwork > Light frame > Burst fire > Backblast > Banker > Landing shot > Slingshot > Redline > Breach > Shatter > Backfire > Recall > Homecoming > Capacitor > Reserve cell > Countershot > Reprisal > Tether rounds > Snapback > Cinder rounds > Crosswind > Flashpoint > Slipstream > Vector rounds > Afterburner > Cold Front > Retrace > Wallrunner > Air Brake","coolant-rounds > mass-driver > drop-forge > fold > rewire > arc-coil > short-circuit > ramjet > triphammer > grindshot > crosscut > cold-snap > magnum > scatter > rapid > ricochet > pierce > split > airshot > kick > leech > light > burst > backblast > banker > landing > slingshot > redline > breach > shatter > backfire > recall > homecoming > capacitor > reserve-cell > countershot > reprisal > tether > snapback > cinder > crosswind > flashpoint > slipstream > vector > afterburner > cold-front > retrace > wallrunner > air-brake","https://caleb-guyer.github.io/recoil-foundry/?test=branches&combo=cryogenic.mass-driver.drop-forge.rewire.short-circuit.triphammer.crosscut.cold-snap&v=2.74.0","https://caleb-guyer.github.io/recoil-foundry/?test=branches&combo=cryogenic.mass-driver.drop-forge.rewire.short-circuit.triphammer.crosscut.cold-snap&room=boss&v=2.74.0","https://caleb-guyer.github.io/recoil-foundry/?test=branches&combo=cryogenic.mass-driver.drop-forge.rewire.short-circuit.triphammer.crosscut.cold-snap&mirror=1&v=2.74.0"
"cryogenic.mass-driver.drop-forge.relay-gate.daisy-chain.wrecking-ball.corner-cutter.deep-freeze","Cryogenic","Mass Driver","Drop Forge + Relay Gate + Daisy Chain + Wrecking Ball + Corner Cutter + Deep Freeze","undefined","49","Coolant Rounds > Mass Driver > Drop Forge > Fold > Relay Gate > Arc Coil > Daisy Chain > Ramjet > Wrecking Ball > Grindshot > Corner Cutter > Deep Freeze > Heavy hitter > Scattershot > Hair trigger > Bank shot > Punch through > Splinter > Airshot > Kickback > Bloodwork > Light frame > Burst fire > Backblast > Banker > Landing shot > Slingshot > Redline > Breach > Shatter > Backfire > Recall > Homecoming > Capacitor > Reserve cell > Countershot > Reprisal > Tether rounds > Snapback > Cinder rounds > Crosswind > Flashpoint > Slipstream > Vector rounds > Afterburner > Icebreaker > Retrace > Wallrunner > Air Brake","coolant-rounds > mass-driver > drop-forge > fold > relay-gate > arc-coil > daisy-chain > ramjet > wrecking-ball > grindshot > corner-cutter > deep-freeze > magnum > scatter > rapid > ricochet > pierce > split > airshot > kick > leech > light > burst > backblast > banker > landing > slingshot > redline > breach > shatter > backfire > recall > homecoming > capacitor > reserve-cell > countershot > reprisal > tether > snapback > cinder > crosswind > flashpoint > slipstream > vector > afterburner > icebreaker > retrace > wallrunner > air-brake","https://caleb-guyer.github.io/recoil-foundry/?test=branches&combo=cryogenic.mass-driver.drop-forge.relay-gate.daisy-chain.wrecking-ball.corner-cutter.deep-freeze&v=2.74.0","https://caleb-guyer.github.io/recoil-foundry/?test=branches&combo=cryogenic.mass-driver.drop-forge.relay-gate.daisy-chain.wrecking-ball.corner-cutter.deep-freeze&room=boss&v=2.74.0","https://caleb-guyer.github.io/recoil-foundry/?test=branches&combo=cryogenic.mass-driver.drop-forge.relay-gate.daisy-chain.wrecking-ball.corner-cutter.deep-freeze&mirror=1&v=2.74.0"
"cryogenic.mass-driver.drop-forge.relay-gate.daisy-chain.wrecking-ball.corner-cutter.cold-snap","Cryogenic","Mass Driver","Drop Forge + Relay Gate + Daisy Chain + Wrecking Ball + Corner Cutter + Cold Snap","undefined","49","Coolant Rounds > Mass Driver > Drop Forge > Fold > Relay Gate > Arc Coil > Daisy Chain > Ramjet > Wrecking Ball > Grindshot > Corner Cutter > Cold Snap > Heavy hitter > Scattershot > Hair trigger > Bank shot > Punch through > Splinter > Airshot > Kickback > Bloodwork > Light frame > Burst fire > Backblast > Banker > Landing shot > Slingshot > Redline > Breach > Shatter > Backfire > Recall > Homecoming > Capacitor > Reserve cell > Countershot > Reprisal > Tether rounds > Snapback > Cinder rounds > Crosswind > Flashpoint > Slipstream > Vector rounds > Afterburner > Cold Front > Retrace > Wallrunner > Air Brake","coolant-rounds > mass-driver > drop-forge > fold > relay-gate > arc-coil > daisy-chain > ramjet > wrecking-ball > grindshot > corner-cutter > cold-snap > magnum > scatter > rapid > ricochet > pierce > split > airshot > kick > leech > light > burst > backblast > banker > landing > slingshot > redline > breach > shatter > backfire > recall > homecoming > capacitor > reserve-cell > countershot > reprisal > tether > snapback > cinder > crosswind > flashpoint > slipstream > vector > afterburner > cold-front > retrace > wallrunner > air-brake","https://caleb-guyer.github.io/recoil-foundry/?test=branches&combo=cryogenic.mass-driver.drop-forge.relay-gate.daisy-chain.wrecking-ball.corner-cutter.cold-snap&v=2.74.0","https://caleb-guyer.github.io/recoil-foundry/?test=branches&combo=cryogenic.mass-driver.drop-forge.relay-gate.daisy-chain.wrecking-ball.corner-cutter.cold-snap&room=boss&v=2.74.0","https://caleb-guyer.github.io/recoil-foundry/?test=branches&combo=cryogenic.mass-driver.drop-forge.relay-gate.daisy-chain.wrecking-ball.corner-cutter.cold-snap&mirror=1&v=2.74.0"
"cryogenic.mass-driver.drop-forge.relay-gate.daisy-chain.wrecking-ball.crosscut.deep-freeze","Cryogenic","Mass Driver","Drop Forge + Relay Gate + Daisy Chain + Wrecking Ball + Crosscut + Deep Freeze","undefined","49","Coolant Rounds > Mass Driver > Drop Forge > Fold > Relay Gate > Arc Coil > Daisy Chain > Ramjet > Wrecking Ball > Grindshot > Crosscut > Deep Freeze > Heavy hitter > Scattershot > Hair trigger > Bank shot > Punch through > Splinter > Airshot > Kickback > Bloodwork > Light frame > Burst fire > Backblast > Banker > Landing shot > Slingshot > Redline > Breach > Shatter > Backfire > Recall > Homecoming > Capacitor > Reserve cell > Countershot > Reprisal > Tether rounds > Snapback > Cinder rounds > Crosswind > Flashpoint > Slipstream > Vector rounds > Afterburner > Icebreaker > Retrace > Wallrunner > Air Brake","coolant-rounds > mass-driver > drop-forge > fold > relay-gate > arc-coil > daisy-chain > ramjet > wrecking-ball > grindshot > crosscut > deep-freeze > magnum > scatter > rapid > ricochet > pierce > split > airshot > kick > leech > light > burst > backblast > banker > landing > slingshot > redline > breach > shatter > backfire > recall > homecoming > capacitor > reserve-cell > countershot > reprisal > tether > snapback > cinder > crosswind > flashpoint > slipstream > vector > afterburner > icebreaker > retrace > wallrunner > air-brake","https://caleb-guyer.github.io/recoil-foundry/?test=branches&combo=cryogenic.mass-driver.drop-forge.relay-gate.daisy-chain.wrecking-ball.crosscut.deep-freeze&v=2.74.0","https://caleb-guyer.github.io/recoil-foundry/?test=branches&combo=cryogenic.mass-driver.drop-forge.relay-gate.daisy-chain.wrecking-ball.crosscut.deep-freeze&room=boss&v=2.74.0","https://caleb-guyer.github.io/recoil-foundry/?test=branches&combo=cryogenic.mass-driver.drop-forge.relay-gate.daisy-chain.wrecking-ball.crosscut.deep-freeze&mirror=1&v=2.74.0"
"cryogenic.mass-driver.drop-forge.relay-gate.daisy-chain.wrecking-ball.crosscut.cold-snap","Cryogenic","Mass Driver","Drop Forge + Relay Gate + Daisy Chain + Wrecking Ball + Crosscut + Cold Snap","undefined","49","Coolant Rounds > Mass Driver > Drop Forge > Fold > Relay Gate > Arc Coil > Daisy Chain > Ramjet > Wrecking Ball > Grindshot > Crosscut > Cold Snap > Heavy hitter > Scattershot > Hair trigger > Bank shot > Punch through > Splinter > Airshot > Kickback > Bloodwork > Light frame > Burst fire > Backblast > Banker > Landing shot > Slingshot > Redline > Breach > Shatter > Backfire > Recall > Homecoming > Capacitor > Reserve cell > Countershot > Reprisal > Tether rounds > Snapback > Cinder rounds > Crosswind > Flashpoint > Slipstream > Vector rounds > Afterburner > Cold Front > Retrace > Wallrunner > Air Brake","coolant-rounds > mass-driver > drop-forge > fold > relay-gate > arc-coil > daisy-chain > ramjet > wrecking-ball > grindshot > crosscut > cold-snap > magnum > scatter > rapid > ricochet > pierce > split > airshot > kick > leech > light > burst > backblast > banker > landing > slingshot > redline > breach > shatter > backfire > recall > homecoming > capacitor > reserve-cell > countershot > reprisal > tether > snapback > cinder > crosswind > flashpoint > slipstream > vector > afterburner > cold-front > retrace > wallrunner > air-brake","https://caleb-guyer.github.io/recoil-foundry/?test=branches&combo=cryogenic.mass-driver.drop-forge.relay-gate.daisy-chain.wrecking-ball.crosscut.cold-snap&v=2.74.0","https://caleb-guyer.github.io/recoil-foundry/?test=branches&combo=cryogenic.mass-driver.drop-forge.relay-gate.daisy-chain.wrecking-ball.crosscut.cold-snap&room=boss&v=2.74.0","https://caleb-guyer.github.io/recoil-foundry/?test=branches&combo=cryogenic.mass-driver.drop-forge.relay-gate.daisy-chain.wrecking-ball.crosscut.cold-snap&mirror=1&v=2.74.0"
"cryogenic.mass-driver.drop-forge.relay-gate.daisy-chain.triphammer.corner-cutter.deep-freeze","Cryogenic","Mass Driver","Drop Forge + Relay Gate + Daisy Chain + Triphammer + Corner Cutter + Deep Freeze","undefined","49","Coolant Rounds > Mass Driver > Drop Forge > Fold > Relay Gate > Arc Coil > Daisy Chain > Ramjet > Triphammer > Grindshot > Corner Cutter > Deep Freeze > Heavy hitter > Scattershot > Hair trigger > Bank shot > Punch through > Splinter > Airshot > Kickback > Bloodwork > Light frame > Burst fire > Backblast > Banker > Landing shot > Slingshot > Redline > Breach > Shatter > Backfire > Recall > Homecoming > Capacitor > Reserve cell > Countershot > Reprisal > Tether rounds > Snapback > Cinder rounds > Crosswind > Flashpoint > Slipstream > Vector rounds > Afterburner > Icebreaker > Retrace > Wallrunner > Air Brake","coolant-rounds > mass-driver > drop-forge > fold > relay-gate > arc-coil > daisy-chain > ramjet > triphammer > grindshot > corner-cutter > deep-freeze > magnum > scatter > rapid > ricochet > pierce > split > airshot > kick > leech > light > burst > backblast > banker > landing > slingshot > redline > breach > shatter > backfire > recall > homecoming > capacitor > reserve-cell > countershot > reprisal > tether > snapback > cinder > crosswind > flashpoint > slipstream > vector > afterburner > icebreaker > retrace > wallrunner > air-brake","https://caleb-guyer.github.io/recoil-foundry/?test=branches&combo=cryogenic.mass-driver.drop-forge.relay-gate.daisy-chain.triphammer.corner-cutter.deep-freeze&v=2.74.0","https://caleb-guyer.github.io/recoil-foundry/?test=branches&combo=cryogenic.mass-driver.drop-forge.relay-gate.daisy-chain.triphammer.corner-cutter.deep-freeze&room=boss&v=2.74.0","https://caleb-guyer.github.io/recoil-foundry/?test=branches&combo=cryogenic.mass-driver.drop-forge.relay-gate.daisy-chain.triphammer.corner-cutter.deep-freeze&mirror=1&v=2.74.0"
"cryogenic.mass-driver.drop-forge.relay-gate.daisy-chain.triphammer.corner-cutter.cold-snap","Cryogenic","Mass Driver","Drop Forge + Relay Gate + Daisy Chain + Triphammer + Corner Cutter + Cold Snap","undefined","49","Coolant Rounds > Mass Driver > Drop Forge > Fold > Relay Gate > Arc Coil > Daisy Chain > Ramjet > Triphammer > Grindshot > Corner Cutter > Cold Snap > Heavy hitter > Scattershot > Hair trigger > Bank shot > Punch through > Splinter > Airshot > Kickback > Bloodwork > Light frame > Burst fire > Backblast > Banker > Landing shot > Slingshot > Redline > Breach > Shatter > Backfire > Recall > Homecoming > Capacitor > Reserve cell > Countershot > Reprisal > Tether rounds > Snapback > Cinder rounds > Crosswind > Flashpoint > Slipstream > Vector rounds > Afterburner > Cold Front > Retrace > Wallrunner > Air Brake","coolant-rounds > mass-driver > drop-forge > fold > relay-gate > arc-coil > daisy-chain > ramjet > triphammer > grindshot > corner-cutter > cold-snap > magnum > scatter > rapid > ricochet > pierce > split > airshot > kick > leech > light > burst > backblast > banker > landing > slingshot > redline > breach > shatter > backfire > recall > homecoming > capacitor > reserve-cell > countershot > reprisal > tether > snapback > cinder > crosswind > flashpoint > slipstream > vector > afterburner > cold-front > retrace > wallrunner > air-brake","https://caleb-guyer.github.io/recoil-foundry/?test=branches&combo=cryogenic.mass-driver.drop-forge.relay-gate.daisy-chain.triphammer.corner-cutter.cold-snap&v=2.74.0","https://caleb-guyer.github.io/recoil-foundry/?test=branches&combo=cryogenic.mass-driver.drop-forge.relay-gate.daisy-chain.triphammer.corner-cutter.cold-snap&room=boss&v=2.74.0","https://caleb-guyer.github.io/recoil-foundry/?test=branches&combo=cryogenic.mass-driver.drop-forge.relay-gate.daisy-chain.triphammer.corner-cutter.cold-snap&mirror=1&v=2.74.0"
"cryogenic.mass-driver.drop-forge.relay-gate.daisy-chain.triphammer.crosscut.deep-freeze","Cryogenic","Mass Driver","Drop Forge + Relay Gate + Daisy Chain + Triphammer + Crosscut + Deep Freeze","undefined","49","Coolant Rounds > Mass Driver > Drop Forge > Fold > Relay Gate > Arc Coil > Daisy Chain > Ramjet > Triphammer > Grindshot > Crosscut > Deep Freeze > Heavy hitter > Scattershot > Hair trigger > Bank shot > Punch through > Splinter > Airshot > Kickback > Bloodwork > Light frame > Burst fire > Backblast > Banker > Landing shot > Slingshot > Redline > Breach > Shatter > Backfire > Recall > Homecoming > Capacitor > Reserve cell > Countershot > Reprisal > Tether rounds > Snapback > Cinder rounds > Crosswind > Flashpoint > Slipstream > Vector rounds > Afterburner > Icebreaker > Retrace > Wallrunner > Air Brake","coolant-rounds > mass-driver > drop-forge > fold > relay-gate > arc-coil > daisy-chain > ramjet > triphammer > grindshot > crosscut > deep-freeze > magnum > scatter > rapid > ricochet > pierce > split > airshot > kick > leech > light > burst > backblast > banker > landing > slingshot > redline > breach > shatter > backfire > recall > homecoming > capacitor > reserve-cell > countershot > reprisal > tether > snapback > cinder > crosswind > flashpoint > slipstream > vector > afterburner > icebreaker > retrace > wallrunner > air-brake","https://caleb-guyer.github.io/recoil-foundry/?test=branches&combo=cryogenic.mass-driver.drop-forge.relay-gate.daisy-chain.triphammer.crosscut.deep-freeze&v=2.74.0","https://caleb-guyer.github.io/recoil-foundry/?test=branches&combo=cryogenic.mass-driver.drop-forge.relay-gate.daisy-chain.triphammer.crosscut.deep-freeze&room=boss&v=2.74.0","https://caleb-guyer.github.io/recoil-foundry/?test=branches&combo=cryogenic.mass-driver.drop-forge.relay-gate.daisy-chain.triphammer.crosscut.deep-freeze&mirror=1&v=2.74.0"
"cryogenic.mass-driver.drop-forge.relay-gate.daisy-chain.triphammer.crosscut.cold-snap","Cryogenic","Mass Driver","Drop Forge + Relay Gate + Daisy Chain + Triphammer + Crosscut + Cold Snap","undefined","49","Coolant Rounds > Mass Driver > Drop Forge > Fold > Relay Gate > Arc Coil > Daisy Chain > Ramjet > Triphammer > Grindshot > Crosscut > Cold Snap > Heavy hitter > Scattershot > Hair trigger > Bank shot > Punch through > Splinter > Airshot > Kickback > Bloodwork > Light frame > Burst fire > Backblast > Banker > Landing shot > Slingshot > Redline > Breach > Shatter > Backfire > Recall > Homecoming > Capacitor > Reserve cell > Countershot > Reprisal > Tether rounds > Snapback > Cinder rounds > Crosswind > Flashpoint > Slipstream > Vector rounds > Afterburner > Cold Front > Retrace > Wallrunner > Air Brake","coolant-rounds > mass-driver > drop-forge > fold > relay-gate > arc-coil > daisy-chain > ramjet > triphammer > grindshot > crosscut > cold-snap > magnum > scatter > rapid > ricochet > pierce > split > airshot > kick > leech > light > burst > backblast > banker > landing > slingshot > redline > breach > shatter > backfire > recall > homecoming > capacitor > reserve-cell > countershot > reprisal > tether > snapback > cinder > crosswind > flashpoint > slipstream > vector > afterburner > cold-front > retrace > wallrunner > air-brake","https://caleb-guyer.github.io/recoil-foundry/?test=branches&combo=cryogenic.mass-driver.drop-forge.relay-gate.daisy-chain.triphammer.crosscut.cold-snap&v=2.74.0","https://caleb-guyer.github.io/recoil-foundry/?test=branches&combo=cryogenic.mass-driver.drop-forge.relay-gate.daisy-chain.triphammer.crosscut.cold-snap&room=boss&v=2.74.0","https://caleb-guyer.github.io/recoil-foundry/?test=branches&combo=cryogenic.mass-driver.drop-forge.relay-gate.daisy-chain.triphammer.crosscut.cold-snap&mirror=1&v=2.74.0"
"cryogenic.mass-driver.drop-forge.relay-gate.short-circuit.wrecking-ball.corner-cutter.deep-freeze","Cryogenic","Mass Driver","Drop Forge + Relay Gate + Short Circuit + Wrecking Ball + Corner Cutter + Deep Freeze","undefined","49","Coolant Rounds > Mass Driver > Drop Forge > Fold > Relay Gate > Arc Coil > Short Circuit > Ramjet > Wrecking Ball > Grindshot > Corner Cutter > Deep Freeze > Heavy hitter > Scattershot > Hair trigger > Bank shot > Punch through > Splinter > Airshot > Kickback > Bloodwork > Light frame > Burst fire > Backblast > Banker > Landing shot > Slingshot > Redline > Breach > Shatter > Backfire > Recall > Homecoming > Capacitor > Reserve cell > Countershot > Reprisal > Tether rounds > Snapback > Cinder rounds > Crosswind > Flashpoint > Slipstream > Vector rounds > Afterburner > Icebreaker > Retrace > Wallrunner > Air Brake","coolant-rounds > mass-driver > drop-forge > fold > relay-gate > arc-coil > short-circuit > ramjet > wrecking-ball > grindshot > corner-cutter > deep-freeze > magnum > scatter > rapid > ricochet > pierce > split > airshot > kick > leech > light > burst > backblast > banker > landing > slingshot > redline > breach > shatter > backfire > recall > homecoming > capacitor > reserve-cell > countershot > reprisal > tether > snapback > cinder > crosswind > flashpoint > slipstream > vector > afterburner > icebreaker > retrace > wallrunner > air-brake","https://caleb-guyer.github.io/recoil-foundry/?test=branches&combo=cryogenic.mass-driver.drop-forge.relay-gate.short-circuit.wrecking-ball.corner-cutter.deep-freeze&v=2.74.0","https://caleb-guyer.github.io/recoil-foundry/?test=branches&combo=cryogenic.mass-driver.drop-forge.relay-gate.short-circuit.wrecking-ball.corner-cutter.deep-freeze&room=boss&v=2.74.0","https://caleb-guyer.github.io/recoil-foundry/?test=branches&combo=cryogenic.mass-driver.drop-forge.relay-gate.short-circuit.wrecking-ball.corner-cutter.deep-freeze&mirror=1&v=2.74.0"
"cryogenic.mass-driver.drop-forge.relay-gate.short-circuit.wrecking-ball.corner-cutter.cold-snap","Cryogenic","Mass Driver","Drop Forge + Relay Gate + Short Circuit + Wrecking Ball + Corner Cutter + Cold Snap","undefined","49","Coolant Rounds > Mass Driver > Drop Forge > Fold > Relay Gate > Arc Coil > Short Circuit > Ramjet > Wrecking Ball > Grindshot > Corner Cutter > Cold Snap > Heavy hitter > Scattershot > Hair trigger > Bank shot > Punch through > Splinter > Airshot > Kickback > Bloodwork > Light frame > Burst fire > Backblast > Banker > Landing shot > Slingshot > Redline > Breach > Shatter > Backfire > Recall > Homecoming > Capacitor > Reserve cell > Countershot > Reprisal > Tether rounds > Snapback > Cinder rounds > Crosswind > Flashpoint > Slipstream > Vector rounds > Afterburner > Cold Front > Retrace > Wallrunner > Air Brake","coolant-rounds > mass-driver > drop-forge > fold > relay-gate > arc-coil > short-circuit > ramjet > wrecking-ball > grindshot > corner-cutter > cold-snap > magnum > scatter > rapid > ricochet > pierce > split > airshot > kick > leech > light > burst > backblast > banker > landing > slingshot > redline > breach > shatter > backfire > recall > homecoming > capacitor > reserve-cell > countershot > reprisal > tether > snapback > cinder > crosswind > flashpoint > slipstream > vector > afterburner > cold-front > retrace > wallrunner > air-brake","https://caleb-guyer.github.io/recoil-foundry/?test=branches&combo=cryogenic.mass-driver.drop-forge.relay-gate.short-circuit.wrecking-ball.corner-cutter.cold-snap&v=2.74.0","https://caleb-guyer.github.io/recoil-foundry/?test=branches&combo=cryogenic.mass-driver.drop-forge.relay-gate.short-circuit.wrecking-ball.corner-cutter.cold-snap&room=boss&v=2.74.0","https://caleb-guyer.github.io/recoil-foundry/?test=branches&combo=cryogenic.mass-driver.drop-forge.relay-gate.short-circuit.wrecking-ball.corner-cutter.cold-snap&mirror=1&v=2.74.0"
"cryogenic.mass-driver.drop-forge.relay-gate.short-circuit.wrecking-ball.crosscut.deep-freeze","Cryogenic","Mass Driver","Drop Forge + Relay Gate + Short Circuit + Wrecking Ball + Crosscut + Deep Freeze","undefined","49","Coolant Rounds > Mass Driver > Drop Forge > Fold > Relay Gate > Arc Coil > Short Circuit > Ramjet > Wrecking Ball > Grindshot > Crosscut > Deep Freeze > Heavy hitter > Scattershot > Hair trigger > Bank shot > Punch through > Splinter > Airshot > Kickback > Bloodwork > Light frame > Burst fire > Backblast > Banker > Landing shot > Slingshot > Redline > Breach > Shatter > Backfire > Recall > Homecoming > Capacitor > Reserve cell > Countershot > Reprisal > Tether rounds > Snapback > Cinder rounds > Crosswind > Flashpoint > Slipstream > Vector rounds > Afterburner > Icebreaker > Retrace > Wallrunner > Air Brake","coolant-rounds > mass-driver > drop-forge > fold > relay-gate > arc-coil > short-circuit > ramjet > wrecking-ball > grindshot > crosscut > deep-freeze > magnum > scatter > rapid > ricochet > pierce > split > airshot > kick > leech > light > burst > backblast > banker > landing > slingshot > redline > breach > shatter > backfire > recall > homecoming > capacitor > reserve-cell > countershot > reprisal > tether > snapback > cinder > crosswind > flashpoint > slipstream > vector > afterburner > icebreaker > retrace > wallrunner > air-brake","https://caleb-guyer.github.io/recoil-foundry/?test=branches&combo=cryogenic.mass-driver.drop-forge.relay-gate.short-circuit.wrecking-ball.crosscut.deep-freeze&v=2.74.0","https://caleb-guyer.github.io/recoil-foundry/?test=branches&combo=cryogenic.mass-driver.drop-forge.relay-gate.short-circuit.wrecking-ball.crosscut.deep-freeze&room=boss&v=2.74.0","https://caleb-guyer.github.io/recoil-foundry/?test=branches&combo=cryogenic.mass-driver.drop-forge.relay-gate.short-circuit.wrecking-ball.crosscut.deep-freeze&mirror=1&v=2.74.0"
"cryogenic.mass-driver.drop-forge.relay-gate.short-circuit.wrecking-ball.crosscut.cold-snap","Cryogenic","Mass Driver","Drop Forge + Relay Gate + Short Circuit + Wrecking Ball + Crosscut + Cold Snap","undefined","49","Coolant Rounds > Mass Driver > Drop Forge > Fold > Relay Gate > Arc Coil > Short Circuit > Ramjet > Wrecking Ball > Grindshot > Crosscut > Cold Snap > Heavy hitter > Scattershot > Hair trigger > Bank shot > Punch through > Splinter > Airshot > Kickback > Bloodwork > Light frame > Burst fire > Backblast > Banker > Landing shot > Slingshot > Redline > Breach > Shatter > Backfire > Recall > Homecoming > Capacitor > Reserve cell > Countershot > Reprisal > Tether rounds > Snapback > Cinder rounds > Crosswind > Flashpoint > Slipstream > Vector rounds > Afterburner > Cold Front > Retrace > Wallrunner > Air Brake","coolant-rounds > mass-driver > drop-forge > fold > relay-gate > arc-coil > short-circuit > ramjet > wrecking-ball > grindshot > crosscut > cold-snap > magnum > scatter > rapid > ricochet > pierce > split > airshot > kick > leech > light > burst > backblast > banker > landing > slingshot > redline > breach > shatter > backfire > recall > homecoming > capacitor > reserve-cell > countershot > reprisal > tether > snapback > cinder > crosswind > flashpoint > slipstream > vector > afterburner > cold-front > retrace > wallrunner > air-brake","https://caleb-guyer.github.io/recoil-foundry/?test=branches&combo=cryogenic.mass-driver.drop-forge.relay-gate.short-circuit.wrecking-ball.crosscut.cold-snap&v=2.74.0","https://caleb-guyer.github.io/recoil-foundry/?test=branches&combo=cryogenic.mass-driver.drop-forge.relay-gate.short-circuit.wrecking-ball.crosscut.cold-snap&room=boss&v=2.74.0","https://caleb-guyer.github.io/recoil-foundry/?test=branches&combo=cryogenic.mass-driver.drop-forge.relay-gate.short-circuit.wrecking-ball.crosscut.cold-snap&mirror=1&v=2.74.0"
"cryogenic.mass-driver.drop-forge.relay-gate.short-circuit.triphammer.corner-cutter.deep-freeze","Cryogenic","Mass Driver","Drop Forge + Relay Gate + Short Circuit + Triphammer + Corner Cutter + Deep Freeze","undefined","49","Coolant Rounds > Mass Driver > Drop Forge > Fold > Relay Gate > Arc Coil > Short Circuit > Ramjet > Triphammer > Grindshot > Corner Cutter > Deep Freeze > Heavy hitter > Scattershot > Hair trigger > Bank shot > Punch through > Splinter > Airshot > Kickback > Bloodwork > Light frame > Burst fire > Backblast > Banker > Landing shot > Slingshot > Redline > Breach > Shatter > Backfire > Recall > Homecoming > Capacitor > Reserve cell > Countershot > Reprisal > Tether rounds > Snapback > Cinder rounds > Crosswind > Flashpoint > Slipstream > Vector rounds > Afterburner > Icebreaker > Retrace > Wallrunner > Air Brake","coolant-rounds > mass-driver > drop-forge > fold > relay-gate > arc-coil > short-circuit > ramjet > triphammer > grindshot > corner-cutter > deep-freeze > magnum > scatter > rapid > ricochet > pierce > split > airshot > kick > leech > light > burst > backblast > banker > landing > slingshot > redline > breach > shatter > backfire > recall > homecoming > capacitor > reserve-cell > countershot > reprisal > tether > snapback > cinder > crosswind > flashpoint > slipstream > vector > afterburner > icebreaker > retrace > wallrunner > air-brake","https://caleb-guyer.github.io/recoil-foundry/?test=branches&combo=cryogenic.mass-driver.drop-forge.relay-gate.short-circuit.triphammer.corner-cutter.deep-freeze&v=2.74.0","https://caleb-guyer.github.io/recoil-foundry/?test=branches&combo=cryogenic.mass-driver.drop-forge.relay-gate.short-circuit.triphammer.corner-cutter.deep-freeze&room=boss&v=2.74.0","https://caleb-guyer.github.io/recoil-foundry/?test=branches&combo=cryogenic.mass-driver.drop-forge.relay-gate.short-circuit.triphammer.corner-cutter.deep-freeze&mirror=1&v=2.74.0"
"cryogenic.mass-driver.drop-forge.relay-gate.short-circuit.triphammer.corner-cutter.cold-snap","Cryogenic","Mass Driver","Drop Forge + Relay Gate + Short Circuit + Triphammer + Corner Cutter + Cold Snap","undefined","49","Coolant Rounds > Mass Driver > Drop Forge > Fold > Relay Gate > Arc Coil > Short Circuit > Ramjet > Triphammer > Grindshot > Corner Cutter > Cold Snap > Heavy hitter > Scattershot > Hair trigger > Bank shot > Punch through > Splinter > Airshot > Kickback > Bloodwork > Light frame > Burst fire > Backblast > Banker > Landing shot > Slingshot > Redline > Breach > Shatter > Backfire > Recall > Homecoming > Capacitor > Reserve cell > Countershot > Reprisal > Tether rounds > Snapback > Cinder rounds > Crosswind > Flashpoint > Slipstream > Vector rounds > Afterburner > Cold Front > Retrace > Wallrunner > Air Brake","coolant-rounds > mass-driver > drop-forge > fold > relay-gate > arc-coil > short-circuit > ramjet > triphammer > grindshot > corner-cutter > cold-snap > magnum > scatter > rapid > ricochet > pierce > split > airshot > kick > leech > light > burst > backblast > banker > landing > slingshot > redline > breach > shatter > backfire > recall > homecoming > capacitor > reserve-cell > countershot > reprisal > tether > snapback > cinder > crosswind > flashpoint > slipstream > vector > afterburner > cold-front > retrace > wallrunner > air-brake","https://caleb-guyer.github.io/recoil-foundry/?test=branches&combo=cryogenic.mass-driver.drop-forge.relay-gate.short-circuit.triphammer.corner-cutter.cold-snap&v=2.74.0","https://caleb-guyer.github.io/recoil-foundry/?test=branches&combo=cryogenic.mass-driver.drop-forge.relay-gate.short-circuit.triphammer.corner-cutter.cold-snap&room=boss&v=2.74.0","https://caleb-guyer.github.io/recoil-foundry/?test=branches&combo=cryogenic.mass-driver.drop-forge.relay-gate.short-circuit.triphammer.corner-cutter.cold-snap&mirror=1&v=2.74.0"
"cryogenic.mass-driver.drop-forge.relay-gate.short-circuit.triphammer.crosscut.deep-freeze","Cryogenic","Mass Driver","Drop Forge + Relay Gate + Short Circuit + Triphammer + Crosscut + Deep Freeze","undefined","49","Coolant Rounds > Mass Driver > Drop Forge > Fold > Relay Gate > Arc Coil > Short Circuit > Ramjet > Triphammer > Grindshot > Crosscut > Deep Freeze > Heavy hitter > Scattershot > Hair trigger > Bank shot > Punch through > Splinter > Airshot > Kickback > Bloodwork > Light frame > Burst fire > Backblast > Banker > Landing shot > Slingshot > Redline > Breach > Shatter > Backfire > Recall > Homecoming > Capacitor > Reserve cell > Countershot > Reprisal > Tether rounds > Snapback > Cinder rounds > Crosswind > Flashpoint > Slipstream > Vector rounds > Afterburner > Icebreaker > Retrace > Wallrunner > Air Brake","coolant-rounds > mass-driver > drop-forge > fold > relay-gate > arc-coil > short-circuit > ramjet > triphammer > grindshot > crosscut > deep-freeze > magnum > scatter > rapid > ricochet > pierce > split > airshot > kick > leech > light > burst > backblast > banker > landing > slingshot > redline > breach > shatter > backfire > recall > homecoming > capacitor > reserve-cell > countershot > reprisal > tether > snapback > cinder > crosswind > flashpoint > slipstream > vector > afterburner > icebreaker > retrace > wallrunner > air-brake","https://caleb-guyer.github.io/recoil-foundry/?test=branches&combo=cryogenic.mass-driver.drop-forge.relay-gate.short-circuit.triphammer.crosscut.deep-freeze&v=2.74.0","https://caleb-guyer.github.io/recoil-foundry/?test=branches&combo=cryogenic.mass-driver.drop-forge.relay-gate.short-circuit.triphammer.crosscut.deep-freeze&room=boss&v=2.74.0","https://caleb-guyer.github.io/recoil-foundry/?test=branches&combo=cryogenic.mass-driver.drop-forge.relay-gate.short-circuit.triphammer.crosscut.deep-freeze&mirror=1&v=2.74.0"
"cryogenic.mass-driver.drop-forge.relay-gate.short-circuit.triphammer.crosscut.cold-snap","Cryogenic","Mass Driver","Drop Forge + Relay Gate + Short Circuit + Triphammer + Crosscut + Cold Snap","undefined","49","Coolant Rounds > Mass Driver > Drop Forge > Fold > Relay Gate > Arc Coil > Short Circuit > Ramjet > Triphammer > Grindshot > Crosscut > Cold Snap > Heavy hitter > Scattershot > Hair trigger > Bank shot > Punch through > Splinter > Airshot > Kickback > Bloodwork > Light frame > Burst fire > Backblast > Banker > Landing shot > Slingshot > Redline > Breach > Shatter > Backfire > Recall > Homecoming > Capacitor > Reserve cell > Countershot > Reprisal > Tether rounds > Snapback > Cinder rounds > Crosswind > Flashpoint > Slipstream > Vector rounds > Afterburner > Cold Front > Retrace > Wallrunner > Air Brake","coolant-rounds > mass-driver > drop-forge > fold > relay-gate > arc-coil > short-circuit > ramjet > triphammer > grindshot > crosscut > cold-snap > magnum > scatter > rapid > ricochet > pierce > split > airshot > kick > leech > light > burst > backblast > banker > landing > slingshot > redline > breach > shatter > backfire > recall > homecoming > capacitor > reserve-cell > countershot > reprisal > tether > snapback > cinder > crosswind > flashpoint > slipstream > vector > afterburner > cold-front > retrace > wallrunner > air-brake","https://caleb-guyer.github.io/recoil-foundry/?test=branches&combo=cryogenic.mass-driver.drop-forge.relay-gate.short-circuit.triphammer.crosscut.cold-snap&v=2.74.0","https://caleb-guyer.github.io/recoil-foundry/?test=branches&combo=cryogenic.mass-driver.drop-forge.relay-gate.short-circuit.triphammer.crosscut.cold-snap&room=boss&v=2.74.0","https://caleb-guyer.github.io/recoil-foundry/?test=branches&combo=cryogenic.mass-driver.drop-forge.relay-gate.short-circuit.triphammer.crosscut.cold-snap&mirror=1&v=2.74.0"
"cryogenic.mass-driver.skid-plate.rewire.daisy-chain.wrecking-ball.corner-cutter.deep-freeze","Cryogenic","Mass Driver","Skid Plate + Rewire + Daisy Chain + Wrecking Ball + Corner Cutter + Deep Freeze","undefined","49","Coolant Rounds > Mass Driver > Skid Plate > Fold > Rewire > Arc Coil > Daisy Chain > Ramjet > Wrecking Ball > Grindshot > Corner Cutter > Deep Freeze > Heavy hitter > Scattershot > Hair trigger > Bank shot > Punch through > Splinter > Airshot > Kickback > Bloodwork > Light frame > Burst fire > Backblast > Banker > Landing shot > Slingshot > Redline > Breach > Shatter > Backfire > Recall > Homecoming > Capacitor > Reserve cell > Countershot > Reprisal > Tether rounds > Snapback > Cinder rounds > Crosswind > Flashpoint > Slipstream > Vector rounds > Afterburner > Icebreaker > Retrace > Wallrunner > Air Brake","coolant-rounds > mass-driver > skid-plate > fold > rewire > arc-coil > daisy-chain > ramjet > wrecking-ball > grindshot > corner-cutter > deep-freeze > magnum > scatter > rapid > ricochet > pierce > split > airshot > kick > leech > light > burst > backblast > banker > landing > slingshot > redline > breach > shatter > backfire > recall > homecoming > capacitor > reserve-cell > countershot > reprisal > tether > snapback > cinder > crosswind > flashpoint > slipstream > vector > afterburner > icebreaker > retrace > wallrunner > air-brake","https://caleb-guyer.github.io/recoil-foundry/?test=branches&combo=cryogenic.mass-driver.skid-plate.rewire.daisy-chain.wrecking-ball.corner-cutter.deep-freeze&v=2.74.0","https://caleb-guyer.github.io/recoil-foundry/?test=branches&combo=cryogenic.mass-driver.skid-plate.rewire.daisy-chain.wrecking-ball.corner-cutter.deep-freeze&room=boss&v=2.74.0","https://caleb-guyer.github.io/recoil-foundry/?test=branches&combo=cryogenic.mass-driver.skid-plate.rewire.daisy-chain.wrecking-ball.corner-cutter.deep-freeze&mirror=1&v=2.74.0"
"cryogenic.mass-driver.skid-plate.rewire.daisy-chain.wrecking-ball.corner-cutter.cold-snap","Cryogenic","Mass Driver","Skid Plate + Rewire + Daisy Chain + Wrecking Ball + Corner Cutter + Cold Snap","undefined","49","Coolant Rounds > Mass Driver > Skid Plate > Fold > Rewire > Arc Coil > Daisy Chain > Ramjet > Wrecking Ball > Grindshot > Corner Cutter > Cold Snap > Heavy hitter > Scattershot > Hair trigger > Bank shot > Punch through > Splinter > Airshot > Kickback > Bloodwork > Light frame > Burst fire > Backblast > Banker > Landing shot > Slingshot > Redline > Breach > Shatter > Backfire > Recall > Homecoming > Capacitor > Reserve cell > Countershot > Reprisal > Tether rounds > Snapback > Cinder rounds > Crosswind > Flashpoint > Slipstream > Vector rounds > Afterburner > Cold Front > Retrace > Wallrunner > Air Brake","coolant-rounds > mass-driver > skid-plate > fold > rewire > arc-coil > daisy-chain > ramjet > wrecking-ball > grindshot > corner-cutter > cold-snap > magnum > scatter > rapid > ricochet > pierce > split > airshot > kick > leech > light > burst > backblast > banker > landing > slingshot > redline > breach > shatter > backfire > recall > homecoming > capacitor > reserve-cell > countershot > reprisal > tether > snapback > cinder > crosswind > flashpoint > slipstream > vector > afterburner > cold-front > retrace > wallrunner > air-brake","https://caleb-guyer.github.io/recoil-foundry/?test=branches&combo=cryogenic.mass-driver.skid-plate.rewire.daisy-chain.wrecking-ball.corner-cutter.cold-snap&v=2.74.0","https://caleb-guyer.github.io/recoil-foundry/?test=branches&combo=cryogenic.mass-driver.skid-plate.rewire.daisy-chain.wrecking-ball.corner-cutter.cold-snap&room=boss&v=2.74.0","https://caleb-guyer.github.io/recoil-foundry/?test=branches&combo=cryogenic.mass-driver.skid-plate.rewire.daisy-chain.wrecking-ball.corner-cutter.cold-snap&mirror=1&v=2.74.0"
"cryogenic.mass-driver.skid-plate.rewire.daisy-chain.wrecking-ball.crosscut.deep-freeze","Cryogenic","Mass Driver","Skid Plate + Rewire + Daisy Chain + Wrecking Ball + Crosscut + Deep Freeze","Flywheel","50","Coolant Rounds > Mass Driver > Skid Plate > Fold > Rewire > Arc Coil > Daisy Chain > Ramjet > Wrecking Ball > Grindshot > Crosscut > Deep Freeze > Flywheel > Heavy hitter > Scattershot > Hair trigger > Bank shot > Punch through > Splinter > Airshot > Kickback > Bloodwork > Light frame > Burst fire > Backblast > Banker > Landing shot > Slingshot > Redline > Breach > Shatter > Backfire > Recall > Homecoming > Capacitor > Reserve cell > Countershot > Reprisal > Tether rounds > Snapback > Cinder rounds > Crosswind > Flashpoint > Slipstream > Vector rounds > Afterburner > Icebreaker > Retrace > Wallrunner > Air Brake","coolant-rounds > mass-driver > skid-plate > fold > rewire > arc-coil > daisy-chain > ramjet > wrecking-ball > grindshot > crosscut > deep-freeze > flywheel > magnum > scatter > rapid > ricochet > pierce > split > airshot > kick > leech > light > burst > backblast > banker > landing > slingshot > redline > breach > shatter > backfire > recall > homecoming > capacitor > reserve-cell > countershot > reprisal > tether > snapback > cinder > crosswind > flashpoint > slipstream > vector > afterburner > icebreaker > retrace > wallrunner > air-brake","https://caleb-guyer.github.io/recoil-foundry/?test=branches&combo=cryogenic.mass-driver.skid-plate.rewire.daisy-chain.wrecking-ball.crosscut.deep-freeze&v=2.74.0","https://caleb-guyer.github.io/recoil-foundry/?test=branches&combo=cryogenic.mass-driver.skid-plate.rewire.daisy-chain.wrecking-ball.crosscut.deep-freeze&room=boss&v=2.74.0","https://caleb-guyer.github.io/recoil-foundry/?test=branches&combo=cryogenic.mass-driver.skid-plate.rewire.daisy-chain.wrecking-ball.crosscut.deep-freeze&mirror=1&v=2.74.0"
"cryogenic.mass-driver.skid-plate.rewire.daisy-chain.wrecking-ball.crosscut.cold-snap","Cryogenic","Mass Driver","Skid Plate + Rewire + Daisy Chain + Wrecking Ball + Crosscut + Cold Snap","Flywheel","50","Coolant Rounds > Mass Driver > Skid Plate > Fold > Rewire > Arc Coil > Daisy Chain > Ramjet > Wrecking Ball > Grindshot > Crosscut > Cold Snap > Flywheel > Heavy hitter > Scattershot > Hair trigger > Bank shot > Punch through > Splinter > Airshot > Kickback > Bloodwork > Light frame > Burst fire > Backblast > Banker > Landing shot > Slingshot > Redline > Breach > Shatter > Backfire > Recall > Homecoming > Capacitor > Reserve cell > Countershot > Reprisal > Tether rounds > Snapback > Cinder rounds > Crosswind > Flashpoint > Slipstream > Vector rounds > Afterburner > Cold Front > Retrace > Wallrunner > Air Brake","coolant-rounds > mass-driver > skid-plate > fold > rewire > arc-coil > daisy-chain > ramjet > wrecking-ball > grindshot > crosscut > cold-snap > flywheel > magnum > scatter > rapid > ricochet > pierce > split > airshot > kick > leech > light > burst > backblast > banker > landing > slingshot > redline > breach > shatter > backfire > recall > homecoming > capacitor > reserve-cell > countershot > reprisal > tether > snapback > cinder > crosswind > flashpoint > slipstream > vector > afterburner > cold-front > retrace > wallrunner > air-brake","https://caleb-guyer.github.io/recoil-foundry/?test=branches&combo=cryogenic.mass-driver.skid-plate.rewire.daisy-chain.wrecking-ball.crosscut.cold-snap&v=2.74.0","https://caleb-guyer.github.io/recoil-foundry/?test=branches&combo=cryogenic.mass-driver.skid-plate.rewire.daisy-chain.wrecking-ball.crosscut.cold-snap&room=boss&v=2.74.0","https://caleb-guyer.github.io/recoil-foundry/?test=branches&combo=cryogenic.mass-driver.skid-plate.rewire.daisy-chain.wrecking-ball.crosscut.cold-snap&mirror=1&v=2.74.0"
"cryogenic.mass-driver.skid-plate.rewire.daisy-chain.triphammer.corner-cutter.deep-freeze","Cryogenic","Mass Driver","Skid Plate + Rewire + Daisy Chain + Triphammer + Corner Cutter + Deep Freeze","undefined","49","Coolant Rounds > Mass Driver > Skid Plate > Fold > Rewire > Arc Coil > Daisy Chain > Ramjet > Triphammer > Grindshot > Corner Cutter > Deep Freeze > Heavy hitter > Scattershot > Hair trigger > Bank shot > Punch through > Splinter > Airshot > Kickback > Bloodwork > Light frame > Burst fire > Backblast > Banker > Landing shot > Slingshot > Redline > Breach > Shatter > Backfire > Recall > Homecoming > Capacitor > Reserve cell > Countershot > Reprisal > Tether rounds > Snapback > Cinder rounds > Crosswind > Flashpoint > Slipstream > Vector rounds > Afterburner > Icebreaker > Retrace > Wallrunner > Air Brake","coolant-rounds > mass-driver > skid-plate > fold > rewire > arc-coil > daisy-chain > ramjet > triphammer > grindshot > corner-cutter > deep-freeze > magnum > scatter > rapid > ricochet > pierce > split > airshot > kick > leech > light > burst > backblast > banker > landing > slingshot > redline > breach > shatter > backfire > recall > homecoming > capacitor > reserve-cell > countershot > reprisal > tether > snapback > cinder > crosswind > flashpoint > slipstream > vector > afterburner > icebreaker > retrace > wallrunner > air-brake","https://caleb-guyer.github.io/recoil-foundry/?test=branches&combo=cryogenic.mass-driver.skid-plate.rewire.daisy-chain.triphammer.corner-cutter.deep-freeze&v=2.74.0","https://caleb-guyer.github.io/recoil-foundry/?test=branches&combo=cryogenic.mass-driver.skid-plate.rewire.daisy-chain.triphammer.corner-cutter.deep-freeze&room=boss&v=2.74.0","https://caleb-guyer.github.io/recoil-foundry/?test=branches&combo=cryogenic.mass-driver.skid-plate.rewire.daisy-chain.triphammer.corner-cutter.deep-freeze&mirror=1&v=2.74.0"
"cryogenic.mass-driver.skid-plate.rewire.daisy-chain.triphammer.corner-cutter.cold-snap","Cryogenic","Mass Driver","Skid Plate + Rewire + Daisy Chain + Triphammer + Corner Cutter + Cold Snap","undefined","49","Coolant Rounds > Mass Driver > Skid Plate > Fold > Rewire > Arc Coil > Daisy Chain > Ramjet > Triphammer > Grindshot > Corner Cutter > Cold Snap > Heavy hitter > Scattershot > Hair trigger > Bank shot > Punch through > Splinter > Airshot > Kickback > Bloodwork > Light frame > Burst fire > Backblast > Banker > Landing shot > Slingshot > Redline > Breach > Shatter > Backfire > Recall > Homecoming > Capacitor > Reserve cell > Countershot > Reprisal > Tether rounds > Snapback > Cinder rounds > Crosswind > Flashpoint > Slipstream > Vector rounds > Afterburner > Cold Front > Retrace > Wallrunner > Air Brake","coolant-rounds > mass-driver > skid-plate > fold > rewire > arc-coil > daisy-chain > ramjet > triphammer > grindshot > corner-cutter > cold-snap > magnum > scatter > rapid > ricochet > pierce > split > airshot > kick > leech > light > burst > backblast > banker > landing > slingshot > redline > breach > shatter > backfire > recall > homecoming > capacitor > reserve-cell > countershot > reprisal > tether > snapback > cinder > crosswind > flashpoint > slipstream > vector > afterburner > cold-front > retrace > wallrunner > air-brake","https://caleb-guyer.github.io/recoil-foundry/?test=branches&combo=cryogenic.mass-driver.skid-plate.rewire.daisy-chain.triphammer.corner-cutter.cold-snap&v=2.74.0","https://caleb-guyer.github.io/recoil-foundry/?test=branches&combo=cryogenic.mass-driver.skid-plate.rewire.daisy-chain.triphammer.corner-cutter.cold-snap&room=boss&v=2.74.0","https://caleb-guyer.github.io/recoil-foundry/?test=branches&combo=cryogenic.mass-driver.skid-plate.rewire.daisy-chain.triphammer.corner-cutter.cold-snap&mirror=1&v=2.74.0"
"cryogenic.mass-driver.skid-plate.rewire.daisy-chain.triphammer.crosscut.deep-freeze","Cryogenic","Mass Driver","Skid Plate + Rewire + Daisy Chain + Triphammer + Crosscut + Deep Freeze","Flywheel","50","Coolant Rounds > Mass Driver > Skid Plate > Fold > Rewire > Arc Coil > Daisy Chain > Ramjet > Triphammer > Grindshot > Crosscut > Deep Freeze > Flywheel > Heavy hitter > Scattershot > Hair trigger > Bank shot > Punch through > Splinter > Airshot > Kickback > Bloodwork > Light frame > Burst fire > Backblast > Banker > Landing shot > Slingshot > Redline > Breach > Shatter > Backfire > Recall > Homecoming > Capacitor > Reserve cell > Countershot > Reprisal > Tether rounds > Snapback > Cinder rounds > Crosswind > Flashpoint > Slipstream > Vector rounds > Afterburner > Icebreaker > Retrace > Wallrunner > Air Brake","coolant-rounds > mass-driver > skid-plate > fold > rewire > arc-coil > daisy-chain > ramjet > triphammer > grindshot > crosscut > deep-freeze > flywheel > magnum > scatter > rapid > ricochet > pierce > split > airshot > kick > leech > light > burst > backblast > banker > landing > slingshot > redline > breach > shatter > backfire > recall > homecoming > capacitor > reserve-cell > countershot > reprisal > tether > snapback > cinder > crosswind > flashpoint > slipstream > vector > afterburner > icebreaker > retrace > wallrunner > air-brake","https://caleb-guyer.github.io/recoil-foundry/?test=branches&combo=cryogenic.mass-driver.skid-plate.rewire.daisy-chain.triphammer.crosscut.deep-freeze&v=2.74.0","https://caleb-guyer.github.io/recoil-foundry/?test=branches&combo=cryogenic.mass-driver.skid-plate.rewire.daisy-chain.triphammer.crosscut.deep-freeze&room=boss&v=2.74.0","https://caleb-guyer.github.io/recoil-foundry/?test=branches&combo=cryogenic.mass-driver.skid-plate.rewire.daisy-chain.triphammer.crosscut.deep-freeze&mirror=1&v=2.74.0"
"cryogenic.mass-driver.skid-plate.rewire.daisy-chain.triphammer.crosscut.cold-snap","Cryogenic","Mass Driver","Skid Plate + Rewire + Daisy Chain + Triphammer + Crosscut + Cold Snap","Flywheel","50","Coolant Rounds > Mass Driver > Skid Plate > Fold > Rewire > Arc Coil > Daisy Chain > Ramjet > Triphammer > Grindshot > Crosscut > Cold Snap > Flywheel > Heavy hitter > Scattershot > Hair trigger > Bank shot > Punch through > Splinter > Airshot > Kickback > Bloodwork > Light frame > Burst fire > Backblast > Banker > Landing shot > Slingshot > Redline > Breach > Shatter > Backfire > Recall > Homecoming > Capacitor > Reserve cell > Countershot > Reprisal > Tether rounds > Snapback > Cinder rounds > Crosswind > Flashpoint > Slipstream > Vector rounds > Afterburner > Cold Front > Retrace > Wallrunner > Air Brake","coolant-rounds > mass-driver > skid-plate > fold > rewire > arc-coil > daisy-chain > ramjet > triphammer > grindshot > crosscut > cold-snap > flywheel > magnum > scatter > rapid > ricochet > pierce > split > airshot > kick > leech > light > burst > backblast > banker > landing > slingshot > redline > breach > shatter > backfire > recall > homecoming > capacitor > reserve-cell > countershot > reprisal > tether > snapback > cinder > crosswind > flashpoint > slipstream > vector > afterburner > cold-front > retrace > wallrunner > air-brake","https://caleb-guyer.github.io/recoil-foundry/?test=branches&combo=cryogenic.mass-driver.skid-plate.rewire.daisy-chain.triphammer.crosscut.cold-snap&v=2.74.0","https://caleb-guyer.github.io/recoil-foundry/?test=branches&combo=cryogenic.mass-driver.skid-plate.rewire.daisy-chain.triphammer.crosscut.cold-snap&room=boss&v=2.74.0","https://caleb-guyer.github.io/recoil-foundry/?test=branches&combo=cryogenic.mass-driver.skid-plate.rewire.daisy-chain.triphammer.crosscut.cold-snap&mirror=1&v=2.74.0"
"cryogenic.mass-driver.skid-plate.rewire.short-circuit.wrecking-ball.corner-cutter.deep-freeze","Cryogenic","Mass Driver","Skid Plate + Rewire + Short Circuit + Wrecking Ball + Corner Cutter + Deep Freeze","undefined","49","Coolant Rounds > Mass Driver > Skid Plate > Fold > Rewire > Arc Coil > Short Circuit > Ramjet > Wrecking Ball > Grindshot > Corner Cutter > Deep Freeze > Heavy hitter > Scattershot > Hair trigger > Bank shot > Punch through > Splinter > Airshot > Kickback > Bloodwork > Light frame > Burst fire > Backblast > Banker > Landing shot > Slingshot > Redline > Breach > Shatter > Backfire > Recall > Homecoming > Capacitor > Reserve cell > Countershot > Reprisal > Tether rounds > Snapback > Cinder rounds > Crosswind > Flashpoint > Slipstream > Vector rounds > Afterburner > Icebreaker > Retrace > Wallrunner > Air Brake","coolant-rounds > mass-driver > skid-plate > fold > rewire > arc-coil > short-circuit > ramjet > wrecking-ball > grindshot > corner-cutter > deep-freeze > magnum > scatter > rapid > ricochet > pierce > split > airshot > kick > leech > light > burst > backblast > banker > landing > slingshot > redline > breach > shatter > backfire > recall > homecoming > capacitor > reserve-cell > countershot > reprisal > tether > snapback > cinder > crosswind > flashpoint > slipstream > vector > afterburner > icebreaker > retrace > wallrunner > air-brake","https://caleb-guyer.github.io/recoil-foundry/?test=branches&combo=cryogenic.mass-driver.skid-plate.rewire.short-circuit.wrecking-ball.corner-cutter.deep-freeze&v=2.74.0","https://caleb-guyer.github.io/recoil-foundry/?test=branches&combo=cryogenic.mass-driver.skid-plate.rewire.short-circuit.wrecking-ball.corner-cutter.deep-freeze&room=boss&v=2.74.0","https://caleb-guyer.github.io/recoil-foundry/?test=branches&combo=cryogenic.mass-driver.skid-plate.rewire.short-circuit.wrecking-ball.corner-cutter.deep-freeze&mirror=1&v=2.74.0"
"cryogenic.mass-driver.skid-plate.rewire.short-circuit.wrecking-ball.corner-cutter.cold-snap","Cryogenic","Mass Driver","Skid Plate + Rewire + Short Circuit + Wrecking Ball + Corner Cutter + Cold Snap","undefined","49","Coolant Rounds > Mass Driver > Skid Plate > Fold > Rewire > Arc Coil > Short Circuit > Ramjet > Wrecking Ball > Grindshot > Corner Cutter > Cold Snap > Heavy hitter > Scattershot > Hair trigger > Bank shot > Punch through > Splinter > Airshot > Kickback > Bloodwork > Light frame > Burst fire > Backblast > Banker > Landing shot > Slingshot > Redline > Breach > Shatter > Backfire > Recall > Homecoming > Capacitor > Reserve cell > Countershot > Reprisal > Tether rounds > Snapback > Cinder rounds > Crosswind > Flashpoint > Slipstream > Vector rounds > Afterburner > Cold Front > Retrace > Wallrunner > Air Brake","coolant-rounds > mass-driver > skid-plate > fold > rewire > arc-coil > short-circuit > ramjet > wrecking-ball > grindshot > corner-cutter > cold-snap > magnum > scatter > rapid > ricochet > pierce > split > airshot > kick > leech > light > burst > backblast > banker > landing > slingshot > redline > breach > shatter > backfire > recall > homecoming > capacitor > reserve-cell > countershot > reprisal > tether > snapback > cinder > crosswind > flashpoint > slipstream > vector > afterburner > cold-front > retrace > wallrunner > air-brake","https://caleb-guyer.github.io/recoil-foundry/?test=branches&combo=cryogenic.mass-driver.skid-plate.rewire.short-circuit.wrecking-ball.corner-cutter.cold-snap&v=2.74.0","https://caleb-guyer.github.io/recoil-foundry/?test=branches&combo=cryogenic.mass-driver.skid-plate.rewire.short-circuit.wrecking-ball.corner-cutter.cold-snap&room=boss&v=2.74.0","https://caleb-guyer.github.io/recoil-foundry/?test=branches&combo=cryogenic.mass-driver.skid-plate.rewire.short-circuit.wrecking-ball.corner-cutter.cold-snap&mirror=1&v=2.74.0"
"cryogenic.mass-driver.skid-plate.rewire.short-circuit.wrecking-ball.crosscut.deep-freeze","Cryogenic","Mass Driver","Skid Plate + Rewire + Short Circuit + Wrecking Ball + Crosscut + Deep Freeze","Flywheel","50","Coolant Rounds > Mass Driver > Skid Plate > Fold > Rewire > Arc Coil > Short Circuit > Ramjet > Wrecking Ball > Grindshot > Crosscut > Deep Freeze > Flywheel > Heavy hitter > Scattershot > Hair trigger > Bank shot > Punch through > Splinter > Airshot > Kickback > Bloodwork > Light frame > Burst fire > Backblast > Banker > Landing shot > Slingshot > Redline > Breach > Shatter > Backfire > Recall > Homecoming > Capacitor > Reserve cell > Countershot > Reprisal > Tether rounds > Snapback > Cinder rounds > Crosswind > Flashpoint > Slipstream > Vector rounds > Afterburner > Icebreaker > Retrace > Wallrunner > Air Brake","coolant-rounds > mass-driver > skid-plate > fold > rewire > arc-coil > short-circuit > ramjet > wrecking-ball > grindshot > crosscut > deep-freeze > flywheel > magnum > scatter > rapid > ricochet > pierce > split > airshot > kick > leech > light > burst > backblast > banker > landing > slingshot > redline > breach > shatter > backfire > recall > homecoming > capacitor > reserve-cell > countershot > reprisal > tether > snapback > cinder > crosswind > flashpoint > slipstream > vector > afterburner > icebreaker > retrace > wallrunner > air-brake","https://caleb-guyer.github.io/recoil-foundry/?test=branches&combo=cryogenic.mass-driver.skid-plate.rewire.short-circuit.wrecking-ball.crosscut.deep-freeze&v=2.74.0","https://caleb-guyer.github.io/recoil-foundry/?test=branches&combo=cryogenic.mass-driver.skid-plate.rewire.short-circuit.wrecking-ball.crosscut.deep-freeze&room=boss&v=2.74.0","https://caleb-guyer.github.io/recoil-foundry/?test=branches&combo=cryogenic.mass-driver.skid-plate.rewire.short-circuit.wrecking-ball.crosscut.deep-freeze&mirror=1&v=2.74.0"
"cryogenic.mass-driver.skid-plate.rewire.short-circuit.wrecking-ball.crosscut.cold-snap","Cryogenic","Mass Driver","Skid Plate + Rewire + Short Circuit + Wrecking Ball + Crosscut + Cold Snap","Flywheel","50","Coolant Rounds > Mass Driver > Skid Plate > Fold > Rewire > Arc Coil > Short Circuit > Ramjet > Wrecking Ball > Grindshot > Crosscut > Cold Snap > Flywheel > Heavy hitter > Scattershot > Hair trigger > Bank shot > Punch through > Splinter > Airshot > Kickback > Bloodwork > Light frame > Burst fire > Backblast > Banker > Landing shot > Slingshot > Redline > Breach > Shatter > Backfire > Recall > Homecoming > Capacitor > Reserve cell > Countershot > Reprisal > Tether rounds > Snapback > Cinder rounds > Crosswind > Flashpoint > Slipstream > Vector rounds > Afterburner > Cold Front > Retrace > Wallrunner > Air Brake","coolant-rounds > mass-driver > skid-plate > fold > rewire > arc-coil > short-circuit > ramjet > wrecking-ball > grindshot > crosscut > cold-snap > flywheel > magnum > scatter > rapid > ricochet > pierce > split > airshot > kick > leech > light > burst > backblast > banker > landing > slingshot > redline > breach > shatter > backfire > recall > homecoming > capacitor > reserve-cell > countershot > reprisal > tether > snapback > cinder > crosswind > flashpoint > slipstream > vector > afterburner > cold-front > retrace > wallrunner > air-brake","https://caleb-guyer.github.io/recoil-foundry/?test=branches&combo=cryogenic.mass-driver.skid-plate.rewire.short-circuit.wrecking-ball.crosscut.cold-snap&v=2.74.0","https://caleb-guyer.github.io/recoil-foundry/?test=branches&combo=cryogenic.mass-driver.skid-plate.rewire.short-circuit.wrecking-ball.crosscut.cold-snap&room=boss&v=2.74.0","https://caleb-guyer.github.io/recoil-foundry/?test=branches&combo=cryogenic.mass-driver.skid-plate.rewire.short-circuit.wrecking-ball.crosscut.cold-snap&mirror=1&v=2.74.0"
"cryogenic.mass-driver.skid-plate.rewire.short-circuit.triphammer.corner-cutter.deep-freeze","Cryogenic","Mass Driver","Skid Plate + Rewire + Short Circuit + Triphammer + Corner Cutter + Deep Freeze","undefined","49","Coolant Rounds > Mass Driver > Skid Plate > Fold > Rewire > Arc Coil > Short Circuit > Ramjet > Triphammer > Grindshot > Corner Cutter > Deep Freeze > Heavy hitter > Scattershot > Hair trigger > Bank shot > Punch through > Splinter > Airshot > Kickback > Bloodwork > Light frame > Burst fire > Backblast > Banker > Landing shot > Slingshot > Redline > Breach > Shatter > Backfire > Recall > Homecoming > Capacitor > Reserve cell > Countershot > Reprisal > Tether rounds > Snapback > Cinder rounds > Crosswind > Flashpoint > Slipstream > Vector rounds > Afterburner > Icebreaker > Retrace > Wallrunner > Air Brake","coolant-rounds > mass-driver > skid-plate > fold > rewire > arc-coil > short-circuit > ramjet > triphammer > grindshot > corner-cutter > deep-freeze > magnum > scatter > rapid > ricochet > pierce > split > airshot > kick > leech > light > burst > backblast > banker > landing > slingshot > redline > breach > shatter > backfire > recall > homecoming > capacitor > reserve-cell > countershot > reprisal > tether > snapback > cinder > crosswind > flashpoint > slipstream > vector > afterburner > icebreaker > retrace > wallrunner > air-brake","https://caleb-guyer.github.io/recoil-foundry/?test=branches&combo=cryogenic.mass-driver.skid-plate.rewire.short-circuit.triphammer.corner-cutter.deep-freeze&v=2.74.0","https://caleb-guyer.github.io/recoil-foundry/?test=branches&combo=cryogenic.mass-driver.skid-plate.rewire.short-circuit.triphammer.corner-cutter.deep-freeze&room=boss&v=2.74.0","https://caleb-guyer.github.io/recoil-foundry/?test=branches&combo=cryogenic.mass-driver.skid-plate.rewire.short-circuit.triphammer.corner-cutter.deep-freeze&mirror=1&v=2.74.0"
"cryogenic.mass-driver.skid-plate.rewire.short-circuit.triphammer.corner-cutter.cold-snap","Cryogenic","Mass Driver","Skid Plate + Rewire + Short Circuit + Triphammer + Corner Cutter + Cold Snap","undefined","49","Coolant Rounds > Mass Driver > Skid Plate > Fold > Rewire > Arc Coil > Short Circuit > Ramjet > Triphammer > Grindshot > Corner Cutter > Cold Snap > Heavy hitter > Scattershot > Hair trigger > Bank shot > Punch through > Splinter > Airshot > Kickback > Bloodwork > Light frame > Burst fire > Backblast > Banker > Landing shot > Slingshot > Redline > Breach > Shatter > Backfire > Recall > Homecoming > Capacitor > Reserve cell > Countershot > Reprisal > Tether rounds > Snapback > Cinder rounds > Crosswind > Flashpoint > Slipstream > Vector rounds > Afterburner > Cold Front > Retrace > Wallrunner > Air Brake","coolant-rounds > mass-driver > skid-plate > fold > rewire > arc-coil > short-circuit > ramjet > triphammer > grindshot > corner-cutter > cold-snap > magnum > scatter > rapid > ricochet > pierce > split > airshot > kick > leech > light > burst > backblast > banker > landing > slingshot > redline > breach > shatter > backfire > recall > homecoming > capacitor > reserve-cell > countershot > reprisal > tether > snapback > cinder > crosswind > flashpoint > slipstream > vector > afterburner > cold-front > retrace > wallrunner > air-brake","https://caleb-guyer.github.io/recoil-foundry/?test=branches&combo=cryogenic.mass-driver.skid-plate.rewire.short-circuit.triphammer.corner-cutter.cold-snap&v=2.74.0","https://caleb-guyer.github.io/recoil-foundry/?test=branches&combo=cryogenic.mass-driver.skid-plate.rewire.short-circuit.triphammer.corner-cutter.cold-snap&room=boss&v=2.74.0","https://caleb-guyer.github.io/recoil-foundry/?test=branches&combo=cryogenic.mass-driver.skid-plate.rewire.short-circuit.triphammer.corner-cutter.cold-snap&mirror=1&v=2.74.0"
"cryogenic.mass-driver.skid-plate.rewire.short-circuit.triphammer.crosscut.deep-freeze","Cryogenic","Mass Driver","Skid Plate + Rewire + Short Circuit + Triphammer + Crosscut + Deep Freeze","Flywheel","50","Coolant Rounds > Mass Driver > Skid Plate > Fold > Rewire > Arc Coil > Short Circuit > Ramjet > Triphammer > Grindshot > Crosscut > Deep Freeze > Flywheel > Heavy hitter > Scattershot > Hair trigger > Bank shot > Punch through > Splinter > Airshot > Kickback > Bloodwork > Light frame > Burst fire > Backblast > Banker > Landing shot > Slingshot > Redline > Breach > Shatter > Backfire > Recall > Homecoming > Capacitor > Reserve cell > Countershot > Reprisal > Tether rounds > Snapback > Cinder rounds > Crosswind > Flashpoint > Slipstream > Vector rounds > Afterburner > Icebreaker > Retrace > Wallrunner > Air Brake","coolant-rounds > mass-driver > skid-plate > fold > rewire > arc-coil > short-circuit > ramjet > triphammer > grindshot > crosscut > deep-freeze > flywheel > magnum > scatter > rapid > ricochet > pierce > split > airshot > kick > leech > light > burst > backblast > banker > landing > slingshot > redline > breach > shatter > backfire > recall > homecoming > capacitor > reserve-cell > countershot > reprisal > tether > snapback > cinder > crosswind > flashpoint > slipstream > vector > afterburner > icebreaker > retrace > wallrunner > air-brake","https://caleb-guyer.github.io/recoil-foundry/?test=branches&combo=cryogenic.mass-driver.skid-plate.rewire.short-circuit.triphammer.crosscut.deep-freeze&v=2.74.0","https://caleb-guyer.github.io/recoil-foundry/?test=branches&combo=cryogenic.mass-driver.skid-plate.rewire.short-circuit.triphammer.crosscut.deep-freeze&room=boss&v=2.74.0","https://caleb-guyer.github.io/recoil-foundry/?test=branches&combo=cryogenic.mass-driver.skid-plate.rewire.short-circuit.triphammer.crosscut.deep-freeze&mirror=1&v=2.74.0"
"cryogenic.mass-driver.skid-plate.rewire.short-circuit.triphammer.crosscut.cold-snap","Cryogenic","Mass Driver","Skid Plate + Rewire + Short Circuit + Triphammer + Crosscut + Cold Snap","Flywheel","50","Coolant Rounds > Mass Driver > Skid Plate > Fold > Rewire > Arc Coil > Short Circuit > Ramjet > Triphammer > Grindshot > Crosscut > Cold Snap > Flywheel > Heavy hitter > Scattershot > Hair trigger > Bank shot > Punch through > Splinter > Airshot > Kickback > Bloodwork > Light frame > Burst fire > Backblast > Banker > Landing shot > Slingshot > Redline > Breach > Shatter > Backfire > Recall > Homecoming > Capacitor > Reserve cell > Countershot > Reprisal > Tether rounds > Snapback > Cinder rounds > Crosswind > Flashpoint > Slipstream > Vector rounds > Afterburner > Cold Front > Retrace > Wallrunner > Air Brake","coolant-rounds > mass-driver > skid-plate > fold > rewire > arc-coil > short-circuit > ramjet > triphammer > grindshot > crosscut > cold-snap > flywheel > magnum > scatter > rapid > ricochet > pierce > split > airshot > kick > leech > light > burst > backblast > banker > landing > slingshot > redline > breach > shatter > backfire > recall > homecoming > capacitor > reserve-cell > countershot > reprisal > tether > snapback > cinder > crosswind > flashpoint > slipstream > vector > afterburner > cold-front > retrace > wallrunner > air-brake","https://caleb-guyer.github.io/recoil-foundry/?test=branches&combo=cryogenic.mass-driver.skid-plate.rewire.short-circuit.triphammer.crosscut.cold-snap&v=2.74.0","https://caleb-guyer.github.io/recoil-foundry/?test=branches&combo=cryogenic.mass-driver.skid-plate.rewire.short-circuit.triphammer.crosscut.cold-snap&room=boss&v=2.74.0","https://caleb-guyer.github.io/recoil-foundry/?test=branches&combo=cryogenic.mass-driver.skid-plate.rewire.short-circuit.triphammer.crosscut.cold-snap&mirror=1&v=2.74.0"
"cryogenic.mass-driver.skid-plate.relay-gate.daisy-chain.wrecking-ball.corner-cutter.deep-freeze","Cryogenic","Mass Driver","Skid Plate + Relay Gate + Daisy Chain + Wrecking Ball + Corner Cutter + Deep Freeze","undefined","49","Coolant Rounds > Mass Driver > Skid Plate > Fold > Relay Gate > Arc Coil > Daisy Chain > Ramjet > Wrecking Ball > Grindshot > Corner Cutter > Deep Freeze > Heavy hitter > Scattershot > Hair trigger > Bank shot > Punch through > Splinter > Airshot > Kickback > Bloodwork > Light frame > Burst fire > Backblast > Banker > Landing shot > Slingshot > Redline > Breach > Shatter > Backfire > Recall > Homecoming > Capacitor > Reserve cell > Countershot > Reprisal > Tether rounds > Snapback > Cinder rounds > Crosswind > Flashpoint > Slipstream > Vector rounds > Afterburner > Icebreaker > Retrace > Wallrunner > Air Brake","coolant-rounds > mass-driver > skid-plate > fold > relay-gate > arc-coil > daisy-chain > ramjet > wrecking-ball > grindshot > corner-cutter > deep-freeze > magnum > scatter > rapid > ricochet > pierce > split > airshot > kick > leech > light > burst > backblast > banker > landing > slingshot > redline > breach > shatter > backfire > recall > homecoming > capacitor > reserve-cell > countershot > reprisal > tether > snapback > cinder > crosswind > flashpoint > slipstream > vector > afterburner > icebreaker > retrace > wallrunner > air-brake","https://caleb-guyer.github.io/recoil-foundry/?test=branches&combo=cryogenic.mass-driver.skid-plate.relay-gate.daisy-chain.wrecking-ball.corner-cutter.deep-freeze&v=2.74.0","https://caleb-guyer.github.io/recoil-foundry/?test=branches&combo=cryogenic.mass-driver.skid-plate.relay-gate.daisy-chain.wrecking-ball.corner-cutter.deep-freeze&room=boss&v=2.74.0","https://caleb-guyer.github.io/recoil-foundry/?test=branches&combo=cryogenic.mass-driver.skid-plate.relay-gate.daisy-chain.wrecking-ball.corner-cutter.deep-freeze&mirror=1&v=2.74.0"
"cryogenic.mass-driver.skid-plate.relay-gate.daisy-chain.wrecking-ball.corner-cutter.cold-snap","Cryogenic","Mass Driver","Skid Plate + Relay Gate + Daisy Chain + Wrecking Ball + Corner Cutter + Cold Snap","undefined","49","Coolant Rounds > Mass Driver > Skid Plate > Fold > Relay Gate > Arc Coil > Daisy Chain > Ramjet > Wrecking Ball > Grindshot > Corner Cutter > Cold Snap > Heavy hitter > Scattershot > Hair trigger > Bank shot > Punch through > Splinter > Airshot > Kickback > Bloodwork > Light frame > Burst fire > Backblast > Banker > Landing shot > Slingshot > Redline > Breach > Shatter > Backfire > Recall > Homecoming > Capacitor > Reserve cell > Countershot > Reprisal > Tether rounds > Snapback > Cinder rounds > Crosswind > Flashpoint > Slipstream > Vector rounds > Afterburner > Cold Front > Retrace > Wallrunner > Air Brake","coolant-rounds > mass-driver > skid-plate > fold > relay-gate > arc-coil > daisy-chain > ramjet > wrecking-ball > grindshot > corner-cutter > cold-snap > magnum > scatter > rapid > ricochet > pierce > split > airshot > kick > leech > light > burst > backblast > banker > landing > slingshot > redline > breach > shatter > backfire > recall > homecoming > capacitor > reserve-cell > countershot > reprisal > tether > snapback > cinder > crosswind > flashpoint > slipstream > vector > afterburner > cold-front > retrace > wallrunner > air-brake","https://caleb-guyer.github.io/recoil-foundry/?test=branches&combo=cryogenic.mass-driver.skid-plate.relay-gate.daisy-chain.wrecking-ball.corner-cutter.cold-snap&v=2.74.0","https://caleb-guyer.github.io/recoil-foundry/?test=branches&combo=cryogenic.mass-driver.skid-plate.relay-gate.daisy-chain.wrecking-ball.corner-cutter.cold-snap&room=boss&v=2.74.0","https://caleb-guyer.github.io/recoil-foundry/?test=branches&combo=cryogenic.mass-driver.skid-plate.relay-gate.daisy-chain.wrecking-ball.corner-cutter.cold-snap&mirror=1&v=2.74.0"
"cryogenic.mass-driver.skid-plate.relay-gate.daisy-chain.wrecking-ball.crosscut.deep-freeze","Cryogenic","Mass Driver","Skid Plate + Relay Gate + Daisy Chain + Wrecking Ball + Crosscut + Deep Freeze","Flywheel","50","Coolant Rounds > Mass Driver > Skid Plate > Fold > Relay Gate > Arc Coil > Daisy Chain > Ramjet > Wrecking Ball > Grindshot > Crosscut > Deep Freeze > Flywheel > Heavy hitter > Scattershot > Hair trigger > Bank shot > Punch through > Splinter > Airshot > Kickback > Bloodwork > Light frame > Burst fire > Backblast > Banker > Landing shot > Slingshot > Redline > Breach > Shatter > Backfire > Recall > Homecoming > Capacitor > Reserve cell > Countershot > Reprisal > Tether rounds > Snapback > Cinder rounds > Crosswind > Flashpoint > Slipstream > Vector rounds > Afterburner > Icebreaker > Retrace > Wallrunner > Air Brake","coolant-rounds > mass-driver > skid-plate > fold > relay-gate > arc-coil > daisy-chain > ramjet > wrecking-ball > grindshot > crosscut > deep-freeze > flywheel > magnum > scatter > rapid > ricochet > pierce > split > airshot > kick > leech > light > burst > backblast > banker > landing > slingshot > redline > breach > shatter > backfire > recall > homecoming > capacitor > reserve-cell > countershot > reprisal > tether > snapback > cinder > crosswind > flashpoint > slipstream > vector > afterburner > icebreaker > retrace > wallrunner > air-brake","https://caleb-guyer.github.io/recoil-foundry/?test=branches&combo=cryogenic.mass-driver.skid-plate.relay-gate.daisy-chain.wrecking-ball.crosscut.deep-freeze&v=2.74.0","https://caleb-guyer.github.io/recoil-foundry/?test=branches&combo=cryogenic.mass-driver.skid-plate.relay-gate.daisy-chain.wrecking-ball.crosscut.deep-freeze&room=boss&v=2.74.0","https://caleb-guyer.github.io/recoil-foundry/?test=branches&combo=cryogenic.mass-driver.skid-plate.relay-gate.daisy-chain.wrecking-ball.crosscut.deep-freeze&mirror=1&v=2.74.0"
"cryogenic.mass-driver.skid-plate.relay-gate.daisy-chain.wrecking-ball.crosscut.cold-snap","Cryogenic","Mass Driver","Skid Plate + Relay Gate + Daisy Chain + Wrecking Ball + Crosscut + Cold Snap","Flywheel","50","Coolant Rounds > Mass Driver > Skid Plate > Fold > Relay Gate > Arc Coil > Daisy Chain > Ramjet > Wrecking Ball > Grindshot > Crosscut > Cold Snap > Flywheel > Heavy hitter > Scattershot > Hair trigger > Bank shot > Punch through > Splinter > Airshot > Kickback > Bloodwork > Light frame > Burst fire > Backblast > Banker > Landing shot > Slingshot > Redline > Breach > Shatter > Backfire > Recall > Homecoming > Capacitor > Reserve cell > Countershot > Reprisal > Tether rounds > Snapback > Cinder rounds > Crosswind > Flashpoint > Slipstream > Vector rounds > Afterburner > Cold Front > Retrace > Wallrunner > Air Brake","coolant-rounds > mass-driver > skid-plate > fold > relay-gate > arc-coil > daisy-chain > ramjet > wrecking-ball > grindshot > crosscut > cold-snap > flywheel > magnum > scatter > rapid > ricochet > pierce > split > airshot > kick > leech > light > burst > backblast > banker > landing > slingshot > redline > breach > shatter > backfire > recall > homecoming > capacitor > reserve-cell > countershot > reprisal > tether > snapback > cinder > crosswind > flashpoint > slipstream > vector > afterburner > cold-front > retrace > wallrunner > air-brake","https://caleb-guyer.github.io/recoil-foundry/?test=branches&combo=cryogenic.mass-driver.skid-plate.relay-gate.daisy-chain.wrecking-ball.crosscut.cold-snap&v=2.74.0","https://caleb-guyer.github.io/recoil-foundry/?test=branches&combo=cryogenic.mass-driver.skid-plate.relay-gate.daisy-chain.wrecking-ball.crosscut.cold-snap&room=boss&v=2.74.0","https://caleb-guyer.github.io/recoil-foundry/?test=branches&combo=cryogenic.mass-driver.skid-plate.relay-gate.daisy-chain.wrecking-ball.crosscut.cold-snap&mirror=1&v=2.74.0"
"cryogenic.mass-driver.skid-plate.relay-gate.daisy-chain.triphammer.corner-cutter.deep-freeze","Cryogenic","Mass Driver","Skid Plate + Relay Gate + Daisy Chain + Triphammer + Corner Cutter + Deep Freeze","undefined","49","Coolant Rounds > Mass Driver > Skid Plate > Fold > Relay Gate > Arc Coil > Daisy Chain > Ramjet > Triphammer > Grindshot > Corner Cutter > Deep Freeze > Heavy hitter > Scattershot > Hair trigger > Bank shot > Punch through > Splinter > Airshot > Kickback > Bloodwork > Light frame > Burst fire > Backblast > Banker > Landing shot > Slingshot > Redline > Breach > Shatter > Backfire > Recall > Homecoming > Capacitor > Reserve cell > Countershot > Reprisal > Tether rounds > Snapback > Cinder rounds > Crosswind > Flashpoint > Slipstream > Vector rounds > Afterburner > Icebreaker > Retrace > Wallrunner > Air Brake","coolant-rounds > mass-driver > skid-plate > fold > relay-gate > arc-coil > daisy-chain > ramjet > triphammer > grindshot > corner-cutter > deep-freeze > magnum > scatter > rapid > ricochet > pierce > split > airshot > kick > leech > light > burst > backblast > banker > landing > slingshot > redline > breach > shatter > backfire > recall > homecoming > capacitor > reserve-cell > countershot > reprisal > tether > snapback > cinder > crosswind > flashpoint > slipstream > vector > afterburner > icebreaker > retrace > wallrunner > air-brake","https://caleb-guyer.github.io/recoil-foundry/?test=branches&combo=cryogenic.mass-driver.skid-plate.relay-gate.daisy-chain.triphammer.corner-cutter.deep-freeze&v=2.74.0","https://caleb-guyer.github.io/recoil-foundry/?test=branches&combo=cryogenic.mass-driver.skid-plate.relay-gate.daisy-chain.triphammer.corner-cutter.deep-freeze&room=boss&v=2.74.0","https://caleb-guyer.github.io/recoil-foundry/?test=branches&combo=cryogenic.mass-driver.skid-plate.relay-gate.daisy-chain.triphammer.corner-cutter.deep-freeze&mirror=1&v=2.74.0"
"cryogenic.mass-driver.skid-plate.relay-gate.daisy-chain.triphammer.corner-cutter.cold-snap","Cryogenic","Mass Driver","Skid Plate + Relay Gate + Daisy Chain + Triphammer + Corner Cutter + Cold Snap","undefined","49","Coolant Rounds > Mass Driver > Skid Plate > Fold > Relay Gate > Arc Coil > Daisy Chain > Ramjet > Triphammer > Grindshot > Corner Cutter > Cold Snap > Heavy hitter > Scattershot > Hair trigger > Bank shot > Punch through > Splinter > Airshot > Kickback > Bloodwork > Light frame > Burst fire > Backblast > Banker > Landing shot > Slingshot > Redline > Breach > Shatter > Backfire > Recall > Homecoming > Capacitor > Reserve cell > Countershot > Reprisal > Tether rounds > Snapback > Cinder rounds > Crosswind > Flashpoint > Slipstream > Vector rounds > Afterburner > Cold Front > Retrace > Wallrunner > Air Brake","coolant-rounds > mass-driver > skid-plate > fold > relay-gate > arc-coil > daisy-chain > ramjet > triphammer > grindshot > corner-cutter > cold-snap > magnum > scatter > rapid > ricochet > pierce > split > airshot > kick > leech > light > burst > backblast > banker > landing > slingshot > redline > breach > shatter > backfire > recall > homecoming > capacitor > reserve-cell > countershot > reprisal > tether > snapback > cinder > crosswind > flashpoint > slipstream > vector > afterburner > cold-front > retrace > wallrunner > air-brake","https://caleb-guyer.github.io/recoil-foundry/?test=branches&combo=cryogenic.mass-driver.skid-plate.relay-gate.daisy-chain.triphammer.corner-cutter.cold-snap&v=2.74.0","https://caleb-guyer.github.io/recoil-foundry/?test=branches&combo=cryogenic.mass-driver.skid-plate.relay-gate.daisy-chain.triphammer.corner-cutter.cold-snap&room=boss&v=2.74.0","https://caleb-guyer.github.io/recoil-foundry/?test=branches&combo=cryogenic.mass-driver.skid-plate.relay-gate.daisy-chain.triphammer.corner-cutter.cold-snap&mirror=1&v=2.74.0"
"cryogenic.mass-driver.skid-plate.relay-gate.daisy-chain.triphammer.crosscut.deep-freeze","Cryogenic","Mass Driver","Skid Plate + Relay Gate + Daisy Chain + Triphammer + Crosscut + Deep Freeze","Flywheel","50","Coolant Rounds > Mass Driver > Skid Plate > Fold > Relay Gate > Arc Coil > Daisy Chain > Ramjet > Triphammer > Grindshot > Crosscut > Deep Freeze > Flywheel > Heavy hitter > Scattershot > Hair trigger > Bank shot > Punch through > Splinter > Airshot > Kickback > Bloodwork > Light frame > Burst fire > Backblast > Banker > Landing shot > Slingshot > Redline > Breach > Shatter > Backfire > Recall > Homecoming > Capacitor > Reserve cell > Countershot > Reprisal > Tether rounds > Snapback > Cinder rounds > Crosswind > Flashpoint > Slipstream > Vector rounds > Afterburner > Icebreaker > Retrace > Wallrunner > Air Brake","coolant-rounds > mass-driver > skid-plate > fold > relay-gate > arc-coil > daisy-chain > ramjet > triphammer > grindshot > crosscut > deep-freeze > flywheel > magnum > scatter > rapid > ricochet > pierce > split > airshot > kick > leech > light > burst > backblast > banker > landing > slingshot > redline > breach > shatter > backfire > recall > homecoming > capacitor > reserve-cell > countershot > reprisal > tether > snapback > cinder > crosswind > flashpoint > slipstream > vector > afterburner > icebreaker > retrace > wallrunner > air-brake","https://caleb-guyer.github.io/recoil-foundry/?test=branches&combo=cryogenic.mass-driver.skid-plate.relay-gate.daisy-chain.triphammer.crosscut.deep-freeze&v=2.74.0","https://caleb-guyer.github.io/recoil-foundry/?test=branches&combo=cryogenic.mass-driver.skid-plate.relay-gate.daisy-chain.triphammer.crosscut.deep-freeze&room=boss&v=2.74.0","https://caleb-guyer.github.io/recoil-foundry/?test=branches&combo=cryogenic.mass-driver.skid-plate.relay-gate.daisy-chain.triphammer.crosscut.deep-freeze&mirror=1&v=2.74.0"
"cryogenic.mass-driver.skid-plate.relay-gate.daisy-chain.triphammer.crosscut.cold-snap","Cryogenic","Mass Driver","Skid Plate + Relay Gate + Daisy Chain + Triphammer + Crosscut + Cold Snap","Flywheel","50","Coolant Rounds > Mass Driver > Skid Plate > Fold > Relay Gate > Arc Coil > Daisy Chain > Ramjet > Triphammer > Grindshot > Crosscut > Cold Snap > Flywheel > Heavy hitter > Scattershot > Hair trigger > Bank shot > Punch through > Splinter > Airshot > Kickback > Bloodwork > Light frame > Burst fire > Backblast > Banker > Landing shot > Slingshot > Redline > Breach > Shatter > Backfire > Recall > Homecoming > Capacitor > Reserve cell > Countershot > Reprisal > Tether rounds > Snapback > Cinder rounds > Crosswind > Flashpoint > Slipstream > Vector rounds > Afterburner > Cold Front > Retrace > Wallrunner > Air Brake","coolant-rounds > mass-driver > skid-plate > fold > relay-gate > arc-coil > daisy-chain > ramjet > triphammer > grindshot > crosscut > cold-snap > flywheel > magnum > scatter > rapid > ricochet > pierce > split > airshot > kick > leech > light > burst > backblast > banker > landing > slingshot > redline > breach > shatter > backfire > recall > homecoming > capacitor > reserve-cell > countershot > reprisal > tether > snapback > cinder > crosswind > flashpoint > slipstream > vector > afterburner > cold-front > retrace > wallrunner > air-brake","https://caleb-guyer.github.io/recoil-foundry/?test=branches&combo=cryogenic.mass-driver.skid-plate.relay-gate.daisy-chain.triphammer.crosscut.cold-snap&v=2.74.0","https://caleb-guyer.github.io/recoil-foundry/?test=branches&combo=cryogenic.mass-driver.skid-plate.relay-gate.daisy-chain.triphammer.crosscut.cold-snap&room=boss&v=2.74.0","https://caleb-guyer.github.io/recoil-foundry/?test=branches&combo=cryogenic.mass-driver.skid-plate.relay-gate.daisy-chain.triphammer.crosscut.cold-snap&mirror=1&v=2.74.0"
"cryogenic.mass-driver.skid-plate.relay-gate.short-circuit.wrecking-ball.corner-cutter.deep-freeze","Cryogenic","Mass Driver","Skid Plate + Relay Gate + Short Circuit + Wrecking Ball + Corner Cutter + Deep Freeze","undefined","49","Coolant Rounds > Mass Driver > Skid Plate > Fold > Relay Gate > Arc Coil > Short Circuit > Ramjet > Wrecking Ball > Grindshot > Corner Cutter > Deep Freeze > Heavy hitter > Scattershot > Hair trigger > Bank shot > Punch through > Splinter > Airshot > Kickback > Bloodwork > Light frame > Burst fire > Backblast > Banker > Landing shot > Slingshot > Redline > Breach > Shatter > Backfire > Recall > Homecoming > Capacitor > Reserve cell > Countershot > Reprisal > Tether rounds > Snapback > Cinder rounds > Crosswind > Flashpoint > Slipstream > Vector rounds > Afterburner > Icebreaker > Retrace > Wallrunner > Air Brake","coolant-rounds > mass-driver > skid-plate > fold > relay-gate > arc-coil > short-circuit > ramjet > wrecking-ball > grindshot > corner-cutter > deep-freeze > magnum > scatter > rapid > ricochet > pierce > split > airshot > kick > leech > light > burst > backblast > banker > landing > slingshot > redline > breach > shatter > backfire > recall > homecoming > capacitor > reserve-cell > countershot > reprisal > tether > snapback > cinder > crosswind > flashpoint > slipstream > vector > afterburner > icebreaker > retrace > wallrunner > air-brake","https://caleb-guyer.github.io/recoil-foundry/?test=branches&combo=cryogenic.mass-driver.skid-plate.relay-gate.short-circuit.wrecking-ball.corner-cutter.deep-freeze&v=2.74.0","https://caleb-guyer.github.io/recoil-foundry/?test=branches&combo=cryogenic.mass-driver.skid-plate.relay-gate.short-circuit.wrecking-ball.corner-cutter.deep-freeze&room=boss&v=2.74.0","https://caleb-guyer.github.io/recoil-foundry/?test=branches&combo=cryogenic.mass-driver.skid-plate.relay-gate.short-circuit.wrecking-ball.corner-cutter.deep-freeze&mirror=1&v=2.74.0"
"cryogenic.mass-driver.skid-plate.relay-gate.short-circuit.wrecking-ball.corner-cutter.cold-snap","Cryogenic","Mass Driver","Skid Plate + Relay Gate + Short Circuit + Wrecking Ball + Corner Cutter + Cold Snap","undefined","49","Coolant Rounds > Mass Driver > Skid Plate > Fold > Relay Gate > Arc Coil > Short Circuit > Ramjet > Wrecking Ball > Grindshot > Corner Cutter > Cold Snap > Heavy hitter > Scattershot > Hair trigger > Bank shot > Punch through > Splinter > Airshot > Kickback > Bloodwork > Light frame > Burst fire > Backblast > Banker > Landing shot > Slingshot > Redline > Breach > Shatter > Backfire > Recall > Homecoming > Capacitor > Reserve cell > Countershot > Reprisal > Tether rounds > Snapback > Cinder rounds > Crosswind > Flashpoint > Slipstream > Vector rounds > Afterburner > Cold Front > Retrace > Wallrunner > Air Brake","coolant-rounds > mass-driver > skid-plate > fold > relay-gate > arc-coil > short-circuit > ramjet > wrecking-ball > grindshot > corner-cutter > cold-snap > magnum > scatter > rapid > ricochet > pierce > split > airshot > kick > leech > light > burst > backblast > banker > landing > slingshot > redline > breach > shatter > backfire > recall > homecoming > capacitor > reserve-cell > countershot > reprisal > tether > snapback > cinder > crosswind > flashpoint > slipstream > vector > afterburner > cold-front > retrace > wallrunner > air-brake","https://caleb-guyer.github.io/recoil-foundry/?test=branches&combo=cryogenic.mass-driver.skid-plate.relay-gate.short-circuit.wrecking-ball.corner-cutter.cold-snap&v=2.74.0","https://caleb-guyer.github.io/recoil-foundry/?test=branches&combo=cryogenic.mass-driver.skid-plate.relay-gate.short-circuit.wrecking-ball.corner-cutter.cold-snap&room=boss&v=2.74.0","https://caleb-guyer.github.io/recoil-foundry/?test=branches&combo=cryogenic.mass-driver.skid-plate.relay-gate.short-circuit.wrecking-ball.corner-cutter.cold-snap&mirror=1&v=2.74.0"
"cryogenic.mass-driver.skid-plate.relay-gate.short-circuit.wrecking-ball.crosscut.deep-freeze","Cryogenic","Mass Driver","Skid Plate + Relay Gate + Short Circuit + Wrecking Ball + Crosscut + Deep Freeze","Flywheel","50","Coolant Rounds > Mass Driver > Skid Plate > Fold > Relay Gate > Arc Coil > Short Circuit > Ramjet > Wrecking Ball > Grindshot > Crosscut > Deep Freeze > Flywheel > Heavy hitter > Scattershot > Hair trigger > Bank shot > Punch through > Splinter > Airshot > Kickback > Bloodwork > Light frame > Burst fire > Backblast > Banker > Landing shot > Slingshot > Redline > Breach > Shatter > Backfire > Recall > Homecoming > Capacitor > Reserve cell > Countershot > Reprisal > Tether rounds > Snapback > Cinder rounds > Crosswind > Flashpoint > Slipstream > Vector rounds > Afterburner > Icebreaker > Retrace > Wallrunner > Air Brake","coolant-rounds > mass-driver > skid-plate > fold > relay-gate > arc-coil > short-circuit > ramjet > wrecking-ball > grindshot > crosscut > deep-freeze > flywheel > magnum > scatter > rapid > ricochet > pierce > split > airshot > kick > leech > light > burst > backblast > banker > landing > slingshot > redline > breach > shatter > backfire > recall > homecoming > capacitor > reserve-cell > countershot > reprisal > tether > snapback > cinder > crosswind > flashpoint > slipstream > vector > afterburner > icebreaker > retrace > wallrunner > air-brake","https://caleb-guyer.github.io/recoil-foundry/?test=branches&combo=cryogenic.mass-driver.skid-plate.relay-gate.short-circuit.wrecking-ball.crosscut.deep-freeze&v=2.74.0","https://caleb-guyer.github.io/recoil-foundry/?test=branches&combo=cryogenic.mass-driver.skid-plate.relay-gate.short-circuit.wrecking-ball.crosscut.deep-freeze&room=boss&v=2.74.0","https://caleb-guyer.github.io/recoil-foundry/?test=branches&combo=cryogenic.mass-driver.skid-plate.relay-gate.short-circuit.wrecking-ball.crosscut.deep-freeze&mirror=1&v=2.74.0"
"cryogenic.mass-driver.skid-plate.relay-gate.short-circuit.wrecking-ball.crosscut.cold-snap","Cryogenic","Mass Driver","Skid Plate + Relay Gate + Short Circuit + Wrecking Ball + Crosscut + Cold Snap","Flywheel","50","Coolant Rounds > Mass Driver > Skid Plate > Fold > Relay Gate > Arc Coil > Short Circuit > Ramjet > Wrecking Ball > Grindshot > Crosscut > Cold Snap > Flywheel > Heavy hitter > Scattershot > Hair trigger > Bank shot > Punch through > Splinter > Airshot > Kickback > Bloodwork > Light frame > Burst fire > Backblast > Banker > Landing shot > Slingshot > Redline > Breach > Shatter > Backfire > Recall > Homecoming > Capacitor > Reserve cell > Countershot > Reprisal > Tether rounds > Snapback > Cinder rounds > Crosswind > Flashpoint > Slipstream > Vector rounds > Afterburner > Cold Front > Retrace > Wallrunner > Air Brake","coolant-rounds > mass-driver > skid-plate > fold > relay-gate > arc-coil > short-circuit > ramjet > wrecking-ball > grindshot > crosscut > cold-snap > flywheel > magnum > scatter > rapid > ricochet > pierce > split > airshot > kick > leech > light > burst > backblast > banker > landing > slingshot > redline > breach > shatter > backfire > recall > homecoming > capacitor > reserve-cell > countershot > reprisal > tether > snapback > cinder > crosswind > flashpoint > slipstream > vector > afterburner > cold-front > retrace > wallrunner > air-brake","https://caleb-guyer.github.io/recoil-foundry/?test=branches&combo=cryogenic.mass-driver.skid-plate.relay-gate.short-circuit.wrecking-ball.crosscut.cold-snap&v=2.74.0","https://caleb-guyer.github.io/recoil-foundry/?test=branches&combo=cryogenic.mass-driver.skid-plate.relay-gate.short-circuit.wrecking-ball.crosscut.cold-snap&room=boss&v=2.74.0","https://caleb-guyer.github.io/recoil-foundry/?test=branches&combo=cryogenic.mass-driver.skid-plate.relay-gate.short-circuit.wrecking-ball.crosscut.cold-snap&mirror=1&v=2.74.0"
"cryogenic.mass-driver.skid-plate.relay-gate.short-circuit.triphammer.corner-cutter.deep-freeze","Cryogenic","Mass Driver","Skid Plate + Relay Gate + Short Circuit + Triphammer + Corner Cutter + Deep Freeze","undefined","49","Coolant Rounds > Mass Driver > Skid Plate > Fold > Relay Gate > Arc Coil > Short Circuit > Ramjet > Triphammer > Grindshot > Corner Cutter > Deep Freeze > Heavy hitter > Scattershot > Hair trigger > Bank shot > Punch through > Splinter > Airshot > Kickback > Bloodwork > Light frame > Burst fire > Backblast > Banker > Landing shot > Slingshot > Redline > Breach > Shatter > Backfire > Recall > Homecoming > Capacitor > Reserve cell > Countershot > Reprisal > Tether rounds > Snapback > Cinder rounds > Crosswind > Flashpoint > Slipstream > Vector rounds > Afterburner > Icebreaker > Retrace > Wallrunner > Air Brake","coolant-rounds > mass-driver > skid-plate > fold > relay-gate > arc-coil > short-circuit > ramjet > triphammer > grindshot > corner-cutter > deep-freeze > magnum > scatter > rapid > ricochet > pierce > split > airshot > kick > leech > light > burst > backblast > banker > landing > slingshot > redline > breach > shatter > backfire > recall > homecoming > capacitor > reserve-cell > countershot > reprisal > tether > snapback > cinder > crosswind > flashpoint > slipstream > vector > afterburner > icebreaker > retrace > wallrunner > air-brake","https://caleb-guyer.github.io/recoil-foundry/?test=branches&combo=cryogenic.mass-driver.skid-plate.relay-gate.short-circuit.triphammer.corner-cutter.deep-freeze&v=2.74.0","https://caleb-guyer.github.io/recoil-foundry/?test=branches&combo=cryogenic.mass-driver.skid-plate.relay-gate.short-circuit.triphammer.corner-cutter.deep-freeze&room=boss&v=2.74.0","https://caleb-guyer.github.io/recoil-foundry/?test=branches&combo=cryogenic.mass-driver.skid-plate.relay-gate.short-circuit.triphammer.corner-cutter.deep-freeze&mirror=1&v=2.74.0"
"cryogenic.mass-driver.skid-plate.relay-gate.short-circuit.triphammer.corner-cutter.cold-snap","Cryogenic","Mass Driver","Skid Plate + Relay Gate + Short Circuit + Triphammer + Corner Cutter + Cold Snap","undefined","49","Coolant Rounds > Mass Driver > Skid Plate > Fold > Relay Gate > Arc Coil > Short Circuit > Ramjet > Triphammer > Grindshot > Corner Cutter > Cold Snap > Heavy hitter > Scattershot > Hair trigger > Bank shot > Punch through > Splinter > Airshot > Kickback > Bloodwork > Light frame > Burst fire > Backblast > Banker > Landing shot > Slingshot > Redline > Breach > Shatter > Backfire > Recall > Homecoming > Capacitor > Reserve cell > Countershot > Reprisal > Tether rounds > Snapback > Cinder rounds > Crosswind > Flashpoint > Slipstream > Vector rounds > Afterburner > Cold Front > Retrace > Wallrunner > Air Brake","coolant-rounds > mass-driver > skid-plate > fold > relay-gate > arc-coil > short-circuit > ramjet > triphammer > grindshot > corner-cutter > cold-snap > magnum > scatter > rapid > ricochet > pierce > split > airshot > kick > leech > light > burst > backblast > banker > landing > slingshot > redline > breach > shatter > backfire > recall > homecoming > capacitor > reserve-cell > countershot > reprisal > tether > snapback > cinder > crosswind > flashpoint > slipstream > vector > afterburner > cold-front > retrace > wallrunner > air-brake","https://caleb-guyer.github.io/recoil-foundry/?test=branches&combo=cryogenic.mass-driver.skid-plate.relay-gate.short-circuit.triphammer.corner-cutter.cold-snap&v=2.74.0","https://caleb-guyer.github.io/recoil-foundry/?test=branches&combo=cryogenic.mass-driver.skid-plate.relay-gate.short-circuit.triphammer.corner-cutter.cold-snap&room=boss&v=2.74.0","https://caleb-guyer.github.io/recoil-foundry/?test=branches&combo=cryogenic.mass-driver.skid-plate.relay-gate.short-circuit.triphammer.corner-cutter.cold-snap&mirror=1&v=2.74.0"
"cryogenic.mass-driver.skid-plate.relay-gate.short-circuit.triphammer.crosscut.deep-freeze","Cryogenic","Mass Driver","Skid Plate + Relay Gate + Short Circuit + Triphammer + Crosscut + Deep Freeze","Flywheel","50","Coolant Rounds > Mass Driver > Skid Plate > Fold > Relay Gate > Arc Coil > Short Circuit > Ramjet > Triphammer > Grindshot > Crosscut > Deep Freeze > Flywheel > Heavy hitter > Scattershot > Hair trigger > Bank shot > Punch through > Splinter > Airshot > Kickback > Bloodwork > Light frame > Burst fire > Backblast > Banker > Landing shot > Slingshot > Redline > Breach > Shatter > Backfire > Recall > Homecoming > Capacitor > Reserve cell > Countershot > Reprisal > Tether rounds > Snapback > Cinder rounds > Crosswind > Flashpoint > Slipstream > Vector rounds > Afterburner > Icebreaker > Retrace > Wallrunner > Air Brake","coolant-rounds > mass-driver > skid-plate > fold > relay-gate > arc-coil > short-circuit > ramjet > triphammer > grindshot > crosscut > deep-freeze > flywheel > magnum > scatter > rapid > ricochet > pierce > split > airshot > kick > leech > light > burst > backblast > banker > landing > slingshot > redline > breach > shatter > backfire > recall > homecoming > capacitor > reserve-cell > countershot > reprisal > tether > snapback > cinder > crosswind > flashpoint > slipstream > vector > afterburner > icebreaker > retrace > wallrunner > air-brake","https://caleb-guyer.github.io/recoil-foundry/?test=branches&combo=cryogenic.mass-driver.skid-plate.relay-gate.short-circuit.triphammer.crosscut.deep-freeze&v=2.74.0","https://caleb-guyer.github.io/recoil-foundry/?test=branches&combo=cryogenic.mass-driver.skid-plate.relay-gate.short-circuit.triphammer.crosscut.deep-freeze&room=boss&v=2.74.0","https://caleb-guyer.github.io/recoil-foundry/?test=branches&combo=cryogenic.mass-driver.skid-plate.relay-gate.short-circuit.triphammer.crosscut.deep-freeze&mirror=1&v=2.74.0"
"cryogenic.mass-driver.skid-plate.relay-gate.short-circuit.triphammer.crosscut.cold-snap","Cryogenic","Mass Driver","Skid Plate + Relay Gate + Short Circuit + Triphammer + Crosscut + Cold Snap","Flywheel","50","Coolant Rounds > Mass Driver > Skid Plate > Fold > Relay Gate > Arc Coil > Short Circuit > Ramjet > Triphammer > Grindshot > Crosscut > Cold Snap > Flywheel > Heavy hitter > Scattershot > Hair trigger > Bank shot > Punch through > Splinter > Airshot > Kickback > Bloodwork > Light frame > Burst fire > Backblast > Banker > Landing shot > Slingshot > Redline > Breach > Shatter > Backfire > Recall > Homecoming > Capacitor > Reserve cell > Countershot > Reprisal > Tether rounds > Snapback > Cinder rounds > Crosswind > Flashpoint > Slipstream > Vector rounds > Afterburner > Cold Front > Retrace > Wallrunner > Air Brake","coolant-rounds > mass-driver > skid-plate > fold > relay-gate > arc-coil > short-circuit > ramjet > triphammer > grindshot > crosscut > cold-snap > flywheel > magnum > scatter > rapid > ricochet > pierce > split > airshot > kick > leech > light > burst > backblast > banker > landing > slingshot > redline > breach > shatter > backfire > recall > homecoming > capacitor > reserve-cell > countershot > reprisal > tether > snapback > cinder > crosswind > flashpoint > slipstream > vector > afterburner > cold-front > retrace > wallrunner > air-brake","https://caleb-guyer.github.io/recoil-foundry/?test=branches&combo=cryogenic.mass-driver.skid-plate.relay-gate.short-circuit.triphammer.crosscut.cold-snap&v=2.74.0","https://caleb-guyer.github.io/recoil-foundry/?test=branches&combo=cryogenic.mass-driver.skid-plate.relay-gate.short-circuit.triphammer.crosscut.cold-snap&room=boss&v=2.74.0","https://caleb-guyer.github.io/recoil-foundry/?test=branches&combo=cryogenic.mass-driver.skid-plate.relay-gate.short-circuit.triphammer.crosscut.cold-snap&mirror=1&v=2.74.0"
"stasis.mass-driver.drop-forge.rewire.daisy-chain.wrecking-ball.corner-cutter.crosshatch","Stasis","Mass Driver","Drop Forge + Rewire + Daisy Chain + Wrecking Ball + Corner Cutter + Crosshatch","undefined","49","Suspension > Mass Driver > Drop Forge > Fold > Rewire > Arc Coil > Daisy Chain > Ramjet > Wrecking Ball > Grindshot > Corner Cutter > Crosshatch > Heavy hitter > Scattershot > Hair trigger > Bank shot > Punch through > Splinter > Airshot > Kickback > Bloodwork > Light frame > Burst fire > Backblast > Banker > Landing shot > Slingshot > Redline > Breach > Shatter > Backfire > Recall > Homecoming > Capacitor > Reserve cell > Countershot > Reprisal > Tether rounds > Snapback > Cinder rounds > Crosswind > Flashpoint > Slipstream > Vector rounds > Afterburner > Thread the Needle > Retrace > Wallrunner > Air Brake","suspension > mass-driver > drop-forge > fold > rewire > arc-coil > daisy-chain > ramjet > wrecking-ball > grindshot > corner-cutter > crosshatch > magnum > scatter > rapid > ricochet > pierce > split > airshot > kick > leech > light > burst > backblast > banker > landing > slingshot > redline > breach > shatter > backfire > recall > homecoming > capacitor > reserve-cell > countershot > reprisal > tether > snapback > cinder > crosswind > flashpoint > slipstream > vector > afterburner > thread-the-needle > retrace > wallrunner > air-brake","https://caleb-guyer.github.io/recoil-foundry/?test=branches&combo=stasis.mass-driver.drop-forge.rewire.daisy-chain.wrecking-ball.corner-cutter.crosshatch&v=2.74.0","https://caleb-guyer.github.io/recoil-foundry/?test=branches&combo=stasis.mass-driver.drop-forge.rewire.daisy-chain.wrecking-ball.corner-cutter.crosshatch&room=boss&v=2.74.0","https://caleb-guyer.github.io/recoil-foundry/?test=branches&combo=stasis.mass-driver.drop-forge.rewire.daisy-chain.wrecking-ball.corner-cutter.crosshatch&mirror=1&v=2.74.0"
"stasis.mass-driver.drop-forge.rewire.daisy-chain.wrecking-ball.corner-cutter.tripline","Stasis","Mass Driver","Drop Forge + Rewire + Daisy Chain + Wrecking Ball + Corner Cutter + Tripline","undefined","49","Suspension > Mass Driver > Drop Forge > Fold > Rewire > Arc Coil > Daisy Chain > Ramjet > Wrecking Ball > Grindshot > Corner Cutter > Tripline > Heavy hitter > Scattershot > Hair trigger > Bank shot > Punch through > Splinter > Airshot > Kickback > Bloodwork > Light frame > Burst fire > Backblast > Banker > Landing shot > Slingshot > Redline > Breach > Shatter > Backfire > Recall > Homecoming > Capacitor > Reserve cell > Countershot > Reprisal > Tether rounds > Snapback > Cinder rounds > Crosswind > Flashpoint > Slipstream > Vector rounds > Afterburner > Chain Release > Retrace > Wallrunner > Air Brake","suspension > mass-driver > drop-forge > fold > rewire > arc-coil > daisy-chain > ramjet > wrecking-ball > grindshot > corner-cutter > tripline > magnum > scatter > rapid > ricochet > pierce > split > airshot > kick > leech > light > burst > backblast > banker > landing > slingshot > redline > breach > shatter > backfire > recall > homecoming > capacitor > reserve-cell > countershot > reprisal > tether > snapback > cinder > crosswind > flashpoint > slipstream > vector > afterburner > chain-release > retrace > wallrunner > air-brake","https://caleb-guyer.github.io/recoil-foundry/?test=branches&combo=stasis.mass-driver.drop-forge.rewire.daisy-chain.wrecking-ball.corner-cutter.tripline&v=2.74.0","https://caleb-guyer.github.io/recoil-foundry/?test=branches&combo=stasis.mass-driver.drop-forge.rewire.daisy-chain.wrecking-ball.corner-cutter.tripline&room=boss&v=2.74.0","https://caleb-guyer.github.io/recoil-foundry/?test=branches&combo=stasis.mass-driver.drop-forge.rewire.daisy-chain.wrecking-ball.corner-cutter.tripline&mirror=1&v=2.74.0"
"stasis.mass-driver.drop-forge.rewire.daisy-chain.wrecking-ball.crosscut.crosshatch","Stasis","Mass Driver","Drop Forge + Rewire + Daisy Chain + Wrecking Ball + Crosscut + Crosshatch","undefined","49","Suspension > Mass Driver > Drop Forge > Fold > Rewire > Arc Coil > Daisy Chain > Ramjet > Wrecking Ball > Grindshot > Crosscut > Crosshatch > Heavy hitter > Scattershot > Hair trigger > Bank shot > Punch through > Splinter > Airshot > Kickback > Bloodwork > Light frame > Burst fire > Backblast > Banker > Landing shot > Slingshot > Redline > Breach > Shatter > Backfire > Recall > Homecoming > Capacitor > Reserve cell > Countershot > Reprisal > Tether rounds > Snapback > Cinder rounds > Crosswind > Flashpoint > Slipstream > Vector rounds > Afterburner > Thread the Needle > Retrace > Wallrunner > Air Brake","suspension > mass-driver > drop-forge > fold > rewire > arc-coil > daisy-chain > ramjet > wrecking-ball > grindshot > crosscut > crosshatch > magnum > scatter > rapid > ricochet > pierce > split > airshot > kick > leech > light > burst > backblast > banker > landing > slingshot > redline > breach > shatter > backfire > recall > homecoming > capacitor > reserve-cell > countershot > reprisal > tether > snapback > cinder > crosswind > flashpoint > slipstream > vector > afterburner > thread-the-needle > retrace > wallrunner > air-brake","https://caleb-guyer.github.io/recoil-foundry/?test=branches&combo=stasis.mass-driver.drop-forge.rewire.daisy-chain.wrecking-ball.crosscut.crosshatch&v=2.74.0","https://caleb-guyer.github.io/recoil-foundry/?test=branches&combo=stasis.mass-driver.drop-forge.rewire.daisy-chain.wrecking-ball.crosscut.crosshatch&room=boss&v=2.74.0","https://caleb-guyer.github.io/recoil-foundry/?test=branches&combo=stasis.mass-driver.drop-forge.rewire.daisy-chain.wrecking-ball.crosscut.crosshatch&mirror=1&v=2.74.0"
"stasis.mass-driver.drop-forge.rewire.daisy-chain.wrecking-ball.crosscut.tripline","Stasis","Mass Driver","Drop Forge + Rewire + Daisy Chain + Wrecking Ball + Crosscut + Tripline","undefined","49","Suspension > Mass Driver > Drop Forge > Fold > Rewire > Arc Coil > Daisy Chain > Ramjet > Wrecking Ball > Grindshot > Crosscut > Tripline > Heavy hitter > Scattershot > Hair trigger > Bank shot > Punch through > Splinter > Airshot > Kickback > Bloodwork > Light frame > Burst fire > Backblast > Banker > Landing shot > Slingshot > Redline > Breach > Shatter > Backfire > Recall > Homecoming > Capacitor > Reserve cell > Countershot > Reprisal > Tether rounds > Snapback > Cinder rounds > Crosswind > Flashpoint > Slipstream > Vector rounds > Afterburner > Chain Release > Retrace > Wallrunner > Air Brake","suspension > mass-driver > drop-forge > fold > rewire > arc-coil > daisy-chain > ramjet > wrecking-ball > grindshot > crosscut > tripline > magnum > scatter > rapid > ricochet > pierce > split > airshot > kick > leech > light > burst > backblast > banker > landing > slingshot > redline > breach > shatter > backfire > recall > homecoming > capacitor > reserve-cell > countershot > reprisal > tether > snapback > cinder > crosswind > flashpoint > slipstream > vector > afterburner > chain-release > retrace > wallrunner > air-brake","https://caleb-guyer.github.io/recoil-foundry/?test=branches&combo=stasis.mass-driver.drop-forge.rewire.daisy-chain.wrecking-ball.crosscut.tripline&v=2.74.0","https://caleb-guyer.github.io/recoil-foundry/?test=branches&combo=stasis.mass-driver.drop-forge.rewire.daisy-chain.wrecking-ball.crosscut.tripline&room=boss&v=2.74.0","https://caleb-guyer.github.io/recoil-foundry/?test=branches&combo=stasis.mass-driver.drop-forge.rewire.daisy-chain.wrecking-ball.crosscut.tripline&mirror=1&v=2.74.0"
"stasis.mass-driver.drop-forge.rewire.daisy-chain.triphammer.corner-cutter.crosshatch","Stasis","Mass Driver","Drop Forge + Rewire + Daisy Chain + Triphammer + Corner Cutter + Crosshatch","undefined","49","Suspension > Mass Driver > Drop Forge > Fold > Rewire > Arc Coil > Daisy Chain > Ramjet > Triphammer > Grindshot > Corner Cutter > Crosshatch > Heavy hitter > Scattershot > Hair trigger > Bank shot > Punch through > Splinter > Airshot > Kickback > Bloodwork > Light frame > Burst fire > Backblast > Banker > Landing shot > Slingshot > Redline > Breach > Shatter > Backfire > Recall > Homecoming > Capacitor > Reserve cell > Countershot > Reprisal > Tether rounds > Snapback > Cinder rounds > Crosswind > Flashpoint > Slipstream > Vector rounds > Afterburner > Thread the Needle > Retrace > Wallrunner > Air Brake","suspension > mass-driver > drop-forge > fold > rewire > arc-coil > daisy-chain > ramjet > triphammer > grindshot > corner-cutter > crosshatch > magnum > scatter > rapid > ricochet > pierce > split > airshot > kick > leech > light > burst > backblast > banker > landing > slingshot > redline > breach > shatter > backfire > recall > homecoming > capacitor > reserve-cell > countershot > reprisal > tether > snapback > cinder > crosswind > flashpoint > slipstream > vector > afterburner > thread-the-needle > retrace > wallrunner > air-brake","https://caleb-guyer.github.io/recoil-foundry/?test=branches&combo=stasis.mass-driver.drop-forge.rewire.daisy-chain.triphammer.corner-cutter.crosshatch&v=2.74.0","https://caleb-guyer.github.io/recoil-foundry/?test=branches&combo=stasis.mass-driver.drop-forge.rewire.daisy-chain.triphammer.corner-cutter.crosshatch&room=boss&v=2.74.0","https://caleb-guyer.github.io/recoil-foundry/?test=branches&combo=stasis.mass-driver.drop-forge.rewire.daisy-chain.triphammer.corner-cutter.crosshatch&mirror=1&v=2.74.0"
"stasis.mass-driver.drop-forge.rewire.daisy-chain.triphammer.corner-cutter.tripline","Stasis","Mass Driver","Drop Forge + Rewire + Daisy Chain + Triphammer + Corner Cutter + Tripline","undefined","49","Suspension > Mass Driver > Drop Forge > Fold > Rewire > Arc Coil > Daisy Chain > Ramjet > Triphammer > Grindshot > Corner Cutter > Tripline > Heavy hitter > Scattershot > Hair trigger > Bank shot > Punch through > Splinter > Airshot > Kickback > Bloodwork > Light frame > Burst fire > Backblast > Banker > Landing shot > Slingshot > Redline > Breach > Shatter > Backfire > Recall > Homecoming > Capacitor > Reserve cell > Countershot > Reprisal > Tether rounds > Snapback > Cinder rounds > Crosswind > Flashpoint > Slipstream > Vector rounds > Afterburner > Chain Release > Retrace > Wallrunner > Air Brake","suspension > mass-driver > drop-forge > fold > rewire > arc-coil > daisy-chain > ramjet > triphammer > grindshot > corner-cutter > tripline > magnum > scatter > rapid > ricochet > pierce > split > airshot > kick > leech > light > burst > backblast > banker > landing > slingshot > redline > breach > shatter > backfire > recall > homecoming > capacitor > reserve-cell > countershot > reprisal > tether > snapback > cinder > crosswind > flashpoint > slipstream > vector > afterburner > chain-release > retrace > wallrunner > air-brake","https://caleb-guyer.github.io/recoil-foundry/?test=branches&combo=stasis.mass-driver.drop-forge.rewire.daisy-chain.triphammer.corner-cutter.tripline&v=2.74.0","https://caleb-guyer.github.io/recoil-foundry/?test=branches&combo=stasis.mass-driver.drop-forge.rewire.daisy-chain.triphammer.corner-cutter.tripline&room=boss&v=2.74.0","https://caleb-guyer.github.io/recoil-foundry/?test=branches&combo=stasis.mass-driver.drop-forge.rewire.daisy-chain.triphammer.corner-cutter.tripline&mirror=1&v=2.74.0"
"stasis.mass-driver.drop-forge.rewire.daisy-chain.triphammer.crosscut.crosshatch","Stasis","Mass Driver","Drop Forge + Rewire + Daisy Chain + Triphammer + Crosscut + Crosshatch","undefined","49","Suspension > Mass Driver > Drop Forge > Fold > Rewire > Arc Coil > Daisy Chain > Ramjet > Triphammer > Grindshot > Crosscut > Crosshatch > Heavy hitter > Scattershot > Hair trigger > Bank shot > Punch through > Splinter > Airshot > Kickback > Bloodwork > Light frame > Burst fire > Backblast > Banker > Landing shot > Slingshot > Redline > Breach > Shatter > Backfire > Recall > Homecoming > Capacitor > Reserve cell > Countershot > Reprisal > Tether rounds > Snapback > Cinder rounds > Crosswind > Flashpoint > Slipstream > Vector rounds > Afterburner > Thread the Needle > Retrace > Wallrunner > Air Brake","suspension > mass-driver > drop-forge > fold > rewire > arc-coil > daisy-chain > ramjet > triphammer > grindshot > crosscut > crosshatch > magnum > scatter > rapid > ricochet > pierce > split > airshot > kick > leech > light > burst > backblast > banker > landing > slingshot > redline > breach > shatter > backfire > recall > homecoming > capacitor > reserve-cell > countershot > reprisal > tether > snapback > cinder > crosswind > flashpoint > slipstream > vector > afterburner > thread-the-needle > retrace > wallrunner > air-brake","https://caleb-guyer.github.io/recoil-foundry/?test=branches&combo=stasis.mass-driver.drop-forge.rewire.daisy-chain.triphammer.crosscut.crosshatch&v=2.74.0","https://caleb-guyer.github.io/recoil-foundry/?test=branches&combo=stasis.mass-driver.drop-forge.rewire.daisy-chain.triphammer.crosscut.crosshatch&room=boss&v=2.74.0","https://caleb-guyer.github.io/recoil-foundry/?test=branches&combo=stasis.mass-driver.drop-forge.rewire.daisy-chain.triphammer.crosscut.crosshatch&mirror=1&v=2.74.0"
"stasis.mass-driver.drop-forge.rewire.daisy-chain.triphammer.crosscut.tripline","Stasis","Mass Driver","Drop Forge + Rewire + Daisy Chain + Triphammer + Crosscut + Tripline","undefined","49","Suspension > Mass Driver > Drop Forge > Fold > Rewire > Arc Coil > Daisy Chain > Ramjet > Triphammer > Grindshot > Crosscut > Tripline > Heavy hitter > Scattershot > Hair trigger > Bank shot > Punch through > Splinter > Airshot > Kickback > Bloodwork > Light frame > Burst fire > Backblast > Banker > Landing shot > Slingshot > Redline > Breach > Shatter > Backfire > Recall > Homecoming > Capacitor > Reserve cell > Countershot > Reprisal > Tether rounds > Snapback > Cinder rounds > Crosswind > Flashpoint > Slipstream > Vector rounds > Afterburner > Chain Release > Retrace > Wallrunner > Air Brake","suspension > mass-driver > drop-forge > fold > rewire > arc-coil > daisy-chain > ramjet > triphammer > grindshot > crosscut > tripline > magnum > scatter > rapid > ricochet > pierce > split > airshot > kick > leech > light > burst > backblast > banker > landing > slingshot > redline > breach > shatter > backfire > recall > homecoming > capacitor > reserve-cell > countershot > reprisal > tether > snapback > cinder > crosswind > flashpoint > slipstream > vector > afterburner > chain-release > retrace > wallrunner > air-brake","https://caleb-guyer.github.io/recoil-foundry/?test=branches&combo=stasis.mass-driver.drop-forge.rewire.daisy-chain.triphammer.crosscut.tripline&v=2.74.0","https://caleb-guyer.github.io/recoil-foundry/?test=branches&combo=stasis.mass-driver.drop-forge.rewire.daisy-chain.triphammer.crosscut.tripline&room=boss&v=2.74.0","https://caleb-guyer.github.io/recoil-foundry/?test=branches&combo=stasis.mass-driver.drop-forge.rewire.daisy-chain.triphammer.crosscut.tripline&mirror=1&v=2.74.0"
"stasis.mass-driver.drop-forge.rewire.short-circuit.wrecking-ball.corner-cutter.crosshatch","Stasis","Mass Driver","Drop Forge + Rewire + Short Circuit + Wrecking Ball + Corner Cutter + Crosshatch","undefined","49","Suspension > Mass Driver > Drop Forge > Fold > Rewire > Arc Coil > Short Circuit > Ramjet > Wrecking Ball > Grindshot > Corner Cutter > Crosshatch > Heavy hitter > Scattershot > Hair trigger > Bank shot > Punch through > Splinter > Airshot > Kickback > Bloodwork > Light frame > Burst fire > Backblast > Banker > Landing shot > Slingshot > Redline > Breach > Shatter > Backfire > Recall > Homecoming > Capacitor > Reserve cell > Countershot > Reprisal > Tether rounds > Snapback > Cinder rounds > Crosswind > Flashpoint > Slipstream > Vector rounds > Afterburner > Thread the Needle > Retrace > Wallrunner > Air Brake","suspension > mass-driver > drop-forge > fold > rewire > arc-coil > short-circuit > ramjet > wrecking-ball > grindshot > corner-cutter > crosshatch > magnum > scatter > rapid > ricochet > pierce > split > airshot > kick > leech > light > burst > backblast > banker > landing > slingshot > redline > breach > shatter > backfire > recall > homecoming > capacitor > reserve-cell > countershot > reprisal > tether > snapback > cinder > crosswind > flashpoint > slipstream > vector > afterburner > thread-the-needle > retrace > wallrunner > air-brake","https://caleb-guyer.github.io/recoil-foundry/?test=branches&combo=stasis.mass-driver.drop-forge.rewire.short-circuit.wrecking-ball.corner-cutter.crosshatch&v=2.74.0","https://caleb-guyer.github.io/recoil-foundry/?test=branches&combo=stasis.mass-driver.drop-forge.rewire.short-circuit.wrecking-ball.corner-cutter.crosshatch&room=boss&v=2.74.0","https://caleb-guyer.github.io/recoil-foundry/?test=branches&combo=stasis.mass-driver.drop-forge.rewire.short-circuit.wrecking-ball.corner-cutter.crosshatch&mirror=1&v=2.74.0"
"stasis.mass-driver.drop-forge.rewire.short-circuit.wrecking-ball.corner-cutter.tripline","Stasis","Mass Driver","Drop Forge + Rewire + Short Circuit + Wrecking Ball + Corner Cutter + Tripline","undefined","49","Suspension > Mass Driver > Drop Forge > Fold > Rewire > Arc Coil > Short Circuit > Ramjet > Wrecking Ball > Grindshot > Corner Cutter > Tripline > Heavy hitter > Scattershot > Hair trigger > Bank shot > Punch through > Splinter > Airshot > Kickback > Bloodwork > Light frame > Burst fire > Backblast > Banker > Landing shot > Slingshot > Redline > Breach > Shatter > Backfire > Recall > Homecoming > Capacitor > Reserve cell > Countershot > Reprisal > Tether rounds > Snapback > Cinder rounds > Crosswind > Flashpoint > Slipstream > Vector rounds > Afterburner > Chain Release > Retrace > Wallrunner > Air Brake","suspension > mass-driver > drop-forge > fold > rewire > arc-coil > short-circuit > ramjet > wrecking-ball > grindshot > corner-cutter > tripline > magnum > scatter > rapid > ricochet > pierce > split > airshot > kick > leech > light > burst > backblast > banker > landing > slingshot > redline > breach > shatter > backfire > recall > homecoming > capacitor > reserve-cell > countershot > reprisal > tether > snapback > cinder > crosswind > flashpoint > slipstream > vector > afterburner > chain-release > retrace > wallrunner > air-brake","https://caleb-guyer.github.io/recoil-foundry/?test=branches&combo=stasis.mass-driver.drop-forge.rewire.short-circuit.wrecking-ball.corner-cutter.tripline&v=2.74.0","https://caleb-guyer.github.io/recoil-foundry/?test=branches&combo=stasis.mass-driver.drop-forge.rewire.short-circuit.wrecking-ball.corner-cutter.tripline&room=boss&v=2.74.0","https://caleb-guyer.github.io/recoil-foundry/?test=branches&combo=stasis.mass-driver.drop-forge.rewire.short-circuit.wrecking-ball.corner-cutter.tripline&mirror=1&v=2.74.0"
"stasis.mass-driver.drop-forge.rewire.short-circuit.wrecking-ball.crosscut.crosshatch","Stasis","Mass Driver","Drop Forge + Rewire + Short Circuit + Wrecking Ball + Crosscut + Crosshatch","undefined","49","Suspension > Mass Driver > Drop Forge > Fold > Rewire > Arc Coil > Short Circuit > Ramjet > Wrecking Ball > Grindshot > Crosscut > Crosshatch > Heavy hitter > Scattershot > Hair trigger > Bank shot > Punch through > Splinter > Airshot > Kickback > Bloodwork > Light frame > Burst fire > Backblast > Banker > Landing shot > Slingshot > Redline > Breach > Shatter > Backfire > Recall > Homecoming > Capacitor > Reserve cell > Countershot > Reprisal > Tether rounds > Snapback > Cinder rounds > Crosswind > Flashpoint > Slipstream > Vector rounds > Afterburner > Thread the Needle > Retrace > Wallrunner > Air Brake","suspension > mass-driver > drop-forge > fold > rewire > arc-coil > short-circuit > ramjet > wrecking-ball > grindshot > crosscut > crosshatch > magnum > scatter > rapid > ricochet > pierce > split > airshot > kick > leech > light > burst > backblast > banker > landing > slingshot > redline > breach > shatter > backfire > recall > homecoming > capacitor > reserve-cell > countershot > reprisal > tether > snapback > cinder > crosswind > flashpoint > slipstream > vector > afterburner > thread-the-needle > retrace > wallrunner > air-brake","https://caleb-guyer.github.io/recoil-foundry/?test=branches&combo=stasis.mass-driver.drop-forge.rewire.short-circuit.wrecking-ball.crosscut.crosshatch&v=2.74.0","https://caleb-guyer.github.io/recoil-foundry/?test=branches&combo=stasis.mass-driver.drop-forge.rewire.short-circuit.wrecking-ball.crosscut.crosshatch&room=boss&v=2.74.0","https://caleb-guyer.github.io/recoil-foundry/?test=branches&combo=stasis.mass-driver.drop-forge.rewire.short-circuit.wrecking-ball.crosscut.crosshatch&mirror=1&v=2.74.0"
"stasis.mass-driver.drop-forge.rewire.short-circuit.wrecking-ball.crosscut.tripline","Stasis","Mass Driver","Drop Forge + Rewire + Short Circuit + Wrecking Ball + Crosscut + Tripline","undefined","49","Suspension > Mass Driver > Drop Forge > Fold > Rewire > Arc Coil > Short Circuit > Ramjet > Wrecking Ball > Grindshot > Crosscut > Tripline > Heavy hitter > Scattershot > Hair trigger > Bank shot > Punch through > Splinter > Airshot > Kickback > Bloodwork > Light frame > Burst fire > Backblast > Banker > Landing shot > Slingshot > Redline > Breach > Shatter > Backfire > Recall > Homecoming > Capacitor > Reserve cell > Countershot > Reprisal > Tether rounds > Snapback > Cinder rounds > Crosswind > Flashpoint > Slipstream > Vector rounds > Afterburner > Chain Release > Retrace > Wallrunner > Air Brake","suspension > mass-driver > drop-forge > fold > rewire > arc-coil > short-circuit > ramjet > wrecking-ball > grindshot > crosscut > tripline > magnum > scatter > rapid > ricochet > pierce > split > airshot > kick > leech > light > burst > backblast > banker > landing > slingshot > redline > breach > shatter > backfire > recall > homecoming > capacitor > reserve-cell > countershot > reprisal > tether > snapback > cinder > crosswind > flashpoint > slipstream > vector > afterburner > chain-release > retrace > wallrunner > air-brake","https://caleb-guyer.github.io/recoil-foundry/?test=branches&combo=stasis.mass-driver.drop-forge.rewire.short-circuit.wrecking-ball.crosscut.tripline&v=2.74.0","https://caleb-guyer.github.io/recoil-foundry/?test=branches&combo=stasis.mass-driver.drop-forge.rewire.short-circuit.wrecking-ball.crosscut.tripline&room=boss&v=2.74.0","https://caleb-guyer.github.io/recoil-foundry/?test=branches&combo=stasis.mass-driver.drop-forge.rewire.short-circuit.wrecking-ball.crosscut.tripline&mirror=1&v=2.74.0"
"stasis.mass-driver.drop-forge.rewire.short-circuit.triphammer.corner-cutter.crosshatch","Stasis","Mass Driver","Drop Forge + Rewire + Short Circuit + Triphammer + Corner Cutter + Crosshatch","undefined","49","Suspension > Mass Driver > Drop Forge > Fold > Rewire > Arc Coil > Short Circuit > Ramjet > Triphammer > Grindshot > Corner Cutter > Crosshatch > Heavy hitter > Scattershot > Hair trigger > Bank shot > Punch through > Splinter > Airshot > Kickback > Bloodwork > Light frame > Burst fire > Backblast > Banker > Landing shot > Slingshot > Redline > Breach > Shatter > Backfire > Recall > Homecoming > Capacitor > Reserve cell > Countershot > Reprisal > Tether rounds > Snapback > Cinder rounds > Crosswind > Flashpoint > Slipstream > Vector rounds > Afterburner > Thread the Needle > Retrace > Wallrunner > Air Brake","suspension > mass-driver > drop-forge > fold > rewire > arc-coil > short-circuit > ramjet > triphammer > grindshot > corner-cutter > crosshatch > magnum > scatter > rapid > ricochet > pierce > split > airshot > kick > leech > light > burst > backblast > banker > landing > slingshot > redline > breach > shatter > backfire > recall > homecoming > capacitor > reserve-cell > countershot > reprisal > tether > snapback > cinder > crosswind > flashpoint > slipstream > vector > afterburner > thread-the-needle > retrace > wallrunner > air-brake","https://caleb-guyer.github.io/recoil-foundry/?test=branches&combo=stasis.mass-driver.drop-forge.rewire.short-circuit.triphammer.corner-cutter.crosshatch&v=2.74.0","https://caleb-guyer.github.io/recoil-foundry/?test=branches&combo=stasis.mass-driver.drop-forge.rewire.short-circuit.triphammer.corner-cutter.crosshatch&room=boss&v=2.74.0","https://caleb-guyer.github.io/recoil-foundry/?test=branches&combo=stasis.mass-driver.drop-forge.rewire.short-circuit.triphammer.corner-cutter.crosshatch&mirror=1&v=2.74.0"
"stasis.mass-driver.drop-forge.rewire.short-circuit.triphammer.corner-cutter.tripline","Stasis","Mass Driver","Drop Forge + Rewire + Short Circuit + Triphammer + Corner Cutter + Tripline","undefined","49","Suspension > Mass Driver > Drop Forge > Fold > Rewire > Arc Coil > Short Circuit > Ramjet > Triphammer > Grindshot > Corner Cutter > Tripline > Heavy hitter > Scattershot > Hair trigger > Bank shot > Punch through > Splinter > Airshot > Kickback > Bloodwork > Light frame > Burst fire > Backblast > Banker > Landing shot > Slingshot > Redline > Breach > Shatter > Backfire > Recall > Homecoming > Capacitor > Reserve cell > Countershot > Reprisal > Tether rounds > Snapback > Cinder rounds > Crosswind > Flashpoint > Slipstream > Vector rounds > Afterburner > Chain Release > Retrace > Wallrunner > Air Brake","suspension > mass-driver > drop-forge > fold > rewire > arc-coil > short-circuit > ramjet > triphammer > grindshot > corner-cutter > tripline > magnum > scatter > rapid > ricochet > pierce > split > airshot > kick > leech > light > burst > backblast > banker > landing > slingshot > redline > breach > shatter > backfire > recall > homecoming > capacitor > reserve-cell > countershot > reprisal > tether > snapback > cinder > crosswind > flashpoint > slipstream > vector > afterburner > chain-release > retrace > wallrunner > air-brake","https://caleb-guyer.github.io/recoil-foundry/?test=branches&combo=stasis.mass-driver.drop-forge.rewire.short-circuit.triphammer.corner-cutter.tripline&v=2.74.0","https://caleb-guyer.github.io/recoil-foundry/?test=branches&combo=stasis.mass-driver.drop-forge.rewire.short-circuit.triphammer.corner-cutter.tripline&room=boss&v=2.74.0","https://caleb-guyer.github.io/recoil-foundry/?test=branches&combo=stasis.mass-driver.drop-forge.rewire.short-circuit.triphammer.corner-cutter.tripline&mirror=1&v=2.74.0"
"stasis.mass-driver.drop-forge.rewire.short-circuit.triphammer.crosscut.crosshatch","Stasis","Mass Driver","Drop Forge + Rewire + Short Circuit + Triphammer + Crosscut + Crosshatch","undefined","49","Suspension > Mass Driver > Drop Forge > Fold > Rewire > Arc Coil > Short Circuit > Ramjet > Triphammer > Grindshot > Crosscut > Crosshatch > Heavy hitter > Scattershot > Hair trigger > Bank shot > Punch through > Splinter > Airshot > Kickback > Bloodwork > Light frame > Burst fire > Backblast > Banker > Landing shot > Slingshot > Redline > Breach > Shatter > Backfire > Recall > Homecoming > Capacitor > Reserve cell > Countershot > Reprisal > Tether rounds > Snapback > Cinder rounds > Crosswind > Flashpoint > Slipstream > Vector rounds > Afterburner > Thread the Needle > Retrace > Wallrunner > Air Brake","suspension > mass-driver > drop-forge > fold > rewire > arc-coil > short-circuit > ramjet > triphammer > grindshot > crosscut > crosshatch > magnum > scatter > rapid > ricochet > pierce > split > airshot > kick > leech > light > burst > backblast > banker > landing > slingshot > redline > breach > shatter > backfire > recall > homecoming > capacitor > reserve-cell > countershot > reprisal > tether > snapback > cinder > crosswind > flashpoint > slipstream > vector > afterburner > thread-the-needle > retrace > wallrunner > air-brake","https://caleb-guyer.github.io/recoil-foundry/?test=branches&combo=stasis.mass-driver.drop-forge.rewire.short-circuit.triphammer.crosscut.crosshatch&v=2.74.0","https://caleb-guyer.github.io/recoil-foundry/?test=branches&combo=stasis.mass-driver.drop-forge.rewire.short-circuit.triphammer.crosscut.crosshatch&room=boss&v=2.74.0","https://caleb-guyer.github.io/recoil-foundry/?test=branches&combo=stasis.mass-driver.drop-forge.rewire.short-circuit.triphammer.crosscut.crosshatch&mirror=1&v=2.74.0"
"stasis.mass-driver.drop-forge.rewire.short-circuit.triphammer.crosscut.tripline","Stasis","Mass Driver","Drop Forge + Rewire + Short Circuit + Triphammer + Crosscut + Tripline","undefined","49","Suspension > Mass Driver > Drop Forge > Fold > Rewire > Arc Coil > Short Circuit > Ramjet > Triphammer > Grindshot > Crosscut > Tripline > Heavy hitter > Scattershot > Hair trigger > Bank shot > Punch through > Splinter > Airshot > Kickback > Bloodwork > Light frame > Burst fire > Backblast > Banker > Landing shot > Slingshot > Redline > Breach > Shatter > Backfire > Recall > Homecoming > Capacitor > Reserve cell > Countershot > Reprisal > Tether rounds > Snapback > Cinder rounds > Crosswind > Flashpoint > Slipstream > Vector rounds > Afterburner > Chain Release > Retrace > Wallrunner > Air Brake","suspension > mass-driver > drop-forge > fold > rewire > arc-coil > short-circuit > ramjet > triphammer > grindshot > crosscut > tripline > magnum > scatter > rapid > ricochet > pierce > split > airshot > kick > leech > light > burst > backblast > banker > landing > slingshot > redline > breach > shatter > backfire > recall > homecoming > capacitor > reserve-cell > countershot > reprisal > tether > snapback > cinder > crosswind > flashpoint > slipstream > vector > afterburner > chain-release > retrace > wallrunner > air-brake","https://caleb-guyer.github.io/recoil-foundry/?test=branches&combo=stasis.mass-driver.drop-forge.rewire.short-circuit.triphammer.crosscut.tripline&v=2.74.0","https://caleb-guyer.github.io/recoil-foundry/?test=branches&combo=stasis.mass-driver.drop-forge.rewire.short-circuit.triphammer.crosscut.tripline&room=boss&v=2.74.0","https://caleb-guyer.github.io/recoil-foundry/?test=branches&combo=stasis.mass-driver.drop-forge.rewire.short-circuit.triphammer.crosscut.tripline&mirror=1&v=2.74.0"
"stasis.mass-driver.drop-forge.relay-gate.daisy-chain.wrecking-ball.corner-cutter.crosshatch","Stasis","Mass Driver","Drop Forge + Relay Gate + Daisy Chain + Wrecking Ball + Corner Cutter + Crosshatch","undefined","49","Suspension > Mass Driver > Drop Forge > Fold > Relay Gate > Arc Coil > Daisy Chain > Ramjet > Wrecking Ball > Grindshot > Corner Cutter > Crosshatch > Heavy hitter > Scattershot > Hair trigger > Bank shot > Punch through > Splinter > Airshot > Kickback > Bloodwork > Light frame > Burst fire > Backblast > Banker > Landing shot > Slingshot > Redline > Breach > Shatter > Backfire > Recall > Homecoming > Capacitor > Reserve cell > Countershot > Reprisal > Tether rounds > Snapback > Cinder rounds > Crosswind > Flashpoint > Slipstream > Vector rounds > Afterburner > Thread the Needle > Retrace > Wallrunner > Air Brake","suspension > mass-driver > drop-forge > fold > relay-gate > arc-coil > daisy-chain > ramjet > wrecking-ball > grindshot > corner-cutter > crosshatch > magnum > scatter > rapid > ricochet > pierce > split > airshot > kick > leech > light > burst > backblast > banker > landing > slingshot > redline > breach > shatter > backfire > recall > homecoming > capacitor > reserve-cell > countershot > reprisal > tether > snapback > cinder > crosswind > flashpoint > slipstream > vector > afterburner > thread-the-needle > retrace > wallrunner > air-brake","https://caleb-guyer.github.io/recoil-foundry/?test=branches&combo=stasis.mass-driver.drop-forge.relay-gate.daisy-chain.wrecking-ball.corner-cutter.crosshatch&v=2.74.0","https://caleb-guyer.github.io/recoil-foundry/?test=branches&combo=stasis.mass-driver.drop-forge.relay-gate.daisy-chain.wrecking-ball.corner-cutter.crosshatch&room=boss&v=2.74.0","https://caleb-guyer.github.io/recoil-foundry/?test=branches&combo=stasis.mass-driver.drop-forge.relay-gate.daisy-chain.wrecking-ball.corner-cutter.crosshatch&mirror=1&v=2.74.0"
"stasis.mass-driver.drop-forge.relay-gate.daisy-chain.wrecking-ball.corner-cutter.tripline","Stasis","Mass Driver","Drop Forge + Relay Gate + Daisy Chain + Wrecking Ball + Corner Cutter + Tripline","undefined","49","Suspension > Mass Driver > Drop Forge > Fold > Relay Gate > Arc Coil > Daisy Chain > Ramjet > Wrecking Ball > Grindshot > Corner Cutter > Tripline > Heavy hitter > Scattershot > Hair trigger > Bank shot > Punch through > Splinter > Airshot > Kickback > Bloodwork > Light frame > Burst fire > Backblast > Banker > Landing shot > Slingshot > Redline > Breach > Shatter > Backfire > Recall > Homecoming > Capacitor > Reserve cell > Countershot > Reprisal > Tether rounds > Snapback > Cinder rounds > Crosswind > Flashpoint > Slipstream > Vector rounds > Afterburner > Chain Release > Retrace > Wallrunner > Air Brake","suspension > mass-driver > drop-forge > fold > relay-gate > arc-coil > daisy-chain > ramjet > wrecking-ball > grindshot > corner-cutter > tripline > magnum > scatter > rapid > ricochet > pierce > split > airshot > kick > leech > light > burst > backblast > banker > landing > slingshot > redline > breach > shatter > backfire > recall > homecoming > capacitor > reserve-cell > countershot > reprisal > tether > snapback > cinder > crosswind > flashpoint > slipstream > vector > afterburner > chain-release > retrace > wallrunner > air-brake","https://caleb-guyer.github.io/recoil-foundry/?test=branches&combo=stasis.mass-driver.drop-forge.relay-gate.daisy-chain.wrecking-ball.corner-cutter.tripline&v=2.74.0","https://caleb-guyer.github.io/recoil-foundry/?test=branches&combo=stasis.mass-driver.drop-forge.relay-gate.daisy-chain.wrecking-ball.corner-cutter.tripline&room=boss&v=2.74.0","https://caleb-guyer.github.io/recoil-foundry/?test=branches&combo=stasis.mass-driver.drop-forge.relay-gate.daisy-chain.wrecking-ball.corner-cutter.tripline&mirror=1&v=2.74.0"
"stasis.mass-driver.drop-forge.relay-gate.daisy-chain.wrecking-ball.crosscut.crosshatch","Stasis","Mass Driver","Drop Forge + Relay Gate + Daisy Chain + Wrecking Ball + Crosscut + Crosshatch","undefined","49","Suspension > Mass Driver > Drop Forge > Fold > Relay Gate > Arc Coil > Daisy Chain > Ramjet > Wrecking Ball > Grindshot > Crosscut > Crosshatch > Heavy hitter > Scattershot > Hair trigger > Bank shot > Punch through > Splinter > Airshot > Kickback > Bloodwork > Light frame > Burst fire > Backblast > Banker > Landing shot > Slingshot > Redline > Breach > Shatter > Backfire > Recall > Homecoming > Capacitor > Reserve cell > Countershot > Reprisal > Tether rounds > Snapback > Cinder rounds > Crosswind > Flashpoint > Slipstream > Vector rounds > Afterburner > Thread the Needle > Retrace > Wallrunner > Air Brake","suspension > mass-driver > drop-forge > fold > relay-gate > arc-coil > daisy-chain > ramjet > wrecking-ball > grindshot > crosscut > crosshatch > magnum > scatter > rapid > ricochet > pierce > split > airshot > kick > leech > light > burst > backblast > banker > landing > slingshot > redline > breach > shatter > backfire > recall > homecoming > capacitor > reserve-cell > countershot > reprisal > tether > snapback > cinder > crosswind > flashpoint > slipstream > vector > afterburner > thread-the-needle > retrace > wallrunner > air-brake","https://caleb-guyer.github.io/recoil-foundry/?test=branches&combo=stasis.mass-driver.drop-forge.relay-gate.daisy-chain.wrecking-ball.crosscut.crosshatch&v=2.74.0","https://caleb-guyer.github.io/recoil-foundry/?test=branches&combo=stasis.mass-driver.drop-forge.relay-gate.daisy-chain.wrecking-ball.crosscut.crosshatch&room=boss&v=2.74.0","https://caleb-guyer.github.io/recoil-foundry/?test=branches&combo=stasis.mass-driver.drop-forge.relay-gate.daisy-chain.wrecking-ball.crosscut.crosshatch&mirror=1&v=2.74.0"
"stasis.mass-driver.drop-forge.relay-gate.daisy-chain.wrecking-ball.crosscut.tripline","Stasis","Mass Driver","Drop Forge + Relay Gate + Daisy Chain + Wrecking Ball + Crosscut + Tripline","undefined","49","Suspension > Mass Driver > Drop Forge > Fold > Relay Gate > Arc Coil > Daisy Chain > Ramjet > Wrecking Ball > Grindshot > Crosscut > Tripline > Heavy hitter > Scattershot > Hair trigger > Bank shot > Punch through > Splinter > Airshot > Kickback > Bloodwork > Light frame > Burst fire > Backblast > Banker > Landing shot > Slingshot > Redline > Breach > Shatter > Backfire > Recall > Homecoming > Capacitor > Reserve cell > Countershot > Reprisal > Tether rounds > Snapback > Cinder rounds > Crosswind > Flashpoint > Slipstream > Vector rounds > Afterburner > Chain Release > Retrace > Wallrunner > Air Brake","suspension > mass-driver > drop-forge > fold > relay-gate > arc-coil > daisy-chain > ramjet > wrecking-ball > grindshot > crosscut > tripline > magnum > scatter > rapid > ricochet > pierce > split > airshot > kick > leech > light > burst > backblast > banker > landing > slingshot > redline > breach > shatter > backfire > recall > homecoming > capacitor > reserve-cell > countershot > reprisal > tether > snapback > cinder > crosswind > flashpoint > slipstream > vector > afterburner > chain-release > retrace > wallrunner > air-brake","https://caleb-guyer.github.io/recoil-foundry/?test=branches&combo=stasis.mass-driver.drop-forge.relay-gate.daisy-chain.wrecking-ball.crosscut.tripline&v=2.74.0","https://caleb-guyer.github.io/recoil-foundry/?test=branches&combo=stasis.mass-driver.drop-forge.relay-gate.daisy-chain.wrecking-ball.crosscut.tripline&room=boss&v=2.74.0","https://caleb-guyer.github.io/recoil-foundry/?test=branches&combo=stasis.mass-driver.drop-forge.relay-gate.daisy-chain.wrecking-ball.crosscut.tripline&mirror=1&v=2.74.0"
"stasis.mass-driver.drop-forge.relay-gate.daisy-chain.triphammer.corner-cutter.crosshatch","Stasis","Mass Driver","Drop Forge + Relay Gate + Daisy Chain + Triphammer + Corner Cutter + Crosshatch","undefined","49","Suspension > Mass Driver > Drop Forge > Fold > Relay Gate > Arc Coil > Daisy Chain > Ramjet > Triphammer > Grindshot > Corner Cutter > Crosshatch > Heavy hitter > Scattershot > Hair trigger > Bank shot > Punch through > Splinter > Airshot > Kickback > Bloodwork > Light frame > Burst fire > Backblast > Banker > Landing shot > Slingshot > Redline > Breach > Shatter > Backfire > Recall > Homecoming > Capacitor > Reserve cell > Countershot > Reprisal > Tether rounds > Snapback > Cinder rounds > Crosswind > Flashpoint > Slipstream > Vector rounds > Afterburner > Thread the Needle > Retrace > Wallrunner > Air Brake","suspension > mass-driver > drop-forge > fold > relay-gate > arc-coil > daisy-chain > ramjet > triphammer > grindshot > corner-cutter > crosshatch > magnum > scatter > rapid > ricochet > pierce > split > airshot > kick > leech > light > burst > backblast > banker > landing > slingshot > redline > breach > shatter > backfire > recall > homecoming > capacitor > reserve-cell > countershot > reprisal > tether > snapback > cinder > crosswind > flashpoint > slipstream > vector > afterburner > thread-the-needle > retrace > wallrunner > air-brake","https://caleb-guyer.github.io/recoil-foundry/?test=branches&combo=stasis.mass-driver.drop-forge.relay-gate.daisy-chain.triphammer.corner-cutter.crosshatch&v=2.74.0","https://caleb-guyer.github.io/recoil-foundry/?test=branches&combo=stasis.mass-driver.drop-forge.relay-gate.daisy-chain.triphammer.corner-cutter.crosshatch&room=boss&v=2.74.0","https://caleb-guyer.github.io/recoil-foundry/?test=branches&combo=stasis.mass-driver.drop-forge.relay-gate.daisy-chain.triphammer.corner-cutter.crosshatch&mirror=1&v=2.74.0"
"stasis.mass-driver.drop-forge.relay-gate.daisy-chain.triphammer.corner-cutter.tripline","Stasis","Mass Driver","Drop Forge + Relay Gate + Daisy Chain + Triphammer + Corner Cutter + Tripline","undefined","49","Suspension > Mass Driver > Drop Forge > Fold > Relay Gate > Arc Coil > Daisy Chain > Ramjet > Triphammer > Grindshot > Corner Cutter > Tripline > Heavy hitter > Scattershot > Hair trigger > Bank shot > Punch through > Splinter > Airshot > Kickback > Bloodwork > Light frame > Burst fire > Backblast > Banker > Landing shot > Slingshot > Redline > Breach > Shatter > Backfire > Recall > Homecoming > Capacitor > Reserve cell > Countershot > Reprisal > Tether rounds > Snapback > Cinder rounds > Crosswind > Flashpoint > Slipstream > Vector rounds > Afterburner > Chain Release > Retrace > Wallrunner > Air Brake","suspension > mass-driver > drop-forge > fold > relay-gate > arc-coil > daisy-chain > ramjet > triphammer > grindshot > corner-cutter > tripline > magnum > scatter > rapid > ricochet > pierce > split > airshot > kick > leech > light > burst > backblast > banker > landing > slingshot > redline > breach > shatter > backfire > recall > homecoming > capacitor > reserve-cell > countershot > reprisal > tether > snapback > cinder > crosswind > flashpoint > slipstream > vector > afterburner > chain-release > retrace > wallrunner > air-brake","https://caleb-guyer.github.io/recoil-foundry/?test=branches&combo=stasis.mass-driver.drop-forge.relay-gate.daisy-chain.triphammer.corner-cutter.tripline&v=2.74.0","https://caleb-guyer.github.io/recoil-foundry/?test=branches&combo=stasis.mass-driver.drop-forge.relay-gate.daisy-chain.triphammer.corner-cutter.tripline&room=boss&v=2.74.0","https://caleb-guyer.github.io/recoil-foundry/?test=branches&combo=stasis.mass-driver.drop-forge.relay-gate.daisy-chain.triphammer.corner-cutter.tripline&mirror=1&v=2.74.0"
"stasis.mass-driver.drop-forge.relay-gate.daisy-chain.triphammer.crosscut.crosshatch","Stasis","Mass Driver","Drop Forge + Relay Gate + Daisy Chain + Triphammer + Crosscut + Crosshatch","undefined","49","Suspension > Mass Driver > Drop Forge > Fold > Relay Gate > Arc Coil > Daisy Chain > Ramjet > Triphammer > Grindshot > Crosscut > Crosshatch > Heavy hitter > Scattershot > Hair trigger > Bank shot > Punch through > Splinter > Airshot > Kickback > Bloodwork > Light frame > Burst fire > Backblast > Banker > Landing shot > Slingshot > Redline > Breach > Shatter > Backfire > Recall > Homecoming > Capacitor > Reserve cell > Countershot > Reprisal > Tether rounds > Snapback > Cinder rounds > Crosswind > Flashpoint > Slipstream > Vector rounds > Afterburner > Thread the Needle > Retrace > Wallrunner > Air Brake","suspension > mass-driver > drop-forge > fold > relay-gate > arc-coil > daisy-chain > ramjet > triphammer > grindshot > crosscut > crosshatch > magnum > scatter > rapid > ricochet > pierce > split > airshot > kick > leech > light > burst > backblast > banker > landing > slingshot > redline > breach > shatter > backfire > recall > homecoming > capacitor > reserve-cell > countershot > reprisal > tether > snapback > cinder > crosswind > flashpoint > slipstream > vector > afterburner > thread-the-needle > retrace > wallrunner > air-brake","https://caleb-guyer.github.io/recoil-foundry/?test=branches&combo=stasis.mass-driver.drop-forge.relay-gate.daisy-chain.triphammer.crosscut.crosshatch&v=2.74.0","https://caleb-guyer.github.io/recoil-foundry/?test=branches&combo=stasis.mass-driver.drop-forge.relay-gate.daisy-chain.triphammer.crosscut.crosshatch&room=boss&v=2.74.0","https://caleb-guyer.github.io/recoil-foundry/?test=branches&combo=stasis.mass-driver.drop-forge.relay-gate.daisy-chain.triphammer.crosscut.crosshatch&mirror=1&v=2.74.0"
"stasis.mass-driver.drop-forge.relay-gate.daisy-chain.triphammer.crosscut.tripline","Stasis","Mass Driver","Drop Forge + Relay Gate + Daisy Chain + Triphammer + Crosscut + Tripline","undefined","49","Suspension > Mass Driver > Drop Forge > Fold > Relay Gate > Arc Coil > Daisy Chain > Ramjet > Triphammer > Grindshot > Crosscut > Tripline > Heavy hitter > Scattershot > Hair trigger > Bank shot > Punch through > Splinter > Airshot > Kickback > Bloodwork > Light frame > Burst fire > Backblast > Banker > Landing shot > Slingshot > Redline > Breach > Shatter > Backfire > Recall > Homecoming > Capacitor > Reserve cell > Countershot > Reprisal > Tether rounds > Snapback > Cinder rounds > Crosswind > Flashpoint > Slipstream > Vector rounds > Afterburner > Chain Release > Retrace > Wallrunner > Air Brake","suspension > mass-driver > drop-forge > fold > relay-gate > arc-coil > daisy-chain > ramjet > triphammer > grindshot > crosscut > tripline > magnum > scatter > rapid > ricochet > pierce > split > airshot > kick > leech > light > burst > backblast > banker > landing > slingshot > redline > breach > shatter > backfire > recall > homecoming > capacitor > reserve-cell > countershot > reprisal > tether > snapback > cinder > crosswind > flashpoint > slipstream > vector > afterburner > chain-release > retrace > wallrunner > air-brake","https://caleb-guyer.github.io/recoil-foundry/?test=branches&combo=stasis.mass-driver.drop-forge.relay-gate.daisy-chain.triphammer.crosscut.tripline&v=2.74.0","https://caleb-guyer.github.io/recoil-foundry/?test=branches&combo=stasis.mass-driver.drop-forge.relay-gate.daisy-chain.triphammer.crosscut.tripline&room=boss&v=2.74.0","https://caleb-guyer.github.io/recoil-foundry/?test=branches&combo=stasis.mass-driver.drop-forge.relay-gate.daisy-chain.triphammer.crosscut.tripline&mirror=1&v=2.74.0"
"stasis.mass-driver.drop-forge.relay-gate.short-circuit.wrecking-ball.corner-cutter.crosshatch","Stasis","Mass Driver","Drop Forge + Relay Gate + Short Circuit + Wrecking Ball + Corner Cutter + Crosshatch","undefined","49","Suspension > Mass Driver > Drop Forge > Fold > Relay Gate > Arc Coil > Short Circuit > Ramjet > Wrecking Ball > Grindshot > Corner Cutter > Crosshatch > Heavy hitter > Scattershot > Hair trigger > Bank shot > Punch through > Splinter > Airshot > Kickback > Bloodwork > Light frame > Burst fire > Backblast > Banker > Landing shot > Slingshot > Redline > Breach > Shatter > Backfire > Recall > Homecoming > Capacitor > Reserve cell > Countershot > Reprisal > Tether rounds > Snapback > Cinder rounds > Crosswind > Flashpoint > Slipstream > Vector rounds > Afterburner > Thread the Needle > Retrace > Wallrunner > Air Brake","suspension > mass-driver > drop-forge > fold > relay-gate > arc-coil > short-circuit > ramjet > wrecking-ball > grindshot > corner-cutter > crosshatch > magnum > scatter > rapid > ricochet > pierce > split > airshot > kick > leech > light > burst > backblast > banker > landing > slingshot > redline > breach > shatter > backfire > recall > homecoming > capacitor > reserve-cell > countershot > reprisal > tether > snapback > cinder > crosswind > flashpoint > slipstream > vector > afterburner > thread-the-needle > retrace > wallrunner > air-brake","https://caleb-guyer.github.io/recoil-foundry/?test=branches&combo=stasis.mass-driver.drop-forge.relay-gate.short-circuit.wrecking-ball.corner-cutter.crosshatch&v=2.74.0","https://caleb-guyer.github.io/recoil-foundry/?test=branches&combo=stasis.mass-driver.drop-forge.relay-gate.short-circuit.wrecking-ball.corner-cutter.crosshatch&room=boss&v=2.74.0","https://caleb-guyer.github.io/recoil-foundry/?test=branches&combo=stasis.mass-driver.drop-forge.relay-gate.short-circuit.wrecking-ball.corner-cutter.crosshatch&mirror=1&v=2.74.0"
"stasis.mass-driver.drop-forge.relay-gate.short-circuit.wrecking-ball.corner-cutter.tripline","Stasis","Mass Driver","Drop Forge + Relay Gate + Short Circuit + Wrecking Ball + Corner Cutter + Tripline","undefined","49","Suspension > Mass Driver > Drop Forge > Fold > Relay Gate > Arc Coil > Short Circuit > Ramjet > Wrecking Ball > Grindshot > Corner Cutter > Tripline > Heavy hitter > Scattershot > Hair trigger > Bank shot > Punch through > Splinter > Airshot > Kickback > Bloodwork > Light frame > Burst fire > Backblast > Banker > Landing shot > Slingshot > Redline > Breach > Shatter > Backfire > Recall > Homecoming > Capacitor > Reserve cell > Countershot > Reprisal > Tether rounds > Snapback > Cinder rounds > Crosswind > Flashpoint > Slipstream > Vector rounds > Afterburner > Chain Release > Retrace > Wallrunner > Air Brake","suspension > mass-driver > drop-forge > fold > relay-gate > arc-coil > short-circuit > ramjet > wrecking-ball > grindshot > corner-cutter > tripline > magnum > scatter > rapid > ricochet > pierce > split > airshot > kick > leech > light > burst > backblast > banker > landing > slingshot > redline > breach > shatter > backfire > recall > homecoming > capacitor > reserve-cell > countershot > reprisal > tether > snapback > cinder > crosswind > flashpoint > slipstream > vector > afterburner > chain-release > retrace > wallrunner > air-brake","https://caleb-guyer.github.io/recoil-foundry/?test=branches&combo=stasis.mass-driver.drop-forge.relay-gate.short-circuit.wrecking-ball.corner-cutter.tripline&v=2.74.0","https://caleb-guyer.github.io/recoil-foundry/?test=branches&combo=stasis.mass-driver.drop-forge.relay-gate.short-circuit.wrecking-ball.corner-cutter.tripline&room=boss&v=2.74.0","https://caleb-guyer.github.io/recoil-foundry/?test=branches&combo=stasis.mass-driver.drop-forge.relay-gate.short-circuit.wrecking-ball.corner-cutter.tripline&mirror=1&v=2.74.0"
"stasis.mass-driver.drop-forge.relay-gate.short-circuit.wrecking-ball.crosscut.crosshatch","Stasis","Mass Driver","Drop Forge + Relay Gate + Short Circuit + Wrecking Ball + Crosscut + Crosshatch","undefined","49","Suspension > Mass Driver > Drop Forge > Fold > Relay Gate > Arc Coil > Short Circuit > Ramjet > Wrecking Ball > Grindshot > Crosscut > Crosshatch > Heavy hitter > Scattershot > Hair trigger > Bank shot > Punch through > Splinter > Airshot > Kickback > Bloodwork > Light frame > Burst fire > Backblast > Banker > Landing shot > Slingshot > Redline > Breach > Shatter > Backfire > Recall > Homecoming > Capacitor > Reserve cell > Countershot > Reprisal > Tether rounds > Snapback > Cinder rounds > Crosswind > Flashpoint > Slipstream > Vector rounds > Afterburner > Thread the Needle > Retrace > Wallrunner > Air Brake","suspension > mass-driver > drop-forge > fold > relay-gate > arc-coil > short-circuit > ramjet > wrecking-ball > grindshot > crosscut > crosshatch > magnum > scatter > rapid > ricochet > pierce > split > airshot > kick > leech > light > burst > backblast > banker > landing > slingshot > redline > breach > shatter > backfire > recall > homecoming > capacitor > reserve-cell > countershot > reprisal > tether > snapback > cinder > crosswind > flashpoint > slipstream > vector > afterburner > thread-the-needle > retrace > wallrunner > air-brake","https://caleb-guyer.github.io/recoil-foundry/?test=branches&combo=stasis.mass-driver.drop-forge.relay-gate.short-circuit.wrecking-ball.crosscut.crosshatch&v=2.74.0","https://caleb-guyer.github.io/recoil-foundry/?test=branches&combo=stasis.mass-driver.drop-forge.relay-gate.short-circuit.wrecking-ball.crosscut.crosshatch&room=boss&v=2.74.0","https://caleb-guyer.github.io/recoil-foundry/?test=branches&combo=stasis.mass-driver.drop-forge.relay-gate.short-circuit.wrecking-ball.crosscut.crosshatch&mirror=1&v=2.74.0"
"stasis.mass-driver.drop-forge.relay-gate.short-circuit.wrecking-ball.crosscut.tripline","Stasis","Mass Driver","Drop Forge + Relay Gate + Short Circuit + Wrecking Ball + Crosscut + Tripline","undefined","49","Suspension > Mass Driver > Drop Forge > Fold > Relay Gate > Arc Coil > Short Circuit > Ramjet > Wrecking Ball > Grindshot > Crosscut > Tripline > Heavy hitter > Scattershot > Hair trigger > Bank shot > Punch through > Splinter > Airshot > Kickback > Bloodwork > Light frame > Burst fire > Backblast > Banker > Landing shot > Slingshot > Redline > Breach > Shatter > Backfire > Recall > Homecoming > Capacitor > Reserve cell > Countershot > Reprisal > Tether rounds > Snapback > Cinder rounds > Crosswind > Flashpoint > Slipstream > Vector rounds > Afterburner > Chain Release > Retrace > Wallrunner > Air Brake","suspension > mass-driver > drop-forge > fold > relay-gate > arc-coil > short-circuit > ramjet > wrecking-ball > grindshot > crosscut > tripline > magnum > scatter > rapid > ricochet > pierce > split > airshot > kick > leech > light > burst > backblast > banker > landing > slingshot > redline > breach > shatter > backfire > recall > homecoming > capacitor > reserve-cell > countershot > reprisal > tether > snapback > cinder > crosswind > flashpoint > slipstream > vector > afterburner > chain-release > retrace > wallrunner > air-brake","https://caleb-guyer.github.io/recoil-foundry/?test=branches&combo=stasis.mass-driver.drop-forge.relay-gate.short-circuit.wrecking-ball.crosscut.tripline&v=2.74.0","https://caleb-guyer.github.io/recoil-foundry/?test=branches&combo=stasis.mass-driver.drop-forge.relay-gate.short-circuit.wrecking-ball.crosscut.tripline&room=boss&v=2.74.0","https://caleb-guyer.github.io/recoil-foundry/?test=branches&combo=stasis.mass-driver.drop-forge.relay-gate.short-circuit.wrecking-ball.crosscut.tripline&mirror=1&v=2.74.0"
"stasis.mass-driver.drop-forge.relay-gate.short-circuit.triphammer.corner-cutter.crosshatch","Stasis","Mass Driver","Drop Forge + Relay Gate + Short Circuit + Triphammer + Corner Cutter + Crosshatch","undefined","49","Suspension > Mass Driver > Drop Forge > Fold > Relay Gate > Arc Coil > Short Circuit > Ramjet > Triphammer > Grindshot > Corner Cutter > Crosshatch > Heavy hitter > Scattershot > Hair trigger > Bank shot > Punch through > Splinter > Airshot > Kickback > Bloodwork > Light frame > Burst fire > Backblast > Banker > Landing shot > Slingshot > Redline > Breach > Shatter > Backfire > Recall > Homecoming > Capacitor > Reserve cell > Countershot > Reprisal > Tether rounds > Snapback > Cinder rounds > Crosswind > Flashpoint > Slipstream > Vector rounds > Afterburner > Thread the Needle > Retrace > Wallrunner > Air Brake","suspension > mass-driver > drop-forge > fold > relay-gate > arc-coil > short-circuit > ramjet > triphammer > grindshot > corner-cutter > crosshatch > magnum > scatter > rapid > ricochet > pierce > split > airshot > kick > leech > light > burst > backblast > banker > landing > slingshot > redline > breach > shatter > backfire > recall > homecoming > capacitor > reserve-cell > countershot > reprisal > tether > snapback > cinder > crosswind > flashpoint > slipstream > vector > afterburner > thread-the-needle > retrace > wallrunner > air-brake","https://caleb-guyer.github.io/recoil-foundry/?test=branches&combo=stasis.mass-driver.drop-forge.relay-gate.short-circuit.triphammer.corner-cutter.crosshatch&v=2.74.0","https://caleb-guyer.github.io/recoil-foundry/?test=branches&combo=stasis.mass-driver.drop-forge.relay-gate.short-circuit.triphammer.corner-cutter.crosshatch&room=boss&v=2.74.0","https://caleb-guyer.github.io/recoil-foundry/?test=branches&combo=stasis.mass-driver.drop-forge.relay-gate.short-circuit.triphammer.corner-cutter.crosshatch&mirror=1&v=2.74.0"
"stasis.mass-driver.drop-forge.relay-gate.short-circuit.triphammer.corner-cutter.tripline","Stasis","Mass Driver","Drop Forge + Relay Gate + Short Circuit + Triphammer + Corner Cutter + Tripline","undefined","49","Suspension > Mass Driver > Drop Forge > Fold > Relay Gate > Arc Coil > Short Circuit > Ramjet > Triphammer > Grindshot > Corner Cutter > Tripline > Heavy hitter > Scattershot > Hair trigger > Bank shot > Punch through > Splinter > Airshot > Kickback > Bloodwork > Light frame > Burst fire > Backblast > Banker > Landing shot > Slingshot > Redline > Breach > Shatter > Backfire > Recall > Homecoming > Capacitor > Reserve cell > Countershot > Reprisal > Tether rounds > Snapback > Cinder rounds > Crosswind > Flashpoint > Slipstream > Vector rounds > Afterburner > Chain Release > Retrace > Wallrunner > Air Brake","suspension > mass-driver > drop-forge > fold > relay-gate > arc-coil > short-circuit > ramjet > triphammer > grindshot > corner-cutter > tripline > magnum > scatter > rapid > ricochet > pierce > split > airshot > kick > leech > light > burst > backblast > banker > landing > slingshot > redline > breach > shatter > backfire > recall > homecoming > capacitor > reserve-cell > countershot > reprisal > tether > snapback > cinder > crosswind > flashpoint > slipstream > vector > afterburner > chain-release > retrace > wallrunner > air-brake","https://caleb-guyer.github.io/recoil-foundry/?test=branches&combo=stasis.mass-driver.drop-forge.relay-gate.short-circuit.triphammer.corner-cutter.tripline&v=2.74.0","https://caleb-guyer.github.io/recoil-foundry/?test=branches&combo=stasis.mass-driver.drop-forge.relay-gate.short-circuit.triphammer.corner-cutter.tripline&room=boss&v=2.74.0","https://caleb-guyer.github.io/recoil-foundry/?test=branches&combo=stasis.mass-driver.drop-forge.relay-gate.short-circuit.triphammer.corner-cutter.tripline&mirror=1&v=2.74.0"
"stasis.mass-driver.drop-forge.relay-gate.short-circuit.triphammer.crosscut.crosshatch","Stasis","Mass Driver","Drop Forge + Relay Gate + Short Circuit + Triphammer + Crosscut + Crosshatch","undefined","49","Suspension > Mass Driver > Drop Forge > Fold > Relay Gate > Arc Coil > Short Circuit > Ramjet > Triphammer > Grindshot > Crosscut > Crosshatch > Heavy hitter > Scattershot > Hair trigger > Bank shot > Punch through > Splinter > Airshot > Kickback > Bloodwork > Light frame > Burst fire > Backblast > Banker > Landing shot > Slingshot > Redline > Breach > Shatter > Backfire > Recall > Homecoming > Capacitor > Reserve cell > Countershot > Reprisal > Tether rounds > Snapback > Cinder rounds > Crosswind > Flashpoint > Slipstream > Vector rounds > Afterburner > Thread the Needle > Retrace > Wallrunner > Air Brake","suspension > mass-driver > drop-forge > fold > relay-gate > arc-coil > short-circuit > ramjet > triphammer > grindshot > crosscut > crosshatch > magnum > scatter > rapid > ricochet > pierce > split > airshot > kick > leech > light > burst > backblast > banker > landing > slingshot > redline > breach > shatter > backfire > recall > homecoming > capacitor > reserve-cell > countershot > reprisal > tether > snapback > cinder > crosswind > flashpoint > slipstream > vector > afterburner > thread-the-needle > retrace > wallrunner > air-brake","https://caleb-guyer.github.io/recoil-foundry/?test=branches&combo=stasis.mass-driver.drop-forge.relay-gate.short-circuit.triphammer.crosscut.crosshatch&v=2.74.0","https://caleb-guyer.github.io/recoil-foundry/?test=branches&combo=stasis.mass-driver.drop-forge.relay-gate.short-circuit.triphammer.crosscut.crosshatch&room=boss&v=2.74.0","https://caleb-guyer.github.io/recoil-foundry/?test=branches&combo=stasis.mass-driver.drop-forge.relay-gate.short-circuit.triphammer.crosscut.crosshatch&mirror=1&v=2.74.0"
"stasis.mass-driver.drop-forge.relay-gate.short-circuit.triphammer.crosscut.tripline","Stasis","Mass Driver","Drop Forge + Relay Gate + Short Circuit + Triphammer + Crosscut + Tripline","undefined","49","Suspension > Mass Driver > Drop Forge > Fold > Relay Gate > Arc Coil > Short Circuit > Ramjet > Triphammer > Grindshot > Crosscut > Tripline > Heavy hitter > Scattershot > Hair trigger > Bank shot > Punch through > Splinter > Airshot > Kickback > Bloodwork > Light frame > Burst fire > Backblast > Banker > Landing shot > Slingshot > Redline > Breach > Shatter > Backfire > Recall > Homecoming > Capacitor > Reserve cell > Countershot > Reprisal > Tether rounds > Snapback > Cinder rounds > Crosswind > Flashpoint > Slipstream > Vector rounds > Afterburner > Chain Release > Retrace > Wallrunner > Air Brake","suspension > mass-driver > drop-forge > fold > relay-gate > arc-coil > short-circuit > ramjet > triphammer > grindshot > crosscut > tripline > magnum > scatter > rapid > ricochet > pierce > split > airshot > kick > leech > light > burst > backblast > banker > landing > slingshot > redline > breach > shatter > backfire > recall > homecoming > capacitor > reserve-cell > countershot > reprisal > tether > snapback > cinder > crosswind > flashpoint > slipstream > vector > afterburner > chain-release > retrace > wallrunner > air-brake","https://caleb-guyer.github.io/recoil-foundry/?test=branches&combo=stasis.mass-driver.drop-forge.relay-gate.short-circuit.triphammer.crosscut.tripline&v=2.74.0","https://caleb-guyer.github.io/recoil-foundry/?test=branches&combo=stasis.mass-driver.drop-forge.relay-gate.short-circuit.triphammer.crosscut.tripline&room=boss&v=2.74.0","https://caleb-guyer.github.io/recoil-foundry/?test=branches&combo=stasis.mass-driver.drop-forge.relay-gate.short-circuit.triphammer.crosscut.tripline&mirror=1&v=2.74.0"
"stasis.mass-driver.skid-plate.rewire.daisy-chain.wrecking-ball.corner-cutter.crosshatch","Stasis","Mass Driver","Skid Plate + Rewire + Daisy Chain + Wrecking Ball + Corner Cutter + Crosshatch","undefined","49","Suspension > Mass Driver > Skid Plate > Fold > Rewire > Arc Coil > Daisy Chain > Ramjet > Wrecking Ball > Grindshot > Corner Cutter > Crosshatch > Heavy hitter > Scattershot > Hair trigger > Bank shot > Punch through > Splinter > Airshot > Kickback > Bloodwork > Light frame > Burst fire > Backblast > Banker > Landing shot > Slingshot > Redline > Breach > Shatter > Backfire > Recall > Homecoming > Capacitor > Reserve cell > Countershot > Reprisal > Tether rounds > Snapback > Cinder rounds > Crosswind > Flashpoint > Slipstream > Vector rounds > Afterburner > Thread the Needle > Retrace > Wallrunner > Air Brake","suspension > mass-driver > skid-plate > fold > rewire > arc-coil > daisy-chain > ramjet > wrecking-ball > grindshot > corner-cutter > crosshatch > magnum > scatter > rapid > ricochet > pierce > split > airshot > kick > leech > light > burst > backblast > banker > landing > slingshot > redline > breach > shatter > backfire > recall > homecoming > capacitor > reserve-cell > countershot > reprisal > tether > snapback > cinder > crosswind > flashpoint > slipstream > vector > afterburner > thread-the-needle > retrace > wallrunner > air-brake","https://caleb-guyer.github.io/recoil-foundry/?test=branches&combo=stasis.mass-driver.skid-plate.rewire.daisy-chain.wrecking-ball.corner-cutter.crosshatch&v=2.74.0","https://caleb-guyer.github.io/recoil-foundry/?test=branches&combo=stasis.mass-driver.skid-plate.rewire.daisy-chain.wrecking-ball.corner-cutter.crosshatch&room=boss&v=2.74.0","https://caleb-guyer.github.io/recoil-foundry/?test=branches&combo=stasis.mass-driver.skid-plate.rewire.daisy-chain.wrecking-ball.corner-cutter.crosshatch&mirror=1&v=2.74.0"
"stasis.mass-driver.skid-plate.rewire.daisy-chain.wrecking-ball.corner-cutter.tripline","Stasis","Mass Driver","Skid Plate + Rewire + Daisy Chain + Wrecking Ball + Corner Cutter + Tripline","undefined","49","Suspension > Mass Driver > Skid Plate > Fold > Rewire > Arc Coil > Daisy Chain > Ramjet > Wrecking Ball > Grindshot > Corner Cutter > Tripline > Heavy hitter > Scattershot > Hair trigger > Bank shot > Punch through > Splinter > Airshot > Kickback > Bloodwork > Light frame > Burst fire > Backblast > Banker > Landing shot > Slingshot > Redline > Breach > Shatter > Backfire > Recall > Homecoming > Capacitor > Reserve cell > Countershot > Reprisal > Tether rounds > Snapback > Cinder rounds > Crosswind > Flashpoint > Slipstream > Vector rounds > Afterburner > Chain Release > Retrace > Wallrunner > Air Brake","suspension > mass-driver > skid-plate > fold > rewire > arc-coil > daisy-chain > ramjet > wrecking-ball > grindshot > corner-cutter > tripline > magnum > scatter > rapid > ricochet > pierce > split > airshot > kick > leech > light > burst > backblast > banker > landing > slingshot > redline > breach > shatter > backfire > recall > homecoming > capacitor > reserve-cell > countershot > reprisal > tether > snapback > cinder > crosswind > flashpoint > slipstream > vector > afterburner > chain-release > retrace > wallrunner > air-brake","https://caleb-guyer.github.io/recoil-foundry/?test=branches&combo=stasis.mass-driver.skid-plate.rewire.daisy-chain.wrecking-ball.corner-cutter.tripline&v=2.74.0","https://caleb-guyer.github.io/recoil-foundry/?test=branches&combo=stasis.mass-driver.skid-plate.rewire.daisy-chain.wrecking-ball.corner-cutter.tripline&room=boss&v=2.74.0","https://caleb-guyer.github.io/recoil-foundry/?test=branches&combo=stasis.mass-driver.skid-plate.rewire.daisy-chain.wrecking-ball.corner-cutter.tripline&mirror=1&v=2.74.0"
"stasis.mass-driver.skid-plate.rewire.daisy-chain.wrecking-ball.crosscut.crosshatch","Stasis","Mass Driver","Skid Plate + Rewire + Daisy Chain + Wrecking Ball + Crosscut + Crosshatch","Flywheel","50","Suspension > Mass Driver > Skid Plate > Fold > Rewire > Arc Coil > Daisy Chain > Ramjet > Wrecking Ball > Grindshot > Crosscut > Crosshatch > Flywheel > Heavy hitter > Scattershot > Hair trigger > Bank shot > Punch through > Splinter > Airshot > Kickback > Bloodwork > Light frame > Burst fire > Backblast > Banker > Landing shot > Slingshot > Redline > Breach > Shatter > Backfire > Recall > Homecoming > Capacitor > Reserve cell > Countershot > Reprisal > Tether rounds > Snapback > Cinder rounds > Crosswind > Flashpoint > Slipstream > Vector rounds > Afterburner > Thread the Needle > Retrace > Wallrunner > Air Brake","suspension > mass-driver > skid-plate > fold > rewire > arc-coil > daisy-chain > ramjet > wrecking-ball > grindshot > crosscut > crosshatch > flywheel > magnum > scatter > rapid > ricochet > pierce > split > airshot > kick > leech > light > burst > backblast > banker > landing > slingshot > redline > breach > shatter > backfire > recall > homecoming > capacitor > reserve-cell > countershot > reprisal > tether > snapback > cinder > crosswind > flashpoint > slipstream > vector > afterburner > thread-the-needle > retrace > wallrunner > air-brake","https://caleb-guyer.github.io/recoil-foundry/?test=branches&combo=stasis.mass-driver.skid-plate.rewire.daisy-chain.wrecking-ball.crosscut.crosshatch&v=2.74.0","https://caleb-guyer.github.io/recoil-foundry/?test=branches&combo=stasis.mass-driver.skid-plate.rewire.daisy-chain.wrecking-ball.crosscut.crosshatch&room=boss&v=2.74.0","https://caleb-guyer.github.io/recoil-foundry/?test=branches&combo=stasis.mass-driver.skid-plate.rewire.daisy-chain.wrecking-ball.crosscut.crosshatch&mirror=1&v=2.74.0"
"stasis.mass-driver.skid-plate.rewire.daisy-chain.wrecking-ball.crosscut.tripline","Stasis","Mass Driver","Skid Plate + Rewire + Daisy Chain + Wrecking Ball + Crosscut + Tripline","Flywheel","50","Suspension > Mass Driver > Skid Plate > Fold > Rewire > Arc Coil > Daisy Chain > Ramjet > Wrecking Ball > Grindshot > Crosscut > Tripline > Flywheel > Heavy hitter > Scattershot > Hair trigger > Bank shot > Punch through > Splinter > Airshot > Kickback > Bloodwork > Light frame > Burst fire > Backblast > Banker > Landing shot > Slingshot > Redline > Breach > Shatter > Backfire > Recall > Homecoming > Capacitor > Reserve cell > Countershot > Reprisal > Tether rounds > Snapback > Cinder rounds > Crosswind > Flashpoint > Slipstream > Vector rounds > Afterburner > Chain Release > Retrace > Wallrunner > Air Brake","suspension > mass-driver > skid-plate > fold > rewire > arc-coil > daisy-chain > ramjet > wrecking-ball > grindshot > crosscut > tripline > flywheel > magnum > scatter > rapid > ricochet > pierce > split > airshot > kick > leech > light > burst > backblast > banker > landing > slingshot > redline > breach > shatter > backfire > recall > homecoming > capacitor > reserve-cell > countershot > reprisal > tether > snapback > cinder > crosswind > flashpoint > slipstream > vector > afterburner > chain-release > retrace > wallrunner > air-brake","https://caleb-guyer.github.io/recoil-foundry/?test=branches&combo=stasis.mass-driver.skid-plate.rewire.daisy-chain.wrecking-ball.crosscut.tripline&v=2.74.0","https://caleb-guyer.github.io/recoil-foundry/?test=branches&combo=stasis.mass-driver.skid-plate.rewire.daisy-chain.wrecking-ball.crosscut.tripline&room=boss&v=2.74.0","https://caleb-guyer.github.io/recoil-foundry/?test=branches&combo=stasis.mass-driver.skid-plate.rewire.daisy-chain.wrecking-ball.crosscut.tripline&mirror=1&v=2.74.0"
"stasis.mass-driver.skid-plate.rewire.daisy-chain.triphammer.corner-cutter.crosshatch","Stasis","Mass Driver","Skid Plate + Rewire + Daisy Chain + Triphammer + Corner Cutter + Crosshatch","undefined","49","Suspension > Mass Driver > Skid Plate > Fold > Rewire > Arc Coil > Daisy Chain > Ramjet > Triphammer > Grindshot > Corner Cutter > Crosshatch > Heavy hitter > Scattershot > Hair trigger > Bank shot > Punch through > Splinter > Airshot > Kickback > Bloodwork > Light frame > Burst fire > Backblast > Banker > Landing shot > Slingshot > Redline > Breach > Shatter > Backfire > Recall > Homecoming > Capacitor > Reserve cell > Countershot > Reprisal > Tether rounds > Snapback > Cinder rounds > Crosswind > Flashpoint > Slipstream > Vector rounds > Afterburner > Thread the Needle > Retrace > Wallrunner > Air Brake","suspension > mass-driver > skid-plate > fold > rewire > arc-coil > daisy-chain > ramjet > triphammer > grindshot > corner-cutter > crosshatch > magnum > scatter > rapid > ricochet > pierce > split > airshot > kick > leech > light > burst > backblast > banker > landing > slingshot > redline > breach > shatter > backfire > recall > homecoming > capacitor > reserve-cell > countershot > reprisal > tether > snapback > cinder > crosswind > flashpoint > slipstream > vector > afterburner > thread-the-needle > retrace > wallrunner > air-brake","https://caleb-guyer.github.io/recoil-foundry/?test=branches&combo=stasis.mass-driver.skid-plate.rewire.daisy-chain.triphammer.corner-cutter.crosshatch&v=2.74.0","https://caleb-guyer.github.io/recoil-foundry/?test=branches&combo=stasis.mass-driver.skid-plate.rewire.daisy-chain.triphammer.corner-cutter.crosshatch&room=boss&v=2.74.0","https://caleb-guyer.github.io/recoil-foundry/?test=branches&combo=stasis.mass-driver.skid-plate.rewire.daisy-chain.triphammer.corner-cutter.crosshatch&mirror=1&v=2.74.0"
"stasis.mass-driver.skid-plate.rewire.daisy-chain.triphammer.corner-cutter.tripline","Stasis","Mass Driver","Skid Plate + Rewire + Daisy Chain + Triphammer + Corner Cutter + Tripline","undefined","49","Suspension > Mass Driver > Skid Plate > Fold > Rewire > Arc Coil > Daisy Chain > Ramjet > Triphammer > Grindshot > Corner Cutter > Tripline > Heavy hitter > Scattershot > Hair trigger > Bank shot > Punch through > Splinter > Airshot > Kickback > Bloodwork > Light frame > Burst fire > Backblast > Banker > Landing shot > Slingshot > Redline > Breach > Shatter > Backfire > Recall > Homecoming > Capacitor > Reserve cell > Countershot > Reprisal > Tether rounds > Snapback > Cinder rounds > Crosswind > Flashpoint > Slipstream > Vector rounds > Afterburner > Chain Release > Retrace > Wallrunner > Air Brake","suspension > mass-driver > skid-plate > fold > rewire > arc-coil > daisy-chain > ramjet > triphammer > grindshot > corner-cutter > tripline > magnum > scatter > rapid > ricochet > pierce > split > airshot > kick > leech > light > burst > backblast > banker > landing > slingshot > redline > breach > shatter > backfire > recall > homecoming > capacitor > reserve-cell > countershot > reprisal > tether > snapback > cinder > crosswind > flashpoint > slipstream > vector > afterburner > chain-release > retrace > wallrunner > air-brake","https://caleb-guyer.github.io/recoil-foundry/?test=branches&combo=stasis.mass-driver.skid-plate.rewire.daisy-chain.triphammer.corner-cutter.tripline&v=2.74.0","https://caleb-guyer.github.io/recoil-foundry/?test=branches&combo=stasis.mass-driver.skid-plate.rewire.daisy-chain.triphammer.corner-cutter.tripline&room=boss&v=2.74.0","https://caleb-guyer.github.io/recoil-foundry/?test=branches&combo=stasis.mass-driver.skid-plate.rewire.daisy-chain.triphammer.corner-cutter.tripline&mirror=1&v=2.74.0"
"stasis.mass-driver.skid-plate.rewire.daisy-chain.triphammer.crosscut.crosshatch","Stasis","Mass Driver","Skid Plate + Rewire + Daisy Chain + Triphammer + Crosscut + Crosshatch","Flywheel","50","Suspension > Mass Driver > Skid Plate > Fold > Rewire > Arc Coil > Daisy Chain > Ramjet > Triphammer > Grindshot > Crosscut > Crosshatch > Flywheel > Heavy hitter > Scattershot > Hair trigger > Bank shot > Punch through > Splinter > Airshot > Kickback > Bloodwork > Light frame > Burst fire > Backblast > Banker > Landing shot > Slingshot > Redline > Breach > Shatter > Backfire > Recall > Homecoming > Capacitor > Reserve cell > Countershot > Reprisal > Tether rounds > Snapback > Cinder rounds > Crosswind > Flashpoint > Slipstream > Vector rounds > Afterburner > Thread the Needle > Retrace > Wallrunner > Air Brake","suspension > mass-driver > skid-plate > fold > rewire > arc-coil > daisy-chain > ramjet > triphammer > grindshot > crosscut > crosshatch > flywheel > magnum > scatter > rapid > ricochet > pierce > split > airshot > kick > leech > light > burst > backblast > banker > landing > slingshot > redline > breach > shatter > backfire > recall > homecoming > capacitor > reserve-cell > countershot > reprisal > tether > snapback > cinder > crosswind > flashpoint > slipstream > vector > afterburner > thread-the-needle > retrace > wallrunner > air-brake","https://caleb-guyer.github.io/recoil-foundry/?test=branches&combo=stasis.mass-driver.skid-plate.rewire.daisy-chain.triphammer.crosscut.crosshatch&v=2.74.0","https://caleb-guyer.github.io/recoil-foundry/?test=branches&combo=stasis.mass-driver.skid-plate.rewire.daisy-chain.triphammer.crosscut.crosshatch&room=boss&v=2.74.0","https://caleb-guyer.github.io/recoil-foundry/?test=branches&combo=stasis.mass-driver.skid-plate.rewire.daisy-chain.triphammer.crosscut.crosshatch&mirror=1&v=2.74.0"
"stasis.mass-driver.skid-plate.rewire.daisy-chain.triphammer.crosscut.tripline","Stasis","Mass Driver","Skid Plate + Rewire + Daisy Chain + Triphammer + Crosscut + Tripline","Flywheel","50","Suspension > Mass Driver > Skid Plate > Fold > Rewire > Arc Coil > Daisy Chain > Ramjet > Triphammer > Grindshot > Crosscut > Tripline > Flywheel > Heavy hitter > Scattershot > Hair trigger > Bank shot > Punch through > Splinter > Airshot > Kickback > Bloodwork > Light frame > Burst fire > Backblast > Banker > Landing shot > Slingshot > Redline > Breach > Shatter > Backfire > Recall > Homecoming > Capacitor > Reserve cell > Countershot > Reprisal > Tether rounds > Snapback > Cinder rounds > Crosswind > Flashpoint > Slipstream > Vector rounds > Afterburner > Chain Release > Retrace > Wallrunner > Air Brake","suspension > mass-driver > skid-plate > fold > rewire > arc-coil > daisy-chain > ramjet > triphammer > grindshot > crosscut > tripline > flywheel > magnum > scatter > rapid > ricochet > pierce > split > airshot > kick > leech > light > burst > backblast > banker > landing > slingshot > redline > breach > shatter > backfire > recall > homecoming > capacitor > reserve-cell > countershot > reprisal > tether > snapback > cinder > crosswind > flashpoint > slipstream > vector > afterburner > chain-release > retrace > wallrunner > air-brake","https://caleb-guyer.github.io/recoil-foundry/?test=branches&combo=stasis.mass-driver.skid-plate.rewire.daisy-chain.triphammer.crosscut.tripline&v=2.74.0","https://caleb-guyer.github.io/recoil-foundry/?test=branches&combo=stasis.mass-driver.skid-plate.rewire.daisy-chain.triphammer.crosscut.tripline&room=boss&v=2.74.0","https://caleb-guyer.github.io/recoil-foundry/?test=branches&combo=stasis.mass-driver.skid-plate.rewire.daisy-chain.triphammer.crosscut.tripline&mirror=1&v=2.74.0"
"stasis.mass-driver.skid-plate.rewire.short-circuit.wrecking-ball.corner-cutter.crosshatch","Stasis","Mass Driver","Skid Plate + Rewire + Short Circuit + Wrecking Ball + Corner Cutter + Crosshatch","undefined","49","Suspension > Mass Driver > Skid Plate > Fold > Rewire > Arc Coil > Short Circuit > Ramjet > Wrecking Ball > Grindshot > Corner Cutter > Crosshatch > Heavy hitter > Scattershot > Hair trigger > Bank shot > Punch through > Splinter > Airshot > Kickback > Bloodwork > Light frame > Burst fire > Backblast > Banker > Landing shot > Slingshot > Redline > Breach > Shatter > Backfire > Recall > Homecoming > Capacitor > Reserve cell > Countershot > Reprisal > Tether rounds > Snapback > Cinder rounds > Crosswind > Flashpoint > Slipstream > Vector rounds > Afterburner > Thread the Needle > Retrace > Wallrunner > Air Brake","suspension > mass-driver > skid-plate > fold > rewire > arc-coil > short-circuit > ramjet > wrecking-ball > grindshot > corner-cutter > crosshatch > magnum > scatter > rapid > ricochet > pierce > split > airshot > kick > leech > light > burst > backblast > banker > landing > slingshot > redline > breach > shatter > backfire > recall > homecoming > capacitor > reserve-cell > countershot > reprisal > tether > snapback > cinder > crosswind > flashpoint > slipstream > vector > afterburner > thread-the-needle > retrace > wallrunner > air-brake","https://caleb-guyer.github.io/recoil-foundry/?test=branches&combo=stasis.mass-driver.skid-plate.rewire.short-circuit.wrecking-ball.corner-cutter.crosshatch&v=2.74.0","https://caleb-guyer.github.io/recoil-foundry/?test=branches&combo=stasis.mass-driver.skid-plate.rewire.short-circuit.wrecking-ball.corner-cutter.crosshatch&room=boss&v=2.74.0","https://caleb-guyer.github.io/recoil-foundry/?test=branches&combo=stasis.mass-driver.skid-plate.rewire.short-circuit.wrecking-ball.corner-cutter.crosshatch&mirror=1&v=2.74.0"
"stasis.mass-driver.skid-plate.rewire.short-circuit.wrecking-ball.corner-cutter.tripline","Stasis","Mass Driver","Skid Plate + Rewire + Short Circuit + Wrecking Ball + Corner Cutter + Tripline","undefined","49","Suspension > Mass Driver > Skid Plate > Fold > Rewire > Arc Coil > Short Circuit > Ramjet > Wrecking Ball > Grindshot > Corner Cutter > Tripline > Heavy hitter > Scattershot > Hair trigger > Bank shot > Punch through > Splinter > Airshot > Kickback > Bloodwork > Light frame > Burst fire > Backblast > Banker > Landing shot > Slingshot > Redline > Breach > Shatter > Backfire > Recall > Homecoming > Capacitor > Reserve cell > Countershot > Reprisal > Tether rounds > Snapback > Cinder rounds > Crosswind > Flashpoint > Slipstream > Vector rounds > Afterburner > Chain Release > Retrace > Wallrunner > Air Brake","suspension > mass-driver > skid-plate > fold > rewire > arc-coil > short-circuit > ramjet > wrecking-ball > grindshot > corner-cutter > tripline > magnum > scatter > rapid > ricochet > pierce > split > airshot > kick > leech > light > burst > backblast > banker > landing > slingshot > redline > breach > shatter > backfire > recall > homecoming > capacitor > reserve-cell > countershot > reprisal > tether > snapback > cinder > crosswind > flashpoint > slipstream > vector > afterburner > chain-release > retrace > wallrunner > air-brake","https://caleb-guyer.github.io/recoil-foundry/?test=branches&combo=stasis.mass-driver.skid-plate.rewire.short-circuit.wrecking-ball.corner-cutter.tripline&v=2.74.0","https://caleb-guyer.github.io/recoil-foundry/?test=branches&combo=stasis.mass-driver.skid-plate.rewire.short-circuit.wrecking-ball.corner-cutter.tripline&room=boss&v=2.74.0","https://caleb-guyer.github.io/recoil-foundry/?test=branches&combo=stasis.mass-driver.skid-plate.rewire.short-circuit.wrecking-ball.corner-cutter.tripline&mirror=1&v=2.74.0"
"stasis.mass-driver.skid-plate.rewire.short-circuit.wrecking-ball.crosscut.crosshatch","Stasis","Mass Driver","Skid Plate + Rewire + Short Circuit + Wrecking Ball + Crosscut + Crosshatch","Flywheel","50","Suspension > Mass Driver > Skid Plate > Fold > Rewire > Arc Coil > Short Circuit > Ramjet > Wrecking Ball > Grindshot > Crosscut > Crosshatch > Flywheel > Heavy hitter > Scattershot > Hair trigger > Bank shot > Punch through > Splinter > Airshot > Kickback > Bloodwork > Light frame > Burst fire > Backblast > Banker > Landing shot > Slingshot > Redline > Breach > Shatter > Backfire > Recall > Homecoming > Capacitor > Reserve cell > Countershot > Reprisal > Tether rounds > Snapback > Cinder rounds > Crosswind > Flashpoint > Slipstream > Vector rounds > Afterburner > Thread the Needle > Retrace > Wallrunner > Air Brake","suspension > mass-driver > skid-plate > fold > rewire > arc-coil > short-circuit > ramjet > wrecking-ball > grindshot > crosscut > crosshatch > flywheel > magnum > scatter > rapid > ricochet > pierce > split > airshot > kick > leech > light > burst > backblast > banker > landing > slingshot > redline > breach > shatter > backfire > recall > homecoming > capacitor > reserve-cell > countershot > reprisal > tether > snapback > cinder > crosswind > flashpoint > slipstream > vector > afterburner > thread-the-needle > retrace > wallrunner > air-brake","https://caleb-guyer.github.io/recoil-foundry/?test=branches&combo=stasis.mass-driver.skid-plate.rewire.short-circuit.wrecking-ball.crosscut.crosshatch&v=2.74.0","https://caleb-guyer.github.io/recoil-foundry/?test=branches&combo=stasis.mass-driver.skid-plate.rewire.short-circuit.wrecking-ball.crosscut.crosshatch&room=boss&v=2.74.0","https://caleb-guyer.github.io/recoil-foundry/?test=branches&combo=stasis.mass-driver.skid-plate.rewire.short-circuit.wrecking-ball.crosscut.crosshatch&mirror=1&v=2.74.0"
"stasis.mass-driver.skid-plate.rewire.short-circuit.wrecking-ball.crosscut.tripline","Stasis","Mass Driver","Skid Plate + Rewire + Short Circuit + Wrecking Ball + Crosscut + Tripline","Flywheel","50","Suspension > Mass Driver > Skid Plate > Fold > Rewire > Arc Coil > Short Circuit > Ramjet > Wrecking Ball > Grindshot > Crosscut > Tripline > Flywheel > Heavy hitter > Scattershot > Hair trigger > Bank shot > Punch through > Splinter > Airshot > Kickback > Bloodwork > Light frame > Burst fire > Backblast > Banker > Landing shot > Slingshot > Redline > Breach > Shatter > Backfire > Recall > Homecoming > Capacitor > Reserve cell > Countershot > Reprisal > Tether rounds > Snapback > Cinder rounds > Crosswind > Flashpoint > Slipstream > Vector rounds > Afterburner > Chain Release > Retrace > Wallrunner > Air Brake","suspension > mass-driver > skid-plate > fold > rewire > arc-coil > short-circuit > ramjet > wrecking-ball > grindshot > crosscut > tripline > flywheel > magnum > scatter > rapid > ricochet > pierce > split > airshot > kick > leech > light > burst > backblast > banker > landing > slingshot > redline > breach > shatter > backfire > recall > homecoming > capacitor > reserve-cell > countershot > reprisal > tether > snapback > cinder > crosswind > flashpoint > slipstream > vector > afterburner > chain-release > retrace > wallrunner > air-brake","https://caleb-guyer.github.io/recoil-foundry/?test=branches&combo=stasis.mass-driver.skid-plate.rewire.short-circuit.wrecking-ball.crosscut.tripline&v=2.74.0","https://caleb-guyer.github.io/recoil-foundry/?test=branches&combo=stasis.mass-driver.skid-plate.rewire.short-circuit.wrecking-ball.crosscut.tripline&room=boss&v=2.74.0","https://caleb-guyer.github.io/recoil-foundry/?test=branches&combo=stasis.mass-driver.skid-plate.rewire.short-circuit.wrecking-ball.crosscut.tripline&mirror=1&v=2.74.0"
"stasis.mass-driver.skid-plate.rewire.short-circuit.triphammer.corner-cutter.crosshatch","Stasis","Mass Driver","Skid Plate + Rewire + Short Circuit + Triphammer + Corner Cutter + Crosshatch","undefined","49","Suspension > Mass Driver > Skid Plate > Fold > Rewire > Arc Coil > Short Circuit > Ramjet > Triphammer > Grindshot > Corner Cutter > Crosshatch > Heavy hitter > Scattershot > Hair trigger > Bank shot > Punch through > Splinter > Airshot > Kickback > Bloodwork > Light frame > Burst fire > Backblast > Banker > Landing shot > Slingshot > Redline > Breach > Shatter > Backfire > Recall > Homecoming > Capacitor > Reserve cell > Countershot > Reprisal > Tether rounds > Snapback > Cinder rounds > Crosswind > Flashpoint > Slipstream > Vector rounds > Afterburner > Thread the Needle > Retrace > Wallrunner > Air Brake","suspension > mass-driver > skid-plate > fold > rewire > arc-coil > short-circuit > ramjet > triphammer > grindshot > corner-cutter > crosshatch > magnum > scatter > rapid > ricochet > pierce > split > airshot > kick > leech > light > burst > backblast > banker > landing > slingshot > redline > breach > shatter > backfire > recall > homecoming > capacitor > reserve-cell > countershot > reprisal > tether > snapback > cinder > crosswind > flashpoint > slipstream > vector > afterburner > thread-the-needle > retrace > wallrunner > air-brake","https://caleb-guyer.github.io/recoil-foundry/?test=branches&combo=stasis.mass-driver.skid-plate.rewire.short-circuit.triphammer.corner-cutter.crosshatch&v=2.74.0","https://caleb-guyer.github.io/recoil-foundry/?test=branches&combo=stasis.mass-driver.skid-plate.rewire.short-circuit.triphammer.corner-cutter.crosshatch&room=boss&v=2.74.0","https://caleb-guyer.github.io/recoil-foundry/?test=branches&combo=stasis.mass-driver.skid-plate.rewire.short-circuit.triphammer.corner-cutter.crosshatch&mirror=1&v=2.74.0"
"stasis.mass-driver.skid-plate.rewire.short-circuit.triphammer.corner-cutter.tripline","Stasis","Mass Driver","Skid Plate + Rewire + Short Circuit + Triphammer + Corner Cutter + Tripline","undefined","49","Suspension > Mass Driver > Skid Plate > Fold > Rewire > Arc Coil > Short Circuit > Ramjet > Triphammer > Grindshot > Corner Cutter > Tripline > Heavy hitter > Scattershot > Hair trigger > Bank shot > Punch through > Splinter > Airshot > Kickback > Bloodwork > Light frame > Burst fire > Backblast > Banker > Landing shot > Slingshot > Redline > Breach > Shatter > Backfire > Recall > Homecoming > Capacitor > Reserve cell > Countershot > Reprisal > Tether rounds > Snapback > Cinder rounds > Crosswind > Flashpoint > Slipstream > Vector rounds > Afterburner > Chain Release > Retrace > Wallrunner > Air Brake","suspension > mass-driver > skid-plate > fold > rewire > arc-coil > short-circuit > ramjet > triphammer > grindshot > corner-cutter > tripline > magnum > scatter > rapid > ricochet > pierce > split > airshot > kick > leech > light > burst > backblast > banker > landing > slingshot > redline > breach > shatter > backfire > recall > homecoming > capacitor > reserve-cell > countershot > reprisal > tether > snapback > cinder > crosswind > flashpoint > slipstream > vector > afterburner > chain-release > retrace > wallrunner > air-brake","https://caleb-guyer.github.io/recoil-foundry/?test=branches&combo=stasis.mass-driver.skid-plate.rewire.short-circuit.triphammer.corner-cutter.tripline&v=2.74.0","https://caleb-guyer.github.io/recoil-foundry/?test=branches&combo=stasis.mass-driver.skid-plate.rewire.short-circuit.triphammer.corner-cutter.tripline&room=boss&v=2.74.0","https://caleb-guyer.github.io/recoil-foundry/?test=branches&combo=stasis.mass-driver.skid-plate.rewire.short-circuit.triphammer.corner-cutter.tripline&mirror=1&v=2.74.0"
"stasis.mass-driver.skid-plate.rewire.short-circuit.triphammer.crosscut.crosshatch","Stasis","Mass Driver","Skid Plate + Rewire + Short Circuit + Triphammer + Crosscut + Crosshatch","Flywheel","50","Suspension > Mass Driver > Skid Plate > Fold > Rewire > Arc Coil > Short Circuit > Ramjet > Triphammer > Grindshot > Crosscut > Crosshatch > Flywheel > Heavy hitter > Scattershot > Hair trigger > Bank shot > Punch through > Splinter > Airshot > Kickback > Bloodwork > Light frame > Burst fire > Backblast > Banker > Landing shot > Slingshot > Redline > Breach > Shatter > Backfire > Recall > Homecoming > Capacitor > Reserve cell > Countershot > Reprisal > Tether rounds > Snapback > Cinder rounds > Crosswind > Flashpoint > Slipstream > Vector rounds > Afterburner > Thread the Needle > Retrace > Wallrunner > Air Brake","suspension > mass-driver > skid-plate > fold > rewire > arc-coil > short-circuit > ramjet > triphammer > grindshot > crosscut > crosshatch > flywheel > magnum > scatter > rapid > ricochet > pierce > split > airshot > kick > leech > light > burst > backblast > banker > landing > slingshot > redline > breach > shatter > backfire > recall > homecoming > capacitor > reserve-cell > countershot > reprisal > tether > snapback > cinder > crosswind > flashpoint > slipstream > vector > afterburner > thread-the-needle > retrace > wallrunner > air-brake","https://caleb-guyer.github.io/recoil-foundry/?test=branches&combo=stasis.mass-driver.skid-plate.rewire.short-circuit.triphammer.crosscut.crosshatch&v=2.74.0","https://caleb-guyer.github.io/recoil-foundry/?test=branches&combo=stasis.mass-driver.skid-plate.rewire.short-circuit.triphammer.crosscut.crosshatch&room=boss&v=2.74.0","https://caleb-guyer.github.io/recoil-foundry/?test=branches&combo=stasis.mass-driver.skid-plate.rewire.short-circuit.triphammer.crosscut.crosshatch&mirror=1&v=2.74.0"
"stasis.mass-driver.skid-plate.rewire.short-circuit.triphammer.crosscut.tripline","Stasis","Mass Driver","Skid Plate + Rewire + Short Circuit + Triphammer + Crosscut + Tripline","Flywheel","50","Suspension > Mass Driver > Skid Plate > Fold > Rewire > Arc Coil > Short Circuit > Ramjet > Triphammer > Grindshot > Crosscut > Tripline > Flywheel > Heavy hitter > Scattershot > Hair trigger > Bank shot > Punch through > Splinter > Airshot > Kickback > Bloodwork > Light frame > Burst fire > Backblast > Banker > Landing shot > Slingshot > Redline > Breach > Shatter > Backfire > Recall > Homecoming > Capacitor > Reserve cell > Countershot > Reprisal > Tether rounds > Snapback > Cinder rounds > Crosswind > Flashpoint > Slipstream > Vector rounds > Afterburner > Chain Release > Retrace > Wallrunner > Air Brake","suspension > mass-driver > skid-plate > fold > rewire > arc-coil > short-circuit > ramjet > triphammer > grindshot > crosscut > tripline > flywheel > magnum > scatter > rapid > ricochet > pierce > split > airshot > kick > leech > light > burst > backblast > banker > landing > slingshot > redline > breach > shatter > backfire > recall > homecoming > capacitor > reserve-cell > countershot > reprisal > tether > snapback > cinder > crosswind > flashpoint > slipstream > vector > afterburner > chain-release > retrace > wallrunner > air-brake","https://caleb-guyer.github.io/recoil-foundry/?test=branches&combo=stasis.mass-driver.skid-plate.rewire.short-circuit.triphammer.crosscut.tripline&v=2.74.0","https://caleb-guyer.github.io/recoil-foundry/?test=branches&combo=stasis.mass-driver.skid-plate.rewire.short-circuit.triphammer.crosscut.tripline&room=boss&v=2.74.0","https://caleb-guyer.github.io/recoil-foundry/?test=branches&combo=stasis.mass-driver.skid-plate.rewire.short-circuit.triphammer.crosscut.tripline&mirror=1&v=2.74.0"
"stasis.mass-driver.skid-plate.relay-gate.daisy-chain.wrecking-ball.corner-cutter.crosshatch","Stasis","Mass Driver","Skid Plate + Relay Gate + Daisy Chain + Wrecking Ball + Corner Cutter + Crosshatch","undefined","49","Suspension > Mass Driver > Skid Plate > Fold > Relay Gate > Arc Coil > Daisy Chain > Ramjet > Wrecking Ball > Grindshot > Corner Cutter > Crosshatch > Heavy hitter > Scattershot > Hair trigger > Bank shot > Punch through > Splinter > Airshot > Kickback > Bloodwork > Light frame > Burst fire > Backblast > Banker > Landing shot > Slingshot > Redline > Breach > Shatter > Backfire > Recall > Homecoming > Capacitor > Reserve cell > Countershot > Reprisal > Tether rounds > Snapback > Cinder rounds > Crosswind > Flashpoint > Slipstream > Vector rounds > Afterburner > Thread the Needle > Retrace > Wallrunner > Air Brake","suspension > mass-driver > skid-plate > fold > relay-gate > arc-coil > daisy-chain > ramjet > wrecking-ball > grindshot > corner-cutter > crosshatch > magnum > scatter > rapid > ricochet > pierce > split > airshot > kick > leech > light > burst > backblast > banker > landing > slingshot > redline > breach > shatter > backfire > recall > homecoming > capacitor > reserve-cell > countershot > reprisal > tether > snapback > cinder > crosswind > flashpoint > slipstream > vector > afterburner > thread-the-needle > retrace > wallrunner > air-brake","https://caleb-guyer.github.io/recoil-foundry/?test=branches&combo=stasis.mass-driver.skid-plate.relay-gate.daisy-chain.wrecking-ball.corner-cutter.crosshatch&v=2.74.0","https://caleb-guyer.github.io/recoil-foundry/?test=branches&combo=stasis.mass-driver.skid-plate.relay-gate.daisy-chain.wrecking-ball.corner-cutter.crosshatch&room=boss&v=2.74.0","https://caleb-guyer.github.io/recoil-foundry/?test=branches&combo=stasis.mass-driver.skid-plate.relay-gate.daisy-chain.wrecking-ball.corner-cutter.crosshatch&mirror=1&v=2.74.0"
"stasis.mass-driver.skid-plate.relay-gate.daisy-chain.wrecking-ball.corner-cutter.tripline","Stasis","Mass Driver","Skid Plate + Relay Gate + Daisy Chain + Wrecking Ball + Corner Cutter + Tripline","undefined","49","Suspension > Mass Driver > Skid Plate > Fold > Relay Gate > Arc Coil > Daisy Chain > Ramjet > Wrecking Ball > Grindshot > Corner Cutter > Tripline > Heavy hitter > Scattershot > Hair trigger > Bank shot > Punch through > Splinter > Airshot > Kickback > Bloodwork > Light frame > Burst fire > Backblast > Banker > Landing shot > Slingshot > Redline > Breach > Shatter > Backfire > Recall > Homecoming > Capacitor > Reserve cell > Countershot > Reprisal > Tether rounds > Snapback > Cinder rounds > Crosswind > Flashpoint > Slipstream > Vector rounds > Afterburner > Chain Release > Retrace > Wallrunner > Air Brake","suspension > mass-driver > skid-plate > fold > relay-gate > arc-coil > daisy-chain > ramjet > wrecking-ball > grindshot > corner-cutter > tripline > magnum > scatter > rapid > ricochet > pierce > split > airshot > kick > leech > light > burst > backblast > banker > landing > slingshot > redline > breach > shatter > backfire > recall > homecoming > capacitor > reserve-cell > countershot > reprisal > tether > snapback > cinder > crosswind > flashpoint > slipstream > vector > afterburner > chain-release > retrace > wallrunner > air-brake","https://caleb-guyer.github.io/recoil-foundry/?test=branches&combo=stasis.mass-driver.skid-plate.relay-gate.daisy-chain.wrecking-ball.corner-cutter.tripline&v=2.74.0","https://caleb-guyer.github.io/recoil-foundry/?test=branches&combo=stasis.mass-driver.skid-plate.relay-gate.daisy-chain.wrecking-ball.corner-cutter.tripline&room=boss&v=2.74.0","https://caleb-guyer.github.io/recoil-foundry/?test=branches&combo=stasis.mass-driver.skid-plate.relay-gate.daisy-chain.wrecking-ball.corner-cutter.tripline&mirror=1&v=2.74.0"
"stasis.mass-driver.skid-plate.relay-gate.daisy-chain.wrecking-ball.crosscut.crosshatch","Stasis","Mass Driver","Skid Plate + Relay Gate + Daisy Chain + Wrecking Ball + Crosscut + Crosshatch","Flywheel","50","Suspension > Mass Driver > Skid Plate > Fold > Relay Gate > Arc Coil > Daisy Chain > Ramjet > Wrecking Ball > Grindshot > Crosscut > Crosshatch > Flywheel > Heavy hitter > Scattershot > Hair trigger > Bank shot > Punch through > Splinter > Airshot > Kickback > Bloodwork > Light frame > Burst fire > Backblast > Banker > Landing shot > Slingshot > Redline > Breach > Shatter > Backfire > Recall > Homecoming > Capacitor > Reserve cell > Countershot > Reprisal > Tether rounds > Snapback > Cinder rounds > Crosswind > Flashpoint > Slipstream > Vector rounds > Afterburner > Thread the Needle > Retrace > Wallrunner > Air Brake","suspension > mass-driver > skid-plate > fold > relay-gate > arc-coil > daisy-chain > ramjet > wrecking-ball > grindshot > crosscut > crosshatch > flywheel > magnum > scatter > rapid > ricochet > pierce > split > airshot > kick > leech > light > burst > backblast > banker > landing > slingshot > redline > breach > shatter > backfire > recall > homecoming > capacitor > reserve-cell > countershot > reprisal > tether > snapback > cinder > crosswind > flashpoint > slipstream > vector > afterburner > thread-the-needle > retrace > wallrunner > air-brake","https://caleb-guyer.github.io/recoil-foundry/?test=branches&combo=stasis.mass-driver.skid-plate.relay-gate.daisy-chain.wrecking-ball.crosscut.crosshatch&v=2.74.0","https://caleb-guyer.github.io/recoil-foundry/?test=branches&combo=stasis.mass-driver.skid-plate.relay-gate.daisy-chain.wrecking-ball.crosscut.crosshatch&room=boss&v=2.74.0","https://caleb-guyer.github.io/recoil-foundry/?test=branches&combo=stasis.mass-driver.skid-plate.relay-gate.daisy-chain.wrecking-ball.crosscut.crosshatch&mirror=1&v=2.74.0"
"stasis.mass-driver.skid-plate.relay-gate.daisy-chain.wrecking-ball.crosscut.tripline","Stasis","Mass Driver","Skid Plate + Relay Gate + Daisy Chain + Wrecking Ball + Crosscut + Tripline","Flywheel","50","Suspension > Mass Driver > Skid Plate > Fold > Relay Gate > Arc Coil > Daisy Chain > Ramjet > Wrecking Ball > Grindshot > Crosscut > Tripline > Flywheel > Heavy hitter > Scattershot > Hair trigger > Bank shot > Punch through > Splinter > Airshot > Kickback > Bloodwork > Light frame > Burst fire > Backblast > Banker > Landing shot > Slingshot > Redline > Breach > Shatter > Backfire > Recall > Homecoming > Capacitor > Reserve cell > Countershot > Reprisal > Tether rounds > Snapback > Cinder rounds > Crosswind > Flashpoint > Slipstream > Vector rounds > Afterburner > Chain Release > Retrace > Wallrunner > Air Brake","suspension > mass-driver > skid-plate > fold > relay-gate > arc-coil > daisy-chain > ramjet > wrecking-ball > grindshot > crosscut > tripline > flywheel > magnum > scatter > rapid > ricochet > pierce > split > airshot > kick > leech > light > burst > backblast > banker > landing > slingshot > redline > breach > shatter > backfire > recall > homecoming > capacitor > reserve-cell > countershot > reprisal > tether > snapback > cinder > crosswind > flashpoint > slipstream > vector > afterburner > chain-release > retrace > wallrunner > air-brake","https://caleb-guyer.github.io/recoil-foundry/?test=branches&combo=stasis.mass-driver.skid-plate.relay-gate.daisy-chain.wrecking-ball.crosscut.tripline&v=2.74.0","https://caleb-guyer.github.io/recoil-foundry/?test=branches&combo=stasis.mass-driver.skid-plate.relay-gate.daisy-chain.wrecking-ball.crosscut.tripline&room=boss&v=2.74.0","https://caleb-guyer.github.io/recoil-foundry/?test=branches&combo=stasis.mass-driver.skid-plate.relay-gate.daisy-chain.wrecking-ball.crosscut.tripline&mirror=1&v=2.74.0"
"stasis.mass-driver.skid-plate.relay-gate.daisy-chain.triphammer.corner-cutter.crosshatch","Stasis","Mass Driver","Skid Plate + Relay Gate + Daisy Chain + Triphammer + Corner Cutter + Crosshatch","undefined","49","Suspension > Mass Driver > Skid Plate > Fold > Relay Gate > Arc Coil > Daisy Chain > Ramjet > Triphammer > Grindshot > Corner Cutter > Crosshatch > Heavy hitter > Scattershot > Hair trigger > Bank shot > Punch through > Splinter > Airshot > Kickback > Bloodwork > Light frame > Burst fire > Backblast > Banker > Landing shot > Slingshot > Redline > Breach > Shatter > Backfire > Recall > Homecoming > Capacitor > Reserve cell > Countershot > Reprisal > Tether rounds > Snapback > Cinder rounds > Crosswind > Flashpoint > Slipstream > Vector rounds > Afterburner > Thread the Needle > Retrace > Wallrunner > Air Brake","suspension > mass-driver > skid-plate > fold > relay-gate > arc-coil > daisy-chain > ramjet > triphammer > grindshot > corner-cutter > crosshatch > magnum > scatter > rapid > ricochet > pierce > split > airshot > kick > leech > light > burst > backblast > banker > landing > slingshot > redline > breach > shatter > backfire > recall > homecoming > capacitor > reserve-cell > countershot > reprisal > tether > snapback > cinder > crosswind > flashpoint > slipstream > vector > afterburner > thread-the-needle > retrace > wallrunner > air-brake","https://caleb-guyer.github.io/recoil-foundry/?test=branches&combo=stasis.mass-driver.skid-plate.relay-gate.daisy-chain.triphammer.corner-cutter.crosshatch&v=2.74.0","https://caleb-guyer.github.io/recoil-foundry/?test=branches&combo=stasis.mass-driver.skid-plate.relay-gate.daisy-chain.triphammer.corner-cutter.crosshatch&room=boss&v=2.74.0","https://caleb-guyer.github.io/recoil-foundry/?test=branches&combo=stasis.mass-driver.skid-plate.relay-gate.daisy-chain.triphammer.corner-cutter.crosshatch&mirror=1&v=2.74.0"
"stasis.mass-driver.skid-plate.relay-gate.daisy-chain.triphammer.corner-cutter.tripline","Stasis","Mass Driver","Skid Plate + Relay Gate + Daisy Chain + Triphammer + Corner Cutter + Tripline","undefined","49","Suspension > Mass Driver > Skid Plate > Fold > Relay Gate > Arc Coil > Daisy Chain > Ramjet > Triphammer > Grindshot > Corner Cutter > Tripline > Heavy hitter > Scattershot > Hair trigger > Bank shot > Punch through > Splinter > Airshot > Kickback > Bloodwork > Light frame > Burst fire > Backblast > Banker > Landing shot > Slingshot > Redline > Breach > Shatter > Backfire > Recall > Homecoming > Capacitor > Reserve cell > Countershot > Reprisal > Tether rounds > Snapback > Cinder rounds > Crosswind > Flashpoint > Slipstream > Vector rounds > Afterburner > Chain Release > Retrace > Wallrunner > Air Brake","suspension > mass-driver > skid-plate > fold > relay-gate > arc-coil > daisy-chain > ramjet > triphammer > grindshot > corner-cutter > tripline > magnum > scatter > rapid > ricochet > pierce > split > airshot > kick > leech > light > burst > backblast > banker > landing > slingshot > redline > breach > shatter > backfire > recall > homecoming > capacitor > reserve-cell > countershot > reprisal > tether > snapback > cinder > crosswind > flashpoint > slipstream > vector > afterburner > chain-release > retrace > wallrunner > air-brake","https://caleb-guyer.github.io/recoil-foundry/?test=branches&combo=stasis.mass-driver.skid-plate.relay-gate.daisy-chain.triphammer.corner-cutter.tripline&v=2.74.0","https://caleb-guyer.github.io/recoil-foundry/?test=branches&combo=stasis.mass-driver.skid-plate.relay-gate.daisy-chain.triphammer.corner-cutter.tripline&room=boss&v=2.74.0","https://caleb-guyer.github.io/recoil-foundry/?test=branches&combo=stasis.mass-driver.skid-plate.relay-gate.daisy-chain.triphammer.corner-cutter.tripline&mirror=1&v=2.74.0"
"stasis.mass-driver.skid-plate.relay-gate.daisy-chain.triphammer.crosscut.crosshatch","Stasis","Mass Driver","Skid Plate + Relay Gate + Daisy Chain + Triphammer + Crosscut + Crosshatch","Flywheel","50","Suspension > Mass Driver > Skid Plate > Fold > Relay Gate > Arc Coil > Daisy Chain > Ramjet > Triphammer > Grindshot > Crosscut > Crosshatch > Flywheel > Heavy hitter > Scattershot > Hair trigger > Bank shot > Punch through > Splinter > Airshot > Kickback > Bloodwork > Light frame > Burst fire > Backblast > Banker > Landing shot > Slingshot > Redline > Breach > Shatter > Backfire > Recall > Homecoming > Capacitor > Reserve cell > Countershot > Reprisal > Tether rounds > Snapback > Cinder rounds > Crosswind > Flashpoint > Slipstream > Vector rounds > Afterburner > Thread the Needle > Retrace > Wallrunner > Air Brake","suspension > mass-driver > skid-plate > fold > relay-gate > arc-coil > daisy-chain > ramjet > triphammer > grindshot > crosscut > crosshatch > flywheel > magnum > scatter > rapid > ricochet > pierce > split > airshot > kick > leech > light > burst > backblast > banker > landing > slingshot > redline > breach > shatter > backfire > recall > homecoming > capacitor > reserve-cell > countershot > reprisal > tether > snapback > cinder > crosswind > flashpoint > slipstream > vector > afterburner > thread-the-needle > retrace > wallrunner > air-brake","https://caleb-guyer.github.io/recoil-foundry/?test=branches&combo=stasis.mass-driver.skid-plate.relay-gate.daisy-chain.triphammer.crosscut.crosshatch&v=2.74.0","https://caleb-guyer.github.io/recoil-foundry/?test=branches&combo=stasis.mass-driver.skid-plate.relay-gate.daisy-chain.triphammer.crosscut.crosshatch&room=boss&v=2.74.0","https://caleb-guyer.github.io/recoil-foundry/?test=branches&combo=stasis.mass-driver.skid-plate.relay-gate.daisy-chain.triphammer.crosscut.crosshatch&mirror=1&v=2.74.0"
"stasis.mass-driver.skid-plate.relay-gate.daisy-chain.triphammer.crosscut.tripline","Stasis","Mass Driver","Skid Plate + Relay Gate + Daisy Chain + Triphammer + Crosscut + Tripline","Flywheel","50","Suspension > Mass Driver > Skid Plate > Fold > Relay Gate > Arc Coil > Daisy Chain > Ramjet > Triphammer > Grindshot > Crosscut > Tripline > Flywheel > Heavy hitter > Scattershot > Hair trigger > Bank shot > Punch through > Splinter > Airshot > Kickback > Bloodwork > Light frame > Burst fire > Backblast > Banker > Landing shot > Slingshot > Redline > Breach > Shatter > Backfire > Recall > Homecoming > Capacitor > Reserve cell > Countershot > Reprisal > Tether rounds > Snapback > Cinder rounds > Crosswind > Flashpoint > Slipstream > Vector rounds > Afterburner > Chain Release > Retrace > Wallrunner > Air Brake","suspension > mass-driver > skid-plate > fold > relay-gate > arc-coil > daisy-chain > ramjet > triphammer > grindshot > crosscut > tripline > flywheel > magnum > scatter > rapid > ricochet > pierce > split > airshot > kick > leech > light > burst > backblast > banker > landing > slingshot > redline > breach > shatter > backfire > recall > homecoming > capacitor > reserve-cell > countershot > reprisal > tether > snapback > cinder > crosswind > flashpoint > slipstream > vector > afterburner > chain-release > retrace > wallrunner > air-brake","https://caleb-guyer.github.io/recoil-foundry/?test=branches&combo=stasis.mass-driver.skid-plate.relay-gate.daisy-chain.triphammer.crosscut.tripline&v=2.74.0","https://caleb-guyer.github.io/recoil-foundry/?test=branches&combo=stasis.mass-driver.skid-plate.relay-gate.daisy-chain.triphammer.crosscut.tripline&room=boss&v=2.74.0","https://caleb-guyer.github.io/recoil-foundry/?test=branches&combo=stasis.mass-driver.skid-plate.relay-gate.daisy-chain.triphammer.crosscut.tripline&mirror=1&v=2.74.0"
"stasis.mass-driver.skid-plate.relay-gate.short-circuit.wrecking-ball.corner-cutter.crosshatch","Stasis","Mass Driver","Skid Plate + Relay Gate + Short Circuit + Wrecking Ball + Corner Cutter + Crosshatch","undefined","49","Suspension > Mass Driver > Skid Plate > Fold > Relay Gate > Arc Coil > Short Circuit > Ramjet > Wrecking Ball > Grindshot > Corner Cutter > Crosshatch > Heavy hitter > Scattershot > Hair trigger > Bank shot > Punch through > Splinter > Airshot > Kickback > Bloodwork > Light frame > Burst fire > Backblast > Banker > Landing shot > Slingshot > Redline > Breach > Shatter > Backfire > Recall > Homecoming > Capacitor > Reserve cell > Countershot > Reprisal > Tether rounds > Snapback > Cinder rounds > Crosswind > Flashpoint > Slipstream > Vector rounds > Afterburner > Thread the Needle > Retrace > Wallrunner > Air Brake","suspension > mass-driver > skid-plate > fold > relay-gate > arc-coil > short-circuit > ramjet > wrecking-ball > grindshot > corner-cutter > crosshatch > magnum > scatter > rapid > ricochet > pierce > split > airshot > kick > leech > light > burst > backblast > banker > landing > slingshot > redline > breach > shatter > backfire > recall > homecoming > capacitor > reserve-cell > countershot > reprisal > tether > snapback > cinder > crosswind > flashpoint > slipstream > vector > afterburner > thread-the-needle > retrace > wallrunner > air-brake","https://caleb-guyer.github.io/recoil-foundry/?test=branches&combo=stasis.mass-driver.skid-plate.relay-gate.short-circuit.wrecking-ball.corner-cutter.crosshatch&v=2.74.0","https://caleb-guyer.github.io/recoil-foundry/?test=branches&combo=stasis.mass-driver.skid-plate.relay-gate.short-circuit.wrecking-ball.corner-cutter.crosshatch&room=boss&v=2.74.0","https://caleb-guyer.github.io/recoil-foundry/?test=branches&combo=stasis.mass-driver.skid-plate.relay-gate.short-circuit.wrecking-ball.corner-cutter.crosshatch&mirror=1&v=2.74.0"
"stasis.mass-driver.skid-plate.relay-gate.short-circuit.wrecking-ball.corner-cutter.tripline","Stasis","Mass Driver","Skid Plate + Relay Gate + Short Circuit + Wrecking Ball + Corner Cutter + Tripline","undefined","49","Suspension > Mass Driver > Skid Plate > Fold > Relay Gate > Arc Coil > Short Circuit > Ramjet > Wrecking Ball > Grindshot > Corner Cutter > Tripline > Heavy hitter > Scattershot > Hair trigger > Bank shot > Punch through > Splinter > Airshot > Kickback > Bloodwork > Light frame > Burst fire > Backblast > Banker > Landing shot > Slingshot > Redline > Breach > Shatter > Backfire > Recall > Homecoming > Capacitor > Reserve cell > Countershot > Reprisal > Tether rounds > Snapback > Cinder rounds > Crosswind > Flashpoint > Slipstream > Vector rounds > Afterburner > Chain Release > Retrace > Wallrunner > Air Brake","suspension > mass-driver > skid-plate > fold > relay-gate > arc-coil > short-circuit > ramjet > wrecking-ball > grindshot > corner-cutter > tripline > magnum > scatter > rapid > ricochet > pierce > split > airshot > kick > leech > light > burst > backblast > banker > landing > slingshot > redline > breach > shatter > backfire > recall > homecoming > capacitor > reserve-cell > countershot > reprisal > tether > snapback > cinder > crosswind > flashpoint > slipstream > vector > afterburner > chain-release > retrace > wallrunner > air-brake","https://caleb-guyer.github.io/recoil-foundry/?test=branches&combo=stasis.mass-driver.skid-plate.relay-gate.short-circuit.wrecking-ball.corner-cutter.tripline&v=2.74.0","https://caleb-guyer.github.io/recoil-foundry/?test=branches&combo=stasis.mass-driver.skid-plate.relay-gate.short-circuit.wrecking-ball.corner-cutter.tripline&room=boss&v=2.74.0","https://caleb-guyer.github.io/recoil-foundry/?test=branches&combo=stasis.mass-driver.skid-plate.relay-gate.short-circuit.wrecking-ball.corner-cutter.tripline&mirror=1&v=2.74.0"
"stasis.mass-driver.skid-plate.relay-gate.short-circuit.wrecking-ball.crosscut.crosshatch","Stasis","Mass Driver","Skid Plate + Relay Gate + Short Circuit + Wrecking Ball + Crosscut + Crosshatch","Flywheel","50","Suspension > Mass Driver > Skid Plate > Fold > Relay Gate > Arc Coil > Short Circuit > Ramjet > Wrecking Ball > Grindshot > Crosscut > Crosshatch > Flywheel > Heavy hitter > Scattershot > Hair trigger > Bank shot > Punch through > Splinter > Airshot > Kickback > Bloodwork > Light frame > Burst fire > Backblast > Banker > Landing shot > Slingshot > Redline > Breach > Shatter > Backfire > Recall > Homecoming > Capacitor > Reserve cell > Countershot > Reprisal > Tether rounds > Snapback > Cinder rounds > Crosswind > Flashpoint > Slipstream > Vector rounds > Afterburner > Thread the Needle > Retrace > Wallrunner > Air Brake","suspension > mass-driver > skid-plate > fold > relay-gate > arc-coil > short-circuit > ramjet > wrecking-ball > grindshot > crosscut > crosshatch > flywheel > magnum > scatter > rapid > ricochet > pierce > split > airshot > kick > leech > light > burst > backblast > banker > landing > slingshot > redline > breach > shatter > backfire > recall > homecoming > capacitor > reserve-cell > countershot > reprisal > tether > snapback > cinder > crosswind > flashpoint > slipstream > vector > afterburner > thread-the-needle > retrace > wallrunner > air-brake","https://caleb-guyer.github.io/recoil-foundry/?test=branches&combo=stasis.mass-driver.skid-plate.relay-gate.short-circuit.wrecking-ball.crosscut.crosshatch&v=2.74.0","https://caleb-guyer.github.io/recoil-foundry/?test=branches&combo=stasis.mass-driver.skid-plate.relay-gate.short-circuit.wrecking-ball.crosscut.crosshatch&room=boss&v=2.74.0","https://caleb-guyer.github.io/recoil-foundry/?test=branches&combo=stasis.mass-driver.skid-plate.relay-gate.short-circuit.wrecking-ball.crosscut.crosshatch&mirror=1&v=2.74.0"
"stasis.mass-driver.skid-plate.relay-gate.short-circuit.wrecking-ball.crosscut.tripline","Stasis","Mass Driver","Skid Plate + Relay Gate + Short Circuit + Wrecking Ball + Crosscut + Tripline","Flywheel","50","Suspension > Mass Driver > Skid Plate > Fold > Relay Gate > Arc Coil > Short Circuit > Ramjet > Wrecking Ball > Grindshot > Crosscut > Tripline > Flywheel > Heavy hitter > Scattershot > Hair trigger > Bank shot > Punch through > Splinter > Airshot > Kickback > Bloodwork > Light frame > Burst fire > Backblast > Banker > Landing shot > Slingshot > Redline > Breach > Shatter > Backfire > Recall > Homecoming > Capacitor > Reserve cell > Countershot > Reprisal > Tether rounds > Snapback > Cinder rounds > Crosswind > Flashpoint > Slipstream > Vector rounds > Afterburner > Chain Release > Retrace > Wallrunner > Air Brake","suspension > mass-driver > skid-plate > fold > relay-gate > arc-coil > short-circuit > ramjet > wrecking-ball > grindshot > crosscut > tripline > flywheel > magnum > scatter > rapid > ricochet > pierce > split > airshot > kick > leech > light > burst > backblast > banker > landing > slingshot > redline > breach > shatter > backfire > recall > homecoming > capacitor > reserve-cell > countershot > reprisal > tether > snapback > cinder > crosswind > flashpoint > slipstream > vector > afterburner > chain-release > retrace > wallrunner > air-brake","https://caleb-guyer.github.io/recoil-foundry/?test=branches&combo=stasis.mass-driver.skid-plate.relay-gate.short-circuit.wrecking-ball.crosscut.tripline&v=2.74.0","https://caleb-guyer.github.io/recoil-foundry/?test=branches&combo=stasis.mass-driver.skid-plate.relay-gate.short-circuit.wrecking-ball.crosscut.tripline&room=boss&v=2.74.0","https://caleb-guyer.github.io/recoil-foundry/?test=branches&combo=stasis.mass-driver.skid-plate.relay-gate.short-circuit.wrecking-ball.crosscut.tripline&mirror=1&v=2.74.0"
"stasis.mass-driver.skid-plate.relay-gate.short-circuit.triphammer.corner-cutter.crosshatch","Stasis","Mass Driver","Skid Plate + Relay Gate + Short Circuit + Triphammer + Corner Cutter + Crosshatch","undefined","49","Suspension > Mass Driver > Skid Plate > Fold > Relay Gate > Arc Coil > Short Circuit > Ramjet > Triphammer > Grindshot > Corner Cutter > Crosshatch > Heavy hitter > Scattershot > Hair trigger > Bank shot > Punch through > Splinter > Airshot > Kickback > Bloodwork > Light frame > Burst fire > Backblast > Banker > Landing shot > Slingshot > Redline > Breach > Shatter > Backfire > Recall > Homecoming > Capacitor > Reserve cell > Countershot > Reprisal > Tether rounds > Snapback > Cinder rounds > Crosswind > Flashpoint > Slipstream > Vector rounds > Afterburner > Thread the Needle > Retrace > Wallrunner > Air Brake","suspension > mass-driver > skid-plate > fold > relay-gate > arc-coil > short-circuit > ramjet > triphammer > grindshot > corner-cutter > crosshatch > magnum > scatter > rapid > ricochet > pierce > split > airshot > kick > leech > light > burst > backblast > banker > landing > slingshot > redline > breach > shatter > backfire > recall > homecoming > capacitor > reserve-cell > countershot > reprisal > tether > snapback > cinder > crosswind > flashpoint > slipstream > vector > afterburner > thread-the-needle > retrace > wallrunner > air-brake","https://caleb-guyer.github.io/recoil-foundry/?test=branches&combo=stasis.mass-driver.skid-plate.relay-gate.short-circuit.triphammer.corner-cutter.crosshatch&v=2.74.0","https://caleb-guyer.github.io/recoil-foundry/?test=branches&combo=stasis.mass-driver.skid-plate.relay-gate.short-circuit.triphammer.corner-cutter.crosshatch&room=boss&v=2.74.0","https://caleb-guyer.github.io/recoil-foundry/?test=branches&combo=stasis.mass-driver.skid-plate.relay-gate.short-circuit.triphammer.corner-cutter.crosshatch&mirror=1&v=2.74.0"
"stasis.mass-driver.skid-plate.relay-gate.short-circuit.triphammer.corner-cutter.tripline","Stasis","Mass Driver","Skid Plate + Relay Gate + Short Circuit + Triphammer + Corner Cutter + Tripline","undefined","49","Suspension > Mass Driver > Skid Plate > Fold > Relay Gate > Arc Coil > Short Circuit > Ramjet > Triphammer > Grindshot > Corner Cutter > Tripline > Heavy hitter > Scattershot > Hair trigger > Bank shot > Punch through > Splinter > Airshot > Kickback > Bloodwork > Light frame > Burst fire > Backblast > Banker > Landing shot > Slingshot > Redline > Breach > Shatter > Backfire > Recall > Homecoming > Capacitor > Reserve cell > Countershot > Reprisal > Tether rounds > Snapback > Cinder rounds > Crosswind > Flashpoint > Slipstream > Vector rounds > Afterburner > Chain Release > Retrace > Wallrunner > Air Brake","suspension > mass-driver > skid-plate > fold > relay-gate > arc-coil > short-circuit > ramjet > triphammer > grindshot > corner-cutter > tripline > magnum > scatter > rapid > ricochet > pierce > split > airshot > kick > leech > light > burst > backblast > banker > landing > slingshot > redline > breach > shatter > backfire > recall > homecoming > capacitor > reserve-cell > countershot > reprisal > tether > snapback > cinder > crosswind > flashpoint > slipstream > vector > afterburner > chain-release > retrace > wallrunner > air-brake","https://caleb-guyer.github.io/recoil-foundry/?test=branches&combo=stasis.mass-driver.skid-plate.relay-gate.short-circuit.triphammer.corner-cutter.tripline&v=2.74.0","https://caleb-guyer.github.io/recoil-foundry/?test=branches&combo=stasis.mass-driver.skid-plate.relay-gate.short-circuit.triphammer.corner-cutter.tripline&room=boss&v=2.74.0","https://caleb-guyer.github.io/recoil-foundry/?test=branches&combo=stasis.mass-driver.skid-plate.relay-gate.short-circuit.triphammer.corner-cutter.tripline&mirror=1&v=2.74.0"
"stasis.mass-driver.skid-plate.relay-gate.short-circuit.triphammer.crosscut.crosshatch","Stasis","Mass Driver","Skid Plate + Relay Gate + Short Circuit + Triphammer + Crosscut + Crosshatch","Flywheel","50","Suspension > Mass Driver > Skid Plate > Fold > Relay Gate > Arc Coil > Short Circuit > Ramjet > Triphammer > Grindshot > Crosscut > Crosshatch > Flywheel > Heavy hitter > Scattershot > Hair trigger > Bank shot > Punch through > Splinter > Airshot > Kickback > Bloodwork > Light frame > Burst fire > Backblast > Banker > Landing shot > Slingshot > Redline > Breach > Shatter > Backfire > Recall > Homecoming > Capacitor > Reserve cell > Countershot > Reprisal > Tether rounds > Snapback > Cinder rounds > Crosswind > Flashpoint > Slipstream > Vector rounds > Afterburner > Thread the Needle > Retrace > Wallrunner > Air Brake","suspension > mass-driver > skid-plate > fold > relay-gate > arc-coil > short-circuit > ramjet > triphammer > grindshot > crosscut > crosshatch > flywheel > magnum > scatter > rapid > ricochet > pierce > split > airshot > kick > leech > light > burst > backblast > banker > landing > slingshot > redline > breach > shatter > backfire > recall > homecoming > capacitor > reserve-cell > countershot > reprisal > tether > snapback > cinder > crosswind > flashpoint > slipstream > vector > afterburner > thread-the-needle > retrace > wallrunner > air-brake","https://caleb-guyer.github.io/recoil-foundry/?test=branches&combo=stasis.mass-driver.skid-plate.relay-gate.short-circuit.triphammer.crosscut.crosshatch&v=2.74.0","https://caleb-guyer.github.io/recoil-foundry/?test=branches&combo=stasis.mass-driver.skid-plate.relay-gate.short-circuit.triphammer.crosscut.crosshatch&room=boss&v=2.74.0","https://caleb-guyer.github.io/recoil-foundry/?test=branches&combo=stasis.mass-driver.skid-plate.relay-gate.short-circuit.triphammer.crosscut.crosshatch&mirror=1&v=2.74.0"
"stasis.mass-driver.skid-plate.relay-gate.short-circuit.triphammer.crosscut.tripline","Stasis","Mass Driver","Skid Plate + Relay Gate + Short Circuit + Triphammer + Crosscut + Tripline","Flywheel","50","Suspension > Mass Driver > Skid Plate > Fold > Relay Gate > Arc Coil > Short Circuit > Ramjet > Triphammer > Grindshot > Crosscut > Tripline > Flywheel > Heavy hitter > Scattershot > Hair trigger > Bank shot > Punch through > Splinter > Airshot > Kickback > Bloodwork > Light frame > Burst fire > Backblast > Banker > Landing shot > Slingshot > Redline > Breach > Shatter > Backfire > Recall > Homecoming > Capacitor > Reserve cell > Countershot > Reprisal > Tether rounds > Snapback > Cinder rounds > Crosswind > Flashpoint > Slipstream > Vector rounds > Afterburner > Chain Release > Retrace > Wallrunner > Air Brake","suspension > mass-driver > skid-plate > fold > relay-gate > arc-coil > short-circuit > ramjet > triphammer > grindshot > crosscut > tripline > flywheel > magnum > scatter > rapid > ricochet > pierce > split > airshot > kick > leech > light > burst > backblast > banker > landing > slingshot > redline > breach > shatter > backfire > recall > homecoming > capacitor > reserve-cell > countershot > reprisal > tether > snapback > cinder > crosswind > flashpoint > slipstream > vector > afterburner > chain-release > retrace > wallrunner > air-brake","https://caleb-guyer.github.io/recoil-foundry/?test=branches&combo=stasis.mass-driver.skid-plate.relay-gate.short-circuit.triphammer.crosscut.tripline&v=2.74.0","https://caleb-guyer.github.io/recoil-foundry/?test=branches&combo=stasis.mass-driver.skid-plate.relay-gate.short-circuit.triphammer.crosscut.tripline&room=boss&v=2.74.0","https://caleb-guyer.github.io/recoil-foundry/?test=branches&combo=stasis.mass-driver.skid-plate.relay-gate.short-circuit.triphammer.crosscut.tripline&mirror=1&v=2.74.0"
