"game_version","upgrade_a","name_a","upgrade_b","name_b","eligibility","blockers_including_prerequisites","a_first_dependency_order","b_first_dependency_order","base_stats_in_both_orders","scope"
"2.70.0","magnum","Heavy hitter","scatter","Scattershot","allowed with prerequisites","","magnum > scatter","scatter > magnum","equal within numerical tolerance","eligibility and base stats only; combat interactions require separate checks"
"2.70.0","magnum","Heavy hitter","rapid","Hair trigger","allowed with prerequisites","","magnum > rapid","rapid > magnum","equal within numerical tolerance","eligibility and base stats only; combat interactions require separate checks"
"2.70.0","magnum","Heavy hitter","ricochet","Bank shot","allowed with prerequisites","","magnum > ricochet","ricochet > magnum","equal within numerical tolerance","eligibility and base stats only; combat interactions require separate checks"
"2.70.0","magnum","Heavy hitter","pierce","Punch through","allowed with prerequisites","","magnum > pierce","pierce > magnum","equal within numerical tolerance","eligibility and base stats only; combat interactions require separate checks"
"2.70.0","magnum","Heavy hitter","split","Splinter","allowed with prerequisites","","magnum > split","split > magnum","equal within numerical tolerance","eligibility and base stats only; combat interactions require separate checks"
"2.70.0","magnum","Heavy hitter","airshot","Airshot","allowed with prerequisites","","magnum > airshot","airshot > magnum","equal within numerical tolerance","eligibility and base stats only; combat interactions require separate checks"
"2.70.0","magnum","Heavy hitter","kick","Kickback","allowed with prerequisites","","magnum > kick","kick > magnum","equal within numerical tolerance","eligibility and base stats only; combat interactions require separate checks"
"2.70.0","magnum","Heavy hitter","leech","Bloodwork","allowed with prerequisites","","magnum > leech","leech > magnum","equal within numerical tolerance","eligibility and base stats only; combat interactions require separate checks"
"2.70.0","magnum","Heavy hitter","light","Light frame","allowed with prerequisites","","magnum > light","light > magnum","equal within numerical tolerance","eligibility and base stats only; combat interactions require separate checks"
"2.70.0","magnum","Heavy hitter","burst","Burst fire","allowed with prerequisites","","magnum > burst","burst > magnum","equal within numerical tolerance","eligibility and base stats only; combat interactions require separate checks"
"2.70.0","magnum","Heavy hitter","backblast","Backblast","allowed with prerequisites","","magnum > backblast","backblast > magnum","equal within numerical tolerance","eligibility and base stats only; combat interactions require separate checks"
"2.70.0","magnum","Heavy hitter","banker","Banker","allowed with prerequisites","","magnum > banker","banker > magnum","equal within numerical tolerance","eligibility and base stats only; combat interactions require separate checks"
"2.70.0","magnum","Heavy hitter","landing","Landing shot","allowed with prerequisites","","magnum > landing","landing > magnum","equal within numerical tolerance","eligibility and base stats only; combat interactions require separate checks"
"2.70.0","magnum","Heavy hitter","crossfire","Crossfire","allowed with prerequisites","","magnum > crossfire","crossfire > magnum","equal within numerical tolerance","eligibility and base stats only; combat interactions require separate checks"
"2.70.0","magnum","Heavy hitter","bloom","Death bloom","allowed with prerequisites","","magnum > crossfire > bloom","crossfire > bloom > magnum","equal within numerical tolerance","eligibility and base stats only; combat interactions require separate checks"
"2.70.0","magnum","Heavy hitter","deadeye","Deadeye","allowed with prerequisites","","magnum > deadeye","deadeye > magnum","equal within numerical tolerance","eligibility and base stats only; combat interactions require separate checks"
"2.70.0","magnum","Heavy hitter","execute","Executioner","allowed with prerequisites","","magnum > deadeye > execute","deadeye > execute > magnum","equal within numerical tolerance","eligibility and base stats only; combat interactions require separate checks"
"2.70.0","magnum","Heavy hitter","fold","Fold","allowed with prerequisites","","magnum > fold","fold > magnum","equal within numerical tolerance","eligibility and base stats only; combat interactions require separate checks"
"2.70.0","magnum","Heavy hitter","shellshock","Shellshock","allowed with prerequisites","","magnum > shellshock","shellshock > magnum","equal within numerical tolerance","eligibility and base stats only; combat interactions require separate checks"
"2.70.0","magnum","Heavy hitter","blast-surf","Blast surfing","allowed with prerequisites","","magnum > shellshock > blast-surf","shellshock > blast-surf > magnum","equal within numerical tolerance","eligibility and base stats only; combat interactions require separate checks"
"2.70.0","magnum","Heavy hitter","aftershock","Aftershock","allowed with prerequisites","","magnum > shellshock > aftershock","shellshock > aftershock > magnum","equal within numerical tolerance","eligibility and base stats only; combat interactions require separate checks"
"2.70.0","magnum","Heavy hitter","chain-reaction","Chain reaction","allowed with prerequisites","","magnum > shellshock > chain-reaction","shellshock > chain-reaction > magnum","equal within numerical tolerance","eligibility and base stats only; combat interactions require separate checks"
"2.70.0","magnum","Heavy hitter","rewire","Rewire","allowed with prerequisites","","magnum > fold > rewire","fold > rewire > magnum","equal within numerical tolerance","eligibility and base stats only; combat interactions require separate checks"
"2.70.0","magnum","Heavy hitter","slingshot","Slingshot","allowed with prerequisites","","magnum > fold > slingshot","fold > slingshot > magnum","equal within numerical tolerance","eligibility and base stats only; combat interactions require separate checks"
"2.70.0","magnum","Heavy hitter","redline","Redline","allowed with prerequisites","","magnum > kick > redline","kick > redline > magnum","equal within numerical tolerance","eligibility and base stats only; combat interactions require separate checks"
"2.70.0","magnum","Heavy hitter","breach","Breach","allowed with prerequisites","","magnum > backblast > breach","backblast > breach > magnum","equal within numerical tolerance","eligibility and base stats only; combat interactions require separate checks"
"2.70.0","magnum","Heavy hitter","shatter","Shatter","allowed with prerequisites","","magnum > split > shatter","split > shatter > magnum","equal within numerical tolerance","eligibility and base stats only; combat interactions require separate checks"
"2.70.0","magnum","Heavy hitter","convergence","Convergence","allowed with prerequisites","","magnum > crossfire > convergence","crossfire > convergence > magnum","equal within numerical tolerance","eligibility and base stats only; combat interactions require separate checks"
"2.70.0","magnum","Heavy hitter","deadlock","Deadlock","allowed with prerequisites","","magnum > deadeye > deadlock","deadeye > deadlock > magnum","equal within numerical tolerance","eligibility and base stats only; combat interactions require separate checks"
"2.70.0","magnum","Heavy hitter","shockfront","Shockfront","allowed with prerequisites","","magnum > shellshock > aftershock > shockfront","shellshock > aftershock > shockfront > magnum","equal within numerical tolerance","eligibility and base stats only; combat interactions require separate checks"
"2.70.0","magnum","Heavy hitter","backfire","Backfire","allowed with prerequisites","","magnum > backblast > backfire","backblast > backfire > magnum","equal within numerical tolerance","eligibility and base stats only; combat interactions require separate checks"
"2.70.0","magnum","Heavy hitter","recall","Recall","allowed with prerequisites","","magnum > recall","recall > magnum","equal within numerical tolerance","eligibility and base stats only; combat interactions require separate checks"
"2.70.0","magnum","Heavy hitter","homecoming","Homecoming","allowed with prerequisites","","magnum > recall > homecoming","recall > homecoming > magnum","equal within numerical tolerance","eligibility and base stats only; combat interactions require separate checks"
"2.70.0","magnum","Heavy hitter","capacitor","Capacitor","allowed with prerequisites","","magnum > capacitor","capacitor > magnum","equal within numerical tolerance","eligibility and base stats only; combat interactions require separate checks"
"2.70.0","magnum","Heavy hitter","reserve-cell","Reserve cell","allowed with prerequisites","","magnum > capacitor > reserve-cell","capacitor > reserve-cell > magnum","equal within numerical tolerance","eligibility and base stats only; combat interactions require separate checks"
"2.70.0","magnum","Heavy hitter","countershot","Countershot","allowed with prerequisites","","magnum > countershot","countershot > magnum","equal within numerical tolerance","eligibility and base stats only; combat interactions require separate checks"
"2.70.0","magnum","Heavy hitter","reprisal","Reprisal","allowed with prerequisites","","magnum > countershot > reprisal","countershot > reprisal > magnum","equal within numerical tolerance","eligibility and base stats only; combat interactions require separate checks"
"2.70.0","magnum","Heavy hitter","rivet","Rivet","allowed with prerequisites","","magnum > deadeye > rivet","deadeye > rivet > magnum","equal within numerical tolerance","eligibility and base stats only; combat interactions require separate checks"
"2.70.0","magnum","Heavy hitter","fracture","Fracture","allowed with prerequisites","","magnum > deadeye > rivet > fracture","deadeye > rivet > fracture > magnum","equal within numerical tolerance","eligibility and base stats only; combat interactions require separate checks"
"2.70.0","magnum","Heavy hitter","fuse","Fuse","allowed with prerequisites","","magnum > shellshock > fuse","shellshock > fuse > magnum","equal within numerical tolerance","eligibility and base stats only; combat interactions require separate checks"
"2.70.0","magnum","Heavy hitter","linked-fuse","Linked fuse","allowed with prerequisites","","magnum > shellshock > fuse > linked-fuse","shellshock > fuse > linked-fuse > magnum","equal within numerical tolerance","eligibility and base stats only; combat interactions require separate checks"
"2.70.0","magnum","Heavy hitter","afterimage","Afterimage","allowed with prerequisites","","magnum > crossfire > afterimage","crossfire > afterimage > magnum","equal within numerical tolerance","eligibility and base stats only; combat interactions require separate checks"
"2.70.0","magnum","Heavy hitter","parallax","Parallax","allowed with prerequisites","","magnum > crossfire > afterimage > parallax","crossfire > afterimage > parallax > magnum","equal within numerical tolerance","eligibility and base stats only; combat interactions require separate checks"
"2.70.0","magnum","Heavy hitter","rail-spike","Rail spike","allowed with prerequisites","","magnum > deadeye > capacitor > rail-spike","deadeye > capacitor > rail-spike > magnum","equal within numerical tolerance","eligibility and base stats only; combat interactions require separate checks"
"2.70.0","magnum","Heavy hitter","tether","Tether rounds","allowed with prerequisites","","magnum > tether","tether > magnum","equal within numerical tolerance","eligibility and base stats only; combat interactions require separate checks"
"2.70.0","magnum","Heavy hitter","snapback","Snapback","allowed with prerequisites","","magnum > tether > snapback","tether > snapback > magnum","equal within numerical tolerance","eligibility and base stats only; combat interactions require separate checks"
"2.70.0","magnum","Heavy hitter","orbit","Orbit","allowed with prerequisites","","magnum > crossfire > recall > orbit","crossfire > recall > orbit > magnum","equal within numerical tolerance","eligibility and base stats only; combat interactions require separate checks"
"2.70.0","magnum","Heavy hitter","arc-coil","Arc Coil","allowed with prerequisites","","magnum > arc-coil","arc-coil > magnum","equal within numerical tolerance","eligibility and base stats only; combat interactions require separate checks"
"2.70.0","magnum","Heavy hitter","daisy-chain","Daisy Chain","allowed with prerequisites","","magnum > arc-coil > daisy-chain","arc-coil > daisy-chain > magnum","equal within numerical tolerance","eligibility and base stats only; combat interactions require separate checks"
"2.70.0","magnum","Heavy hitter","implosion","Implosion","allowed with prerequisites","","magnum > shellshock > fuse > implosion","shellshock > fuse > implosion > magnum","equal within numerical tolerance","eligibility and base stats only; combat interactions require separate checks"
"2.70.0","magnum","Heavy hitter","ramjet","Ramjet","allowed with prerequisites","","magnum > ramjet","ramjet > magnum","equal within numerical tolerance","eligibility and base stats only; combat interactions require separate checks"
"2.70.0","magnum","Heavy hitter","cinder","Cinder rounds","allowed with prerequisites","","magnum > cinder","cinder > magnum","equal within numerical tolerance","eligibility and base stats only; combat interactions require separate checks"
"2.70.0","magnum","Heavy hitter","crosswind","Crosswind","allowed with prerequisites","","magnum > crosswind","crosswind > magnum","equal within numerical tolerance","eligibility and base stats only; combat interactions require separate checks"
"2.70.0","magnum","Heavy hitter","wrecking-ball","Wrecking Ball","allowed with prerequisites","","magnum > ramjet > wrecking-ball","ramjet > wrecking-ball > magnum","equal within numerical tolerance","eligibility and base stats only; combat interactions require separate checks"
"2.70.0","magnum","Heavy hitter","flashpoint","Flashpoint","allowed with prerequisites","","magnum > cinder > flashpoint","cinder > flashpoint > magnum","equal within numerical tolerance","eligibility and base stats only; combat interactions require separate checks"
"2.70.0","magnum","Heavy hitter","slipstream","Slipstream","allowed with prerequisites","","magnum > crosswind > slipstream","crosswind > slipstream > magnum","equal within numerical tolerance","eligibility and base stats only; combat interactions require separate checks"
"2.70.0","magnum","Heavy hitter","grindshot","Grindshot","allowed with prerequisites","","magnum > grindshot","grindshot > magnum","equal within numerical tolerance","eligibility and base stats only; combat interactions require separate checks"
"2.70.0","magnum","Heavy hitter","corner-cutter","Corner Cutter","allowed with prerequisites","","magnum > grindshot > corner-cutter","grindshot > corner-cutter > magnum","equal within numerical tolerance","eligibility and base stats only; combat interactions require separate checks"
"2.70.0","magnum","Heavy hitter","tripwire","Tripwire","allowed with prerequisites","","magnum > tripwire","tripwire > magnum","equal within numerical tolerance","eligibility and base stats only; combat interactions require separate checks"
"2.70.0","magnum","Heavy hitter","tension","Tension","allowed with prerequisites","","magnum > tripwire > tension","tripwire > tension > magnum","equal within numerical tolerance","eligibility and base stats only; combat interactions require separate checks"
"2.70.0","magnum","Heavy hitter","cutting-torch","Cutting Torch","allowed with prerequisites","","magnum > cutting-torch","cutting-torch > magnum","equal within numerical tolerance","eligibility and base stats only; combat interactions require separate checks"
"2.70.0","magnum","Heavy hitter","thermal-runaway","Thermal Runaway","allowed with prerequisites","","magnum > cutting-torch > thermal-runaway","cutting-torch > thermal-runaway > magnum","equal within numerical tolerance","eligibility and base stats only; combat interactions require separate checks"
"2.70.0","magnum","Heavy hitter","vector","Vector rounds","allowed with prerequisites","","magnum > vector","vector > magnum","equal within numerical tolerance","eligibility and base stats only; combat interactions require separate checks"
"2.70.0","magnum","Heavy hitter","afterburner","Afterburner","allowed with prerequisites","","magnum > vector > afterburner","vector > afterburner > magnum","equal within numerical tolerance","eligibility and base stats only; combat interactions require separate checks"
"2.70.0","magnum","Heavy hitter","mass-driver","Mass Driver","allowed with prerequisites","","magnum > mass-driver","mass-driver > magnum","equal within numerical tolerance","eligibility and base stats only; combat interactions require separate checks"
"2.70.0","magnum","Heavy hitter","drop-forge","Drop Forge","allowed with prerequisites","","magnum > mass-driver > drop-forge","mass-driver > drop-forge > magnum","equal within numerical tolerance","eligibility and base stats only; combat interactions require separate checks"
"2.70.0","scatter","Scattershot","rapid","Hair trigger","allowed with prerequisites","","scatter > rapid","rapid > scatter","equal within numerical tolerance","eligibility and base stats only; combat interactions require separate checks"
"2.70.0","scatter","Scattershot","ricochet","Bank shot","allowed with prerequisites","","scatter > ricochet","ricochet > scatter","equal within numerical tolerance","eligibility and base stats only; combat interactions require separate checks"
"2.70.0","scatter","Scattershot","pierce","Punch through","allowed with prerequisites","","scatter > pierce","pierce > scatter","equal within numerical tolerance","eligibility and base stats only; combat interactions require separate checks"
"2.70.0","scatter","Scattershot","split","Splinter","allowed with prerequisites","","scatter > split","split > scatter","equal within numerical tolerance","eligibility and base stats only; combat interactions require separate checks"
"2.70.0","scatter","Scattershot","airshot","Airshot","allowed with prerequisites","","scatter > airshot","airshot > scatter","equal within numerical tolerance","eligibility and base stats only; combat interactions require separate checks"
"2.70.0","scatter","Scattershot","kick","Kickback","allowed with prerequisites","","scatter > kick","kick > scatter","equal within numerical tolerance","eligibility and base stats only; combat interactions require separate checks"
"2.70.0","scatter","Scattershot","leech","Bloodwork","allowed with prerequisites","","scatter > leech","leech > scatter","equal within numerical tolerance","eligibility and base stats only; combat interactions require separate checks"
"2.70.0","scatter","Scattershot","light","Light frame","allowed with prerequisites","","scatter > light","light > scatter","equal within numerical tolerance","eligibility and base stats only; combat interactions require separate checks"
"2.70.0","scatter","Scattershot","burst","Burst fire","allowed with prerequisites","","scatter > burst","burst > scatter","equal within numerical tolerance","eligibility and base stats only; combat interactions require separate checks"
"2.70.0","scatter","Scattershot","backblast","Backblast","allowed with prerequisites","","scatter > backblast","backblast > scatter","equal within numerical tolerance","eligibility and base stats only; combat interactions require separate checks"
"2.70.0","scatter","Scattershot","banker","Banker","allowed with prerequisites","","scatter > banker","banker > scatter","equal within numerical tolerance","eligibility and base stats only; combat interactions require separate checks"
"2.70.0","scatter","Scattershot","landing","Landing shot","allowed with prerequisites","","scatter > landing","landing > scatter","equal within numerical tolerance","eligibility and base stats only; combat interactions require separate checks"
"2.70.0","scatter","Scattershot","crossfire","Crossfire","allowed with prerequisites","","scatter > crossfire","crossfire > scatter","equal within numerical tolerance","eligibility and base stats only; combat interactions require separate checks"
"2.70.0","scatter","Scattershot","bloom","Death bloom","allowed with prerequisites","","scatter > crossfire > bloom","crossfire > bloom > scatter","equal within numerical tolerance","eligibility and base stats only; combat interactions require separate checks"
"2.70.0","scatter","Scattershot","deadeye","Deadeye","allowed with prerequisites","","scatter > deadeye","deadeye > scatter","equal within numerical tolerance","eligibility and base stats only; combat interactions require separate checks"
"2.70.0","scatter","Scattershot","execute","Executioner","allowed with prerequisites","","scatter > deadeye > execute","deadeye > execute > scatter","equal within numerical tolerance","eligibility and base stats only; combat interactions require separate checks"
"2.70.0","scatter","Scattershot","fold","Fold","allowed with prerequisites","","scatter > fold","fold > scatter","equal within numerical tolerance","eligibility and base stats only; combat interactions require separate checks"
"2.70.0","scatter","Scattershot","shellshock","Shellshock","allowed with prerequisites","","scatter > shellshock","shellshock > scatter","equal within numerical tolerance","eligibility and base stats only; combat interactions require separate checks"
"2.70.0","scatter","Scattershot","blast-surf","Blast surfing","allowed with prerequisites","","scatter > shellshock > blast-surf","shellshock > blast-surf > scatter","equal within numerical tolerance","eligibility and base stats only; combat interactions require separate checks"
"2.70.0","scatter","Scattershot","aftershock","Aftershock","allowed with prerequisites","","scatter > shellshock > aftershock","shellshock > aftershock > scatter","equal within numerical tolerance","eligibility and base stats only; combat interactions require separate checks"
"2.70.0","scatter","Scattershot","chain-reaction","Chain reaction","allowed with prerequisites","","scatter > shellshock > chain-reaction","shellshock > chain-reaction > scatter","equal within numerical tolerance","eligibility and base stats only; combat interactions require separate checks"
"2.70.0","scatter","Scattershot","rewire","Rewire","allowed with prerequisites","","scatter > fold > rewire","fold > rewire > scatter","equal within numerical tolerance","eligibility and base stats only; combat interactions require separate checks"
"2.70.0","scatter","Scattershot","slingshot","Slingshot","allowed with prerequisites","","scatter > fold > slingshot","fold > slingshot > scatter","equal within numerical tolerance","eligibility and base stats only; combat interactions require separate checks"
"2.70.0","scatter","Scattershot","redline","Redline","allowed with prerequisites","","scatter > kick > redline","kick > redline > scatter","equal within numerical tolerance","eligibility and base stats only; combat interactions require separate checks"
"2.70.0","scatter","Scattershot","breach","Breach","allowed with prerequisites","","scatter > backblast > breach","backblast > breach > scatter","equal within numerical tolerance","eligibility and base stats only; combat interactions require separate checks"
"2.70.0","scatter","Scattershot","shatter","Shatter","allowed with prerequisites","","scatter > split > shatter","split > shatter > scatter","equal within numerical tolerance","eligibility and base stats only; combat interactions require separate checks"
"2.70.0","scatter","Scattershot","convergence","Convergence","allowed with prerequisites","","scatter > crossfire > convergence","crossfire > convergence > scatter","equal within numerical tolerance","eligibility and base stats only; combat interactions require separate checks"
"2.70.0","scatter","Scattershot","deadlock","Deadlock","allowed with prerequisites","","scatter > deadeye > deadlock","deadeye > deadlock > scatter","equal within numerical tolerance","eligibility and base stats only; combat interactions require separate checks"
"2.70.0","scatter","Scattershot","shockfront","Shockfront","allowed with prerequisites","","scatter > shellshock > aftershock > shockfront","shellshock > aftershock > shockfront > scatter","equal within numerical tolerance","eligibility and base stats only; combat interactions require separate checks"
"2.70.0","scatter","Scattershot","backfire","Backfire","allowed with prerequisites","","scatter > backblast > backfire","backblast > backfire > scatter","equal within numerical tolerance","eligibility and base stats only; combat interactions require separate checks"
"2.70.0","scatter","Scattershot","recall","Recall","allowed with prerequisites","","scatter > recall","recall > scatter","equal within numerical tolerance","eligibility and base stats only; combat interactions require separate checks"
"2.70.0","scatter","Scattershot","homecoming","Homecoming","allowed with prerequisites","","scatter > recall > homecoming","recall > homecoming > scatter","equal within numerical tolerance","eligibility and base stats only; combat interactions require separate checks"
"2.70.0","scatter","Scattershot","capacitor","Capacitor","allowed with prerequisites","","scatter > capacitor","capacitor > scatter","equal within numerical tolerance","eligibility and base stats only; combat interactions require separate checks"
"2.70.0","scatter","Scattershot","reserve-cell","Reserve cell","allowed with prerequisites","","scatter > capacitor > reserve-cell","capacitor > reserve-cell > scatter","equal within numerical tolerance","eligibility and base stats only; combat interactions require separate checks"
"2.70.0","scatter","Scattershot","countershot","Countershot","allowed with prerequisites","","scatter > countershot","countershot > scatter","equal within numerical tolerance","eligibility and base stats only; combat interactions require separate checks"
"2.70.0","scatter","Scattershot","reprisal","Reprisal","allowed with prerequisites","","scatter > countershot > reprisal","countershot > reprisal > scatter","equal within numerical tolerance","eligibility and base stats only; combat interactions require separate checks"
"2.70.0","scatter","Scattershot","rivet","Rivet","allowed with prerequisites","","scatter > deadeye > rivet","deadeye > rivet > scatter","equal within numerical tolerance","eligibility and base stats only; combat interactions require separate checks"
"2.70.0","scatter","Scattershot","fracture","Fracture","allowed with prerequisites","","scatter > deadeye > rivet > fracture","deadeye > rivet > fracture > scatter","equal within numerical tolerance","eligibility and base stats only; combat interactions require separate checks"
"2.70.0","scatter","Scattershot","fuse","Fuse","allowed with prerequisites","","scatter > shellshock > fuse","shellshock > fuse > scatter","equal within numerical tolerance","eligibility and base stats only; combat interactions require separate checks"
"2.70.0","scatter","Scattershot","linked-fuse","Linked fuse","allowed with prerequisites","","scatter > shellshock > fuse > linked-fuse","shellshock > fuse > linked-fuse > scatter","equal within numerical tolerance","eligibility and base stats only; combat interactions require separate checks"
"2.70.0","scatter","Scattershot","afterimage","Afterimage","allowed with prerequisites","","scatter > crossfire > afterimage","crossfire > afterimage > scatter","equal within numerical tolerance","eligibility and base stats only; combat interactions require separate checks"
"2.70.0","scatter","Scattershot","parallax","Parallax","allowed with prerequisites","","scatter > crossfire > afterimage > parallax","crossfire > afterimage > parallax > scatter","equal within numerical tolerance","eligibility and base stats only; combat interactions require separate checks"
"2.70.0","scatter","Scattershot","rail-spike","Rail spike","allowed with prerequisites","","scatter > deadeye > capacitor > rail-spike","deadeye > capacitor > rail-spike > scatter","equal within numerical tolerance","eligibility and base stats only; combat interactions require separate checks"
"2.70.0","scatter","Scattershot","tether","Tether rounds","allowed with prerequisites","","scatter > tether","tether > scatter","equal within numerical tolerance","eligibility and base stats only; combat interactions require separate checks"
"2.70.0","scatter","Scattershot","snapback","Snapback","allowed with prerequisites","","scatter > tether > snapback","tether > snapback > scatter","equal within numerical tolerance","eligibility and base stats only; combat interactions require separate checks"
"2.70.0","scatter","Scattershot","orbit","Orbit","allowed with prerequisites","","scatter > crossfire > recall > orbit","crossfire > recall > orbit > scatter","equal within numerical tolerance","eligibility and base stats only; combat interactions require separate checks"
"2.70.0","scatter","Scattershot","arc-coil","Arc Coil","allowed with prerequisites","","scatter > arc-coil","arc-coil > scatter","equal within numerical tolerance","eligibility and base stats only; combat interactions require separate checks"
"2.70.0","scatter","Scattershot","daisy-chain","Daisy Chain","allowed with prerequisites","","scatter > arc-coil > daisy-chain","arc-coil > daisy-chain > scatter","equal within numerical tolerance","eligibility and base stats only; combat interactions require separate checks"
"2.70.0","scatter","Scattershot","implosion","Implosion","allowed with prerequisites","","scatter > shellshock > fuse > implosion","shellshock > fuse > implosion > scatter","equal within numerical tolerance","eligibility and base stats only; combat interactions require separate checks"
"2.70.0","scatter","Scattershot","ramjet","Ramjet","allowed with prerequisites","","scatter > ramjet","ramjet > scatter","equal within numerical tolerance","eligibility and base stats only; combat interactions require separate checks"
"2.70.0","scatter","Scattershot","cinder","Cinder rounds","allowed with prerequisites","","scatter > cinder","cinder > scatter","equal within numerical tolerance","eligibility and base stats only; combat interactions require separate checks"
"2.70.0","scatter","Scattershot","crosswind","Crosswind","allowed with prerequisites","","scatter > crosswind","crosswind > scatter","equal within numerical tolerance","eligibility and base stats only; combat interactions require separate checks"
"2.70.0","scatter","Scattershot","wrecking-ball","Wrecking Ball","allowed with prerequisites","","scatter > ramjet > wrecking-ball","ramjet > wrecking-ball > scatter","equal within numerical tolerance","eligibility and base stats only; combat interactions require separate checks"
"2.70.0","scatter","Scattershot","flashpoint","Flashpoint","allowed with prerequisites","","scatter > cinder > flashpoint","cinder > flashpoint > scatter","equal within numerical tolerance","eligibility and base stats only; combat interactions require separate checks"
"2.70.0","scatter","Scattershot","slipstream","Slipstream","allowed with prerequisites","","scatter > crosswind > slipstream","crosswind > slipstream > scatter","equal within numerical tolerance","eligibility and base stats only; combat interactions require separate checks"
"2.70.0","scatter","Scattershot","grindshot","Grindshot","allowed with prerequisites","","scatter > grindshot","grindshot > scatter","equal within numerical tolerance","eligibility and base stats only; combat interactions require separate checks"
"2.70.0","scatter","Scattershot","corner-cutter","Corner Cutter","allowed with prerequisites","","scatter > grindshot > corner-cutter","grindshot > corner-cutter > scatter","equal within numerical tolerance","eligibility and base stats only; combat interactions require separate checks"
"2.70.0","scatter","Scattershot","tripwire","Tripwire","allowed with prerequisites","","scatter > tripwire","tripwire > scatter","equal within numerical tolerance","eligibility and base stats only; combat interactions require separate checks"
"2.70.0","scatter","Scattershot","tension","Tension","allowed with prerequisites","","scatter > tripwire > tension","tripwire > tension > scatter","equal within numerical tolerance","eligibility and base stats only; combat interactions require separate checks"
"2.70.0","scatter","Scattershot","cutting-torch","Cutting Torch","allowed with prerequisites","","scatter > cutting-torch","cutting-torch > scatter","equal within numerical tolerance","eligibility and base stats only; combat interactions require separate checks"
"2.70.0","scatter","Scattershot","thermal-runaway","Thermal Runaway","allowed with prerequisites","","scatter > cutting-torch > thermal-runaway","cutting-torch > thermal-runaway > scatter","equal within numerical tolerance","eligibility and base stats only; combat interactions require separate checks"
"2.70.0","scatter","Scattershot","vector","Vector rounds","allowed with prerequisites","","scatter > vector","vector > scatter","equal within numerical tolerance","eligibility and base stats only; combat interactions require separate checks"
"2.70.0","scatter","Scattershot","afterburner","Afterburner","allowed with prerequisites","","scatter > vector > afterburner","vector > afterburner > scatter","equal within numerical tolerance","eligibility and base stats only; combat interactions require separate checks"
"2.70.0","scatter","Scattershot","mass-driver","Mass Driver","allowed with prerequisites","","scatter > mass-driver","mass-driver > scatter","equal within numerical tolerance","eligibility and base stats only; combat interactions require separate checks"
"2.70.0","scatter","Scattershot","drop-forge","Drop Forge","allowed with prerequisites","","scatter > mass-driver > drop-forge","mass-driver > drop-forge > scatter","equal within numerical tolerance","eligibility and base stats only; combat interactions require separate checks"
"2.70.0","rapid","Hair trigger","ricochet","Bank shot","allowed with prerequisites","","rapid > ricochet","ricochet > rapid","equal within numerical tolerance","eligibility and base stats only; combat interactions require separate checks"
"2.70.0","rapid","Hair trigger","pierce","Punch through","allowed with prerequisites","","rapid > pierce","pierce > rapid","equal within numerical tolerance","eligibility and base stats only; combat interactions require separate checks"
"2.70.0","rapid","Hair trigger","split","Splinter","allowed with prerequisites","","rapid > split","split > rapid","equal within numerical tolerance","eligibility and base stats only; combat interactions require separate checks"
"2.70.0","rapid","Hair trigger","airshot","Airshot","allowed with prerequisites","","rapid > airshot","airshot > rapid","equal within numerical tolerance","eligibility and base stats only; combat interactions require separate checks"
"2.70.0","rapid","Hair trigger","kick","Kickback","allowed with prerequisites","","rapid > kick","kick > rapid","equal within numerical tolerance","eligibility and base stats only; combat interactions require separate checks"
"2.70.0","rapid","Hair trigger","leech","Bloodwork","allowed with prerequisites","","rapid > leech","leech > rapid","equal within numerical tolerance","eligibility and base stats only; combat interactions require separate checks"
"2.70.0","rapid","Hair trigger","light","Light frame","allowed with prerequisites","","rapid > light","light > rapid","equal within numerical tolerance","eligibility and base stats only; combat interactions require separate checks"
"2.70.0","rapid","Hair trigger","burst","Burst fire","allowed with prerequisites","","rapid > burst","burst > rapid","equal within numerical tolerance","eligibility and base stats only; combat interactions require separate checks"
"2.70.0","rapid","Hair trigger","backblast","Backblast","allowed with prerequisites","","rapid > backblast","backblast > rapid","equal within numerical tolerance","eligibility and base stats only; combat interactions require separate checks"
"2.70.0","rapid","Hair trigger","banker","Banker","allowed with prerequisites","","rapid > banker","banker > rapid","equal within numerical tolerance","eligibility and base stats only; combat interactions require separate checks"
"2.70.0","rapid","Hair trigger","landing","Landing shot","allowed with prerequisites","","rapid > landing","landing > rapid","equal within numerical tolerance","eligibility and base stats only; combat interactions require separate checks"
"2.70.0","rapid","Hair trigger","crossfire","Crossfire","allowed with prerequisites","","rapid > crossfire","crossfire > rapid","equal within numerical tolerance","eligibility and base stats only; combat interactions require separate checks"
"2.70.0","rapid","Hair trigger","bloom","Death bloom","allowed with prerequisites","","rapid > crossfire > bloom","crossfire > bloom > rapid","equal within numerical tolerance","eligibility and base stats only; combat interactions require separate checks"
"2.70.0","rapid","Hair trigger","deadeye","Deadeye","allowed with prerequisites","","rapid > deadeye","deadeye > rapid","equal within numerical tolerance","eligibility and base stats only; combat interactions require separate checks"
"2.70.0","rapid","Hair trigger","execute","Executioner","allowed with prerequisites","","rapid > deadeye > execute","deadeye > execute > rapid","equal within numerical tolerance","eligibility and base stats only; combat interactions require separate checks"
"2.70.0","rapid","Hair trigger","fold","Fold","allowed with prerequisites","","rapid > fold","fold > rapid","equal within numerical tolerance","eligibility and base stats only; combat interactions require separate checks"
"2.70.0","rapid","Hair trigger","shellshock","Shellshock","allowed with prerequisites","","rapid > shellshock","shellshock > rapid","equal within numerical tolerance","eligibility and base stats only; combat interactions require separate checks"
"2.70.0","rapid","Hair trigger","blast-surf","Blast surfing","allowed with prerequisites","","rapid > shellshock > blast-surf","shellshock > blast-surf > rapid","equal within numerical tolerance","eligibility and base stats only; combat interactions require separate checks"
"2.70.0","rapid","Hair trigger","aftershock","Aftershock","allowed with prerequisites","","rapid > shellshock > aftershock","shellshock > aftershock > rapid","equal within numerical tolerance","eligibility and base stats only; combat interactions require separate checks"
"2.70.0","rapid","Hair trigger","chain-reaction","Chain reaction","allowed with prerequisites","","rapid > shellshock > chain-reaction","shellshock > chain-reaction > rapid","equal within numerical tolerance","eligibility and base stats only; combat interactions require separate checks"
"2.70.0","rapid","Hair trigger","rewire","Rewire","allowed with prerequisites","","rapid > fold > rewire","fold > rewire > rapid","equal within numerical tolerance","eligibility and base stats only; combat interactions require separate checks"
"2.70.0","rapid","Hair trigger","slingshot","Slingshot","allowed with prerequisites","","rapid > fold > slingshot","fold > slingshot > rapid","equal within numerical tolerance","eligibility and base stats only; combat interactions require separate checks"
"2.70.0","rapid","Hair trigger","redline","Redline","allowed with prerequisites","","rapid > kick > redline","kick > redline > rapid","equal within numerical tolerance","eligibility and base stats only; combat interactions require separate checks"
"2.70.0","rapid","Hair trigger","breach","Breach","allowed with prerequisites","","rapid > backblast > breach","backblast > breach > rapid","equal within numerical tolerance","eligibility and base stats only; combat interactions require separate checks"
"2.70.0","rapid","Hair trigger","shatter","Shatter","allowed with prerequisites","","rapid > split > shatter","split > shatter > rapid","equal within numerical tolerance","eligibility and base stats only; combat interactions require separate checks"
"2.70.0","rapid","Hair trigger","convergence","Convergence","allowed with prerequisites","","rapid > crossfire > convergence","crossfire > convergence > rapid","equal within numerical tolerance","eligibility and base stats only; combat interactions require separate checks"
"2.70.0","rapid","Hair trigger","deadlock","Deadlock","allowed with prerequisites","","rapid > deadeye > deadlock","deadeye > deadlock > rapid","equal within numerical tolerance","eligibility and base stats only; combat interactions require separate checks"
"2.70.0","rapid","Hair trigger","shockfront","Shockfront","allowed with prerequisites","","rapid > shellshock > aftershock > shockfront","shellshock > aftershock > shockfront > rapid","equal within numerical tolerance","eligibility and base stats only; combat interactions require separate checks"
"2.70.0","rapid","Hair trigger","backfire","Backfire","allowed with prerequisites","","rapid > backblast > backfire","backblast > backfire > rapid","equal within numerical tolerance","eligibility and base stats only; combat interactions require separate checks"
"2.70.0","rapid","Hair trigger","recall","Recall","allowed with prerequisites","","rapid > recall","recall > rapid","equal within numerical tolerance","eligibility and base stats only; combat interactions require separate checks"
"2.70.0","rapid","Hair trigger","homecoming","Homecoming","allowed with prerequisites","","rapid > recall > homecoming","recall > homecoming > rapid","equal within numerical tolerance","eligibility and base stats only; combat interactions require separate checks"
"2.70.0","rapid","Hair trigger","capacitor","Capacitor","allowed with prerequisites","","rapid > capacitor","capacitor > rapid","equal within numerical tolerance","eligibility and base stats only; combat interactions require separate checks"
"2.70.0","rapid","Hair trigger","reserve-cell","Reserve cell","allowed with prerequisites","","rapid > capacitor > reserve-cell","capacitor > reserve-cell > rapid","equal within numerical tolerance","eligibility and base stats only; combat interactions require separate checks"
"2.70.0","rapid","Hair trigger","countershot","Countershot","allowed with prerequisites","","rapid > countershot","countershot > rapid","equal within numerical tolerance","eligibility and base stats only; combat interactions require separate checks"
"2.70.0","rapid","Hair trigger","reprisal","Reprisal","allowed with prerequisites","","rapid > countershot > reprisal","countershot > reprisal > rapid","equal within numerical tolerance","eligibility and base stats only; combat interactions require separate checks"
"2.70.0","rapid","Hair trigger","rivet","Rivet","allowed with prerequisites","","rapid > deadeye > rivet","deadeye > rivet > rapid","equal within numerical tolerance","eligibility and base stats only; combat interactions require separate checks"
"2.70.0","rapid","Hair trigger","fracture","Fracture","allowed with prerequisites","","rapid > deadeye > rivet > fracture","deadeye > rivet > fracture > rapid","equal within numerical tolerance","eligibility and base stats only; combat interactions require separate checks"
"2.70.0","rapid","Hair trigger","fuse","Fuse","allowed with prerequisites","","rapid > shellshock > fuse","shellshock > fuse > rapid","equal within numerical tolerance","eligibility and base stats only; combat interactions require separate checks"
"2.70.0","rapid","Hair trigger","linked-fuse","Linked fuse","allowed with prerequisites","","rapid > shellshock > fuse > linked-fuse","shellshock > fuse > linked-fuse > rapid","equal within numerical tolerance","eligibility and base stats only; combat interactions require separate checks"
"2.70.0","rapid","Hair trigger","afterimage","Afterimage","allowed with prerequisites","","rapid > crossfire > afterimage","crossfire > afterimage > rapid","equal within numerical tolerance","eligibility and base stats only; combat interactions require separate checks"
"2.70.0","rapid","Hair trigger","parallax","Parallax","allowed with prerequisites","","rapid > crossfire > afterimage > parallax","crossfire > afterimage > parallax > rapid","equal within numerical tolerance","eligibility and base stats only; combat interactions require separate checks"
"2.70.0","rapid","Hair trigger","rail-spike","Rail spike","allowed with prerequisites","","rapid > deadeye > capacitor > rail-spike","deadeye > capacitor > rail-spike > rapid","equal within numerical tolerance","eligibility and base stats only; combat interactions require separate checks"
"2.70.0","rapid","Hair trigger","tether","Tether rounds","allowed with prerequisites","","rapid > tether","tether > rapid","equal within numerical tolerance","eligibility and base stats only; combat interactions require separate checks"
"2.70.0","rapid","Hair trigger","snapback","Snapback","allowed with prerequisites","","rapid > tether > snapback","tether > snapback > rapid","equal within numerical tolerance","eligibility and base stats only; combat interactions require separate checks"
"2.70.0","rapid","Hair trigger","orbit","Orbit","allowed with prerequisites","","rapid > crossfire > recall > orbit","crossfire > recall > orbit > rapid","equal within numerical tolerance","eligibility and base stats only; combat interactions require separate checks"
"2.70.0","rapid","Hair trigger","arc-coil","Arc Coil","allowed with prerequisites","","rapid > arc-coil","arc-coil > rapid","equal within numerical tolerance","eligibility and base stats only; combat interactions require separate checks"
"2.70.0","rapid","Hair trigger","daisy-chain","Daisy Chain","allowed with prerequisites","","rapid > arc-coil > daisy-chain","arc-coil > daisy-chain > rapid","equal within numerical tolerance","eligibility and base stats only; combat interactions require separate checks"
"2.70.0","rapid","Hair trigger","implosion","Implosion","allowed with prerequisites","","rapid > shellshock > fuse > implosion","shellshock > fuse > implosion > rapid","equal within numerical tolerance","eligibility and base stats only; combat interactions require separate checks"
"2.70.0","rapid","Hair trigger","ramjet","Ramjet","allowed with prerequisites","","rapid > ramjet","ramjet > rapid","equal within numerical tolerance","eligibility and base stats only; combat interactions require separate checks"
"2.70.0","rapid","Hair trigger","cinder","Cinder rounds","allowed with prerequisites","","rapid > cinder","cinder > rapid","equal within numerical tolerance","eligibility and base stats only; combat interactions require separate checks"
"2.70.0","rapid","Hair trigger","crosswind","Crosswind","allowed with prerequisites","","rapid > crosswind","crosswind > rapid","equal within numerical tolerance","eligibility and base stats only; combat interactions require separate checks"
"2.70.0","rapid","Hair trigger","wrecking-ball","Wrecking Ball","allowed with prerequisites","","rapid > ramjet > wrecking-ball","ramjet > wrecking-ball > rapid","equal within numerical tolerance","eligibility and base stats only; combat interactions require separate checks"
"2.70.0","rapid","Hair trigger","flashpoint","Flashpoint","allowed with prerequisites","","rapid > cinder > flashpoint","cinder > flashpoint > rapid","equal within numerical tolerance","eligibility and base stats only; combat interactions require separate checks"
"2.70.0","rapid","Hair trigger","slipstream","Slipstream","allowed with prerequisites","","rapid > crosswind > slipstream","crosswind > slipstream > rapid","equal within numerical tolerance","eligibility and base stats only; combat interactions require separate checks"
"2.70.0","rapid","Hair trigger","grindshot","Grindshot","allowed with prerequisites","","rapid > grindshot","grindshot > rapid","equal within numerical tolerance","eligibility and base stats only; combat interactions require separate checks"
"2.70.0","rapid","Hair trigger","corner-cutter","Corner Cutter","allowed with prerequisites","","rapid > grindshot > corner-cutter","grindshot > corner-cutter > rapid","equal within numerical tolerance","eligibility and base stats only; combat interactions require separate checks"
"2.70.0","rapid","Hair trigger","tripwire","Tripwire","allowed with prerequisites","","rapid > tripwire","tripwire > rapid","equal within numerical tolerance","eligibility and base stats only; combat interactions require separate checks"
"2.70.0","rapid","Hair trigger","tension","Tension","allowed with prerequisites","","rapid > tripwire > tension","tripwire > tension > rapid","equal within numerical tolerance","eligibility and base stats only; combat interactions require separate checks"
"2.70.0","rapid","Hair trigger","cutting-torch","Cutting Torch","allowed with prerequisites","","rapid > cutting-torch","cutting-torch > rapid","equal within numerical tolerance","eligibility and base stats only; combat interactions require separate checks"
"2.70.0","rapid","Hair trigger","thermal-runaway","Thermal Runaway","allowed with prerequisites","","rapid > cutting-torch > thermal-runaway","cutting-torch > thermal-runaway > rapid","equal within numerical tolerance","eligibility and base stats only; combat interactions require separate checks"
"2.70.0","rapid","Hair trigger","vector","Vector rounds","allowed with prerequisites","","rapid > vector","vector > rapid","equal within numerical tolerance","eligibility and base stats only; combat interactions require separate checks"
"2.70.0","rapid","Hair trigger","afterburner","Afterburner","allowed with prerequisites","","rapid > vector > afterburner","vector > afterburner > rapid","equal within numerical tolerance","eligibility and base stats only; combat interactions require separate checks"
"2.70.0","rapid","Hair trigger","mass-driver","Mass Driver","allowed with prerequisites","","rapid > mass-driver","mass-driver > rapid","equal within numerical tolerance","eligibility and base stats only; combat interactions require separate checks"
"2.70.0","rapid","Hair trigger","drop-forge","Drop Forge","allowed with prerequisites","","rapid > mass-driver > drop-forge","mass-driver > drop-forge > rapid","equal within numerical tolerance","eligibility and base stats only; combat interactions require separate checks"
"2.70.0","ricochet","Bank shot","pierce","Punch through","allowed with prerequisites","","ricochet > pierce","pierce > ricochet","equal within numerical tolerance","eligibility and base stats only; combat interactions require separate checks"
"2.70.0","ricochet","Bank shot","split","Splinter","allowed with prerequisites","","ricochet > split","split > ricochet","equal within numerical tolerance","eligibility and base stats only; combat interactions require separate checks"
"2.70.0","ricochet","Bank shot","airshot","Airshot","allowed with prerequisites","","ricochet > airshot","airshot > ricochet","equal within numerical tolerance","eligibility and base stats only; combat interactions require separate checks"
"2.70.0","ricochet","Bank shot","kick","Kickback","allowed with prerequisites","","ricochet > kick","kick > ricochet","equal within numerical tolerance","eligibility and base stats only; combat interactions require separate checks"
"2.70.0","ricochet","Bank shot","leech","Bloodwork","allowed with prerequisites","","ricochet > leech","leech > ricochet","equal within numerical tolerance","eligibility and base stats only; combat interactions require separate checks"
"2.70.0","ricochet","Bank shot","light","Light frame","allowed with prerequisites","","ricochet > light","light > ricochet","equal within numerical tolerance","eligibility and base stats only; combat interactions require separate checks"
"2.70.0","ricochet","Bank shot","burst","Burst fire","allowed with prerequisites","","ricochet > burst","burst > ricochet","equal within numerical tolerance","eligibility and base stats only; combat interactions require separate checks"
"2.70.0","ricochet","Bank shot","backblast","Backblast","allowed with prerequisites","","ricochet > backblast","backblast > ricochet","equal within numerical tolerance","eligibility and base stats only; combat interactions require separate checks"
"2.70.0","ricochet","Bank shot","banker","Banker","allowed with prerequisites","","ricochet > banker","banker > ricochet","equal within numerical tolerance","eligibility and base stats only; combat interactions require separate checks"
"2.70.0","ricochet","Bank shot","landing","Landing shot","allowed with prerequisites","","ricochet > landing","landing > ricochet","equal within numerical tolerance","eligibility and base stats only; combat interactions require separate checks"
"2.70.0","ricochet","Bank shot","crossfire","Crossfire","allowed with prerequisites","","ricochet > crossfire","crossfire > ricochet","equal within numerical tolerance","eligibility and base stats only; combat interactions require separate checks"
"2.70.0","ricochet","Bank shot","bloom","Death bloom","allowed with prerequisites","","ricochet > crossfire > bloom","crossfire > bloom > ricochet","equal within numerical tolerance","eligibility and base stats only; combat interactions require separate checks"
"2.70.0","ricochet","Bank shot","deadeye","Deadeye","allowed with prerequisites","","ricochet > deadeye","deadeye > ricochet","equal within numerical tolerance","eligibility and base stats only; combat interactions require separate checks"
"2.70.0","ricochet","Bank shot","execute","Executioner","allowed with prerequisites","","ricochet > deadeye > execute","deadeye > execute > ricochet","equal within numerical tolerance","eligibility and base stats only; combat interactions require separate checks"
"2.70.0","ricochet","Bank shot","fold","Fold","allowed with prerequisites","","ricochet > fold","fold > ricochet","equal within numerical tolerance","eligibility and base stats only; combat interactions require separate checks"
"2.70.0","ricochet","Bank shot","shellshock","Shellshock","allowed with prerequisites","","ricochet > shellshock","shellshock > ricochet","equal within numerical tolerance","eligibility and base stats only; combat interactions require separate checks"
"2.70.0","ricochet","Bank shot","blast-surf","Blast surfing","allowed with prerequisites","","ricochet > shellshock > blast-surf","shellshock > blast-surf > ricochet","equal within numerical tolerance","eligibility and base stats only; combat interactions require separate checks"
"2.70.0","ricochet","Bank shot","aftershock","Aftershock","allowed with prerequisites","","ricochet > shellshock > aftershock","shellshock > aftershock > ricochet","equal within numerical tolerance","eligibility and base stats only; combat interactions require separate checks"
"2.70.0","ricochet","Bank shot","chain-reaction","Chain reaction","allowed with prerequisites","","ricochet > shellshock > chain-reaction","shellshock > chain-reaction > ricochet","equal within numerical tolerance","eligibility and base stats only; combat interactions require separate checks"
"2.70.0","ricochet","Bank shot","rewire","Rewire","allowed with prerequisites","","ricochet > fold > rewire","fold > rewire > ricochet","equal within numerical tolerance","eligibility and base stats only; combat interactions require separate checks"
"2.70.0","ricochet","Bank shot","slingshot","Slingshot","allowed with prerequisites","","ricochet > fold > slingshot","fold > slingshot > ricochet","equal within numerical tolerance","eligibility and base stats only; combat interactions require separate checks"
"2.70.0","ricochet","Bank shot","redline","Redline","allowed with prerequisites","","ricochet > kick > redline","kick > redline > ricochet","equal within numerical tolerance","eligibility and base stats only; combat interactions require separate checks"
"2.70.0","ricochet","Bank shot","breach","Breach","allowed with prerequisites","","ricochet > backblast > breach","backblast > breach > ricochet","equal within numerical tolerance","eligibility and base stats only; combat interactions require separate checks"
"2.70.0","ricochet","Bank shot","shatter","Shatter","allowed with prerequisites","","ricochet > split > shatter","split > shatter > ricochet","equal within numerical tolerance","eligibility and base stats only; combat interactions require separate checks"
"2.70.0","ricochet","Bank shot","convergence","Convergence","allowed with prerequisites","","ricochet > crossfire > convergence","crossfire > convergence > ricochet","equal within numerical tolerance","eligibility and base stats only; combat interactions require separate checks"
"2.70.0","ricochet","Bank shot","deadlock","Deadlock","allowed with prerequisites","","ricochet > deadeye > deadlock","deadeye > deadlock > ricochet","equal within numerical tolerance","eligibility and base stats only; combat interactions require separate checks"
"2.70.0","ricochet","Bank shot","shockfront","Shockfront","allowed with prerequisites","","ricochet > shellshock > aftershock > shockfront","shellshock > aftershock > shockfront > ricochet","equal within numerical tolerance","eligibility and base stats only; combat interactions require separate checks"
"2.70.0","ricochet","Bank shot","backfire","Backfire","allowed with prerequisites","","ricochet > backblast > backfire","backblast > backfire > ricochet","equal within numerical tolerance","eligibility and base stats only; combat interactions require separate checks"
"2.70.0","ricochet","Bank shot","recall","Recall","allowed with prerequisites","","ricochet > recall","recall > ricochet","equal within numerical tolerance","eligibility and base stats only; combat interactions require separate checks"
"2.70.0","ricochet","Bank shot","homecoming","Homecoming","allowed with prerequisites","","ricochet > recall > homecoming","recall > homecoming > ricochet","equal within numerical tolerance","eligibility and base stats only; combat interactions require separate checks"
"2.70.0","ricochet","Bank shot","capacitor","Capacitor","allowed with prerequisites","","ricochet > capacitor","capacitor > ricochet","equal within numerical tolerance","eligibility and base stats only; combat interactions require separate checks"
"2.70.0","ricochet","Bank shot","reserve-cell","Reserve cell","allowed with prerequisites","","ricochet > capacitor > reserve-cell","capacitor > reserve-cell > ricochet","equal within numerical tolerance","eligibility and base stats only; combat interactions require separate checks"
"2.70.0","ricochet","Bank shot","countershot","Countershot","allowed with prerequisites","","ricochet > countershot","countershot > ricochet","equal within numerical tolerance","eligibility and base stats only; combat interactions require separate checks"
"2.70.0","ricochet","Bank shot","reprisal","Reprisal","allowed with prerequisites","","ricochet > countershot > reprisal","countershot > reprisal > ricochet","equal within numerical tolerance","eligibility and base stats only; combat interactions require separate checks"
"2.70.0","ricochet","Bank shot","rivet","Rivet","allowed with prerequisites","","ricochet > deadeye > rivet","deadeye > rivet > ricochet","equal within numerical tolerance","eligibility and base stats only; combat interactions require separate checks"
"2.70.0","ricochet","Bank shot","fracture","Fracture","allowed with prerequisites","","ricochet > deadeye > rivet > fracture","deadeye > rivet > fracture > ricochet","equal within numerical tolerance","eligibility and base stats only; combat interactions require separate checks"
"2.70.0","ricochet","Bank shot","fuse","Fuse","allowed with prerequisites","","ricochet > shellshock > fuse","shellshock > fuse > ricochet","equal within numerical tolerance","eligibility and base stats only; combat interactions require separate checks"
"2.70.0","ricochet","Bank shot","linked-fuse","Linked fuse","allowed with prerequisites","","ricochet > shellshock > fuse > linked-fuse","shellshock > fuse > linked-fuse > ricochet","equal within numerical tolerance","eligibility and base stats only; combat interactions require separate checks"
"2.70.0","ricochet","Bank shot","afterimage","Afterimage","allowed with prerequisites","","ricochet > crossfire > afterimage","crossfire > afterimage > ricochet","equal within numerical tolerance","eligibility and base stats only; combat interactions require separate checks"
"2.70.0","ricochet","Bank shot","parallax","Parallax","allowed with prerequisites","","ricochet > crossfire > afterimage > parallax","crossfire > afterimage > parallax > ricochet","equal within numerical tolerance","eligibility and base stats only; combat interactions require separate checks"
"2.70.0","ricochet","Bank shot","rail-spike","Rail spike","allowed with prerequisites","","ricochet > deadeye > capacitor > rail-spike","deadeye > capacitor > rail-spike > ricochet","equal within numerical tolerance","eligibility and base stats only; combat interactions require separate checks"
"2.70.0","ricochet","Bank shot","tether","Tether rounds","allowed with prerequisites","","ricochet > tether","tether > ricochet","equal within numerical tolerance","eligibility and base stats only; combat interactions require separate checks"
"2.70.0","ricochet","Bank shot","snapback","Snapback","allowed with prerequisites","","ricochet > tether > snapback","tether > snapback > ricochet","equal within numerical tolerance","eligibility and base stats only; combat interactions require separate checks"
"2.70.0","ricochet","Bank shot","orbit","Orbit","allowed with prerequisites","","ricochet > crossfire > recall > orbit","crossfire > recall > orbit > ricochet","equal within numerical tolerance","eligibility and base stats only; combat interactions require separate checks"
"2.70.0","ricochet","Bank shot","arc-coil","Arc Coil","allowed with prerequisites","","ricochet > arc-coil","arc-coil > ricochet","equal within numerical tolerance","eligibility and base stats only; combat interactions require separate checks"
"2.70.0","ricochet","Bank shot","daisy-chain","Daisy Chain","allowed with prerequisites","","ricochet > arc-coil > daisy-chain","arc-coil > daisy-chain > ricochet","equal within numerical tolerance","eligibility and base stats only; combat interactions require separate checks"
"2.70.0","ricochet","Bank shot","implosion","Implosion","allowed with prerequisites","","ricochet > shellshock > fuse > implosion","shellshock > fuse > implosion > ricochet","equal within numerical tolerance","eligibility and base stats only; combat interactions require separate checks"
"2.70.0","ricochet","Bank shot","ramjet","Ramjet","allowed with prerequisites","","ricochet > ramjet","ramjet > ricochet","equal within numerical tolerance","eligibility and base stats only; combat interactions require separate checks"
"2.70.0","ricochet","Bank shot","cinder","Cinder rounds","allowed with prerequisites","","ricochet > cinder","cinder > ricochet","equal within numerical tolerance","eligibility and base stats only; combat interactions require separate checks"
"2.70.0","ricochet","Bank shot","crosswind","Crosswind","allowed with prerequisites","","ricochet > crosswind","crosswind > ricochet","equal within numerical tolerance","eligibility and base stats only; combat interactions require separate checks"
"2.70.0","ricochet","Bank shot","wrecking-ball","Wrecking Ball","allowed with prerequisites","","ricochet > ramjet > wrecking-ball","ramjet > wrecking-ball > ricochet","equal within numerical tolerance","eligibility and base stats only; combat interactions require separate checks"
"2.70.0","ricochet","Bank shot","flashpoint","Flashpoint","allowed with prerequisites","","ricochet > cinder > flashpoint","cinder > flashpoint > ricochet","equal within numerical tolerance","eligibility and base stats only; combat interactions require separate checks"
"2.70.0","ricochet","Bank shot","slipstream","Slipstream","allowed with prerequisites","","ricochet > crosswind > slipstream","crosswind > slipstream > ricochet","equal within numerical tolerance","eligibility and base stats only; combat interactions require separate checks"
"2.70.0","ricochet","Bank shot","grindshot","Grindshot","allowed with prerequisites","","ricochet > grindshot","grindshot > ricochet","equal within numerical tolerance","eligibility and base stats only; combat interactions require separate checks"
"2.70.0","ricochet","Bank shot","corner-cutter","Corner Cutter","allowed with prerequisites","","ricochet > grindshot > corner-cutter","grindshot > corner-cutter > ricochet","equal within numerical tolerance","eligibility and base stats only; combat interactions require separate checks"
"2.70.0","ricochet","Bank shot","tripwire","Tripwire","allowed with prerequisites","","ricochet > tripwire","tripwire > ricochet","equal within numerical tolerance","eligibility and base stats only; combat interactions require separate checks"
"2.70.0","ricochet","Bank shot","tension","Tension","allowed with prerequisites","","ricochet > tripwire > tension","tripwire > tension > ricochet","equal within numerical tolerance","eligibility and base stats only; combat interactions require separate checks"
"2.70.0","ricochet","Bank shot","cutting-torch","Cutting Torch","allowed with prerequisites","","ricochet > cutting-torch","cutting-torch > ricochet","equal within numerical tolerance","eligibility and base stats only; combat interactions require separate checks"
"2.70.0","ricochet","Bank shot","thermal-runaway","Thermal Runaway","allowed with prerequisites","","ricochet > cutting-torch > thermal-runaway","cutting-torch > thermal-runaway > ricochet","equal within numerical tolerance","eligibility and base stats only; combat interactions require separate checks"
"2.70.0","ricochet","Bank shot","vector","Vector rounds","allowed with prerequisites","","ricochet > vector","vector > ricochet","equal within numerical tolerance","eligibility and base stats only; combat interactions require separate checks"
"2.70.0","ricochet","Bank shot","afterburner","Afterburner","allowed with prerequisites","","ricochet > vector > afterburner","vector > afterburner > ricochet","equal within numerical tolerance","eligibility and base stats only; combat interactions require separate checks"
"2.70.0","ricochet","Bank shot","mass-driver","Mass Driver","allowed with prerequisites","","ricochet > mass-driver","mass-driver > ricochet","equal within numerical tolerance","eligibility and base stats only; combat interactions require separate checks"
"2.70.0","ricochet","Bank shot","drop-forge","Drop Forge","allowed with prerequisites","","ricochet > mass-driver > drop-forge","mass-driver > drop-forge > ricochet","equal within numerical tolerance","eligibility and base stats only; combat interactions require separate checks"
"2.70.0","pierce","Punch through","split","Splinter","allowed with prerequisites","","pierce > split","split > pierce","equal within numerical tolerance","eligibility and base stats only; combat interactions require separate checks"
"2.70.0","pierce","Punch through","airshot","Airshot","allowed with prerequisites","","pierce > airshot","airshot > pierce","equal within numerical tolerance","eligibility and base stats only; combat interactions require separate checks"
"2.70.0","pierce","Punch through","kick","Kickback","allowed with prerequisites","","pierce > kick","kick > pierce","equal within numerical tolerance","eligibility and base stats only; combat interactions require separate checks"
"2.70.0","pierce","Punch through","leech","Bloodwork","allowed with prerequisites","","pierce > leech","leech > pierce","equal within numerical tolerance","eligibility and base stats only; combat interactions require separate checks"
"2.70.0","pierce","Punch through","light","Light frame","allowed with prerequisites","","pierce > light","light > pierce","equal within numerical tolerance","eligibility and base stats only; combat interactions require separate checks"
"2.70.0","pierce","Punch through","burst","Burst fire","allowed with prerequisites","","pierce > burst","burst > pierce","equal within numerical tolerance","eligibility and base stats only; combat interactions require separate checks"
"2.70.0","pierce","Punch through","backblast","Backblast","allowed with prerequisites","","pierce > backblast","backblast > pierce","equal within numerical tolerance","eligibility and base stats only; combat interactions require separate checks"
"2.70.0","pierce","Punch through","banker","Banker","allowed with prerequisites","","pierce > banker","banker > pierce","equal within numerical tolerance","eligibility and base stats only; combat interactions require separate checks"
"2.70.0","pierce","Punch through","landing","Landing shot","allowed with prerequisites","","pierce > landing","landing > pierce","equal within numerical tolerance","eligibility and base stats only; combat interactions require separate checks"
"2.70.0","pierce","Punch through","crossfire","Crossfire","allowed with prerequisites","","pierce > crossfire","crossfire > pierce","equal within numerical tolerance","eligibility and base stats only; combat interactions require separate checks"
"2.70.0","pierce","Punch through","bloom","Death bloom","allowed with prerequisites","","pierce > crossfire > bloom","crossfire > bloom > pierce","equal within numerical tolerance","eligibility and base stats only; combat interactions require separate checks"
"2.70.0","pierce","Punch through","deadeye","Deadeye","allowed with prerequisites","","pierce > deadeye","deadeye > pierce","equal within numerical tolerance","eligibility and base stats only; combat interactions require separate checks"
"2.70.0","pierce","Punch through","execute","Executioner","allowed with prerequisites","","pierce > deadeye > execute","deadeye > execute > pierce","equal within numerical tolerance","eligibility and base stats only; combat interactions require separate checks"
"2.70.0","pierce","Punch through","fold","Fold","allowed with prerequisites","","pierce > fold","fold > pierce","equal within numerical tolerance","eligibility and base stats only; combat interactions require separate checks"
"2.70.0","pierce","Punch through","shellshock","Shellshock","allowed with prerequisites","","pierce > shellshock","shellshock > pierce","equal within numerical tolerance","eligibility and base stats only; combat interactions require separate checks"
"2.70.0","pierce","Punch through","blast-surf","Blast surfing","allowed with prerequisites","","pierce > shellshock > blast-surf","shellshock > blast-surf > pierce","equal within numerical tolerance","eligibility and base stats only; combat interactions require separate checks"
"2.70.0","pierce","Punch through","aftershock","Aftershock","allowed with prerequisites","","pierce > shellshock > aftershock","shellshock > aftershock > pierce","equal within numerical tolerance","eligibility and base stats only; combat interactions require separate checks"
"2.70.0","pierce","Punch through","chain-reaction","Chain reaction","allowed with prerequisites","","pierce > shellshock > chain-reaction","shellshock > chain-reaction > pierce","equal within numerical tolerance","eligibility and base stats only; combat interactions require separate checks"
"2.70.0","pierce","Punch through","rewire","Rewire","allowed with prerequisites","","pierce > fold > rewire","fold > rewire > pierce","equal within numerical tolerance","eligibility and base stats only; combat interactions require separate checks"
"2.70.0","pierce","Punch through","slingshot","Slingshot","allowed with prerequisites","","pierce > fold > slingshot","fold > slingshot > pierce","equal within numerical tolerance","eligibility and base stats only; combat interactions require separate checks"
"2.70.0","pierce","Punch through","redline","Redline","allowed with prerequisites","","pierce > kick > redline","kick > redline > pierce","equal within numerical tolerance","eligibility and base stats only; combat interactions require separate checks"
"2.70.0","pierce","Punch through","breach","Breach","allowed with prerequisites","","pierce > backblast > breach","backblast > breach > pierce","equal within numerical tolerance","eligibility and base stats only; combat interactions require separate checks"
"2.70.0","pierce","Punch through","shatter","Shatter","allowed with prerequisites","","pierce > split > shatter","split > shatter > pierce","equal within numerical tolerance","eligibility and base stats only; combat interactions require separate checks"
"2.70.0","pierce","Punch through","convergence","Convergence","allowed with prerequisites","","pierce > crossfire > convergence","crossfire > convergence > pierce","equal within numerical tolerance","eligibility and base stats only; combat interactions require separate checks"
"2.70.0","pierce","Punch through","deadlock","Deadlock","allowed with prerequisites","","pierce > deadeye > deadlock","deadeye > deadlock > pierce","equal within numerical tolerance","eligibility and base stats only; combat interactions require separate checks"
"2.70.0","pierce","Punch through","shockfront","Shockfront","allowed with prerequisites","","pierce > shellshock > aftershock > shockfront","shellshock > aftershock > shockfront > pierce","equal within numerical tolerance","eligibility and base stats only; combat interactions require separate checks"
"2.70.0","pierce","Punch through","backfire","Backfire","allowed with prerequisites","","pierce > backblast > backfire","backblast > backfire > pierce","equal within numerical tolerance","eligibility and base stats only; combat interactions require separate checks"
"2.70.0","pierce","Punch through","recall","Recall","allowed with prerequisites","","pierce > recall","recall > pierce","equal within numerical tolerance","eligibility and base stats only; combat interactions require separate checks"
"2.70.0","pierce","Punch through","homecoming","Homecoming","allowed with prerequisites","","pierce > recall > homecoming","recall > homecoming > pierce","equal within numerical tolerance","eligibility and base stats only; combat interactions require separate checks"
"2.70.0","pierce","Punch through","capacitor","Capacitor","allowed with prerequisites","","pierce > capacitor","capacitor > pierce","equal within numerical tolerance","eligibility and base stats only; combat interactions require separate checks"
"2.70.0","pierce","Punch through","reserve-cell","Reserve cell","allowed with prerequisites","","pierce > capacitor > reserve-cell","capacitor > reserve-cell > pierce","equal within numerical tolerance","eligibility and base stats only; combat interactions require separate checks"
"2.70.0","pierce","Punch through","countershot","Countershot","allowed with prerequisites","","pierce > countershot","countershot > pierce","equal within numerical tolerance","eligibility and base stats only; combat interactions require separate checks"
"2.70.0","pierce","Punch through","reprisal","Reprisal","allowed with prerequisites","","pierce > countershot > reprisal","countershot > reprisal > pierce","equal within numerical tolerance","eligibility and base stats only; combat interactions require separate checks"
"2.70.0","pierce","Punch through","rivet","Rivet","allowed with prerequisites","","pierce > deadeye > rivet","deadeye > rivet > pierce","equal within numerical tolerance","eligibility and base stats only; combat interactions require separate checks"
"2.70.0","pierce","Punch through","fracture","Fracture","allowed with prerequisites","","pierce > deadeye > rivet > fracture","deadeye > rivet > fracture > pierce","equal within numerical tolerance","eligibility and base stats only; combat interactions require separate checks"
"2.70.0","pierce","Punch through","fuse","Fuse","allowed with prerequisites","","pierce > shellshock > fuse","shellshock > fuse > pierce","equal within numerical tolerance","eligibility and base stats only; combat interactions require separate checks"
"2.70.0","pierce","Punch through","linked-fuse","Linked fuse","allowed with prerequisites","","pierce > shellshock > fuse > linked-fuse","shellshock > fuse > linked-fuse > pierce","equal within numerical tolerance","eligibility and base stats only; combat interactions require separate checks"
"2.70.0","pierce","Punch through","afterimage","Afterimage","allowed with prerequisites","","pierce > crossfire > afterimage","crossfire > afterimage > pierce","equal within numerical tolerance","eligibility and base stats only; combat interactions require separate checks"
"2.70.0","pierce","Punch through","parallax","Parallax","allowed with prerequisites","","pierce > crossfire > afterimage > parallax","crossfire > afterimage > parallax > pierce","equal within numerical tolerance","eligibility and base stats only; combat interactions require separate checks"
"2.70.0","pierce","Punch through","rail-spike","Rail spike","allowed with prerequisites","","pierce > deadeye > capacitor > rail-spike","deadeye > capacitor > rail-spike > pierce","equal within numerical tolerance","eligibility and base stats only; combat interactions require separate checks"
"2.70.0","pierce","Punch through","tether","Tether rounds","allowed with prerequisites","","pierce > tether","tether > pierce","equal within numerical tolerance","eligibility and base stats only; combat interactions require separate checks"
"2.70.0","pierce","Punch through","snapback","Snapback","allowed with prerequisites","","pierce > tether > snapback","tether > snapback > pierce","equal within numerical tolerance","eligibility and base stats only; combat interactions require separate checks"
"2.70.0","pierce","Punch through","orbit","Orbit","allowed with prerequisites","","pierce > crossfire > recall > orbit","crossfire > recall > orbit > pierce","equal within numerical tolerance","eligibility and base stats only; combat interactions require separate checks"
"2.70.0","pierce","Punch through","arc-coil","Arc Coil","allowed with prerequisites","","pierce > arc-coil","arc-coil > pierce","equal within numerical tolerance","eligibility and base stats only; combat interactions require separate checks"
"2.70.0","pierce","Punch through","daisy-chain","Daisy Chain","allowed with prerequisites","","pierce > arc-coil > daisy-chain","arc-coil > daisy-chain > pierce","equal within numerical tolerance","eligibility and base stats only; combat interactions require separate checks"
"2.70.0","pierce","Punch through","implosion","Implosion","allowed with prerequisites","","pierce > shellshock > fuse > implosion","shellshock > fuse > implosion > pierce","equal within numerical tolerance","eligibility and base stats only; combat interactions require separate checks"
"2.70.0","pierce","Punch through","ramjet","Ramjet","allowed with prerequisites","","pierce > ramjet","ramjet > pierce","equal within numerical tolerance","eligibility and base stats only; combat interactions require separate checks"
"2.70.0","pierce","Punch through","cinder","Cinder rounds","allowed with prerequisites","","pierce > cinder","cinder > pierce","equal within numerical tolerance","eligibility and base stats only; combat interactions require separate checks"
"2.70.0","pierce","Punch through","crosswind","Crosswind","allowed with prerequisites","","pierce > crosswind","crosswind > pierce","equal within numerical tolerance","eligibility and base stats only; combat interactions require separate checks"
"2.70.0","pierce","Punch through","wrecking-ball","Wrecking Ball","allowed with prerequisites","","pierce > ramjet > wrecking-ball","ramjet > wrecking-ball > pierce","equal within numerical tolerance","eligibility and base stats only; combat interactions require separate checks"
"2.70.0","pierce","Punch through","flashpoint","Flashpoint","allowed with prerequisites","","pierce > cinder > flashpoint","cinder > flashpoint > pierce","equal within numerical tolerance","eligibility and base stats only; combat interactions require separate checks"
"2.70.0","pierce","Punch through","slipstream","Slipstream","allowed with prerequisites","","pierce > crosswind > slipstream","crosswind > slipstream > pierce","equal within numerical tolerance","eligibility and base stats only; combat interactions require separate checks"
"2.70.0","pierce","Punch through","grindshot","Grindshot","allowed with prerequisites","","pierce > grindshot","grindshot > pierce","equal within numerical tolerance","eligibility and base stats only; combat interactions require separate checks"
"2.70.0","pierce","Punch through","corner-cutter","Corner Cutter","allowed with prerequisites","","pierce > grindshot > corner-cutter","grindshot > corner-cutter > pierce","equal within numerical tolerance","eligibility and base stats only; combat interactions require separate checks"
"2.70.0","pierce","Punch through","tripwire","Tripwire","allowed with prerequisites","","pierce > tripwire","tripwire > pierce","equal within numerical tolerance","eligibility and base stats only; combat interactions require separate checks"
"2.70.0","pierce","Punch through","tension","Tension","allowed with prerequisites","","pierce > tripwire > tension","tripwire > tension > pierce","equal within numerical tolerance","eligibility and base stats only; combat interactions require separate checks"
"2.70.0","pierce","Punch through","cutting-torch","Cutting Torch","allowed with prerequisites","","pierce > cutting-torch","cutting-torch > pierce","equal within numerical tolerance","eligibility and base stats only; combat interactions require separate checks"
"2.70.0","pierce","Punch through","thermal-runaway","Thermal Runaway","allowed with prerequisites","","pierce > cutting-torch > thermal-runaway","cutting-torch > thermal-runaway > pierce","equal within numerical tolerance","eligibility and base stats only; combat interactions require separate checks"
"2.70.0","pierce","Punch through","vector","Vector rounds","allowed with prerequisites","","pierce > vector","vector > pierce","equal within numerical tolerance","eligibility and base stats only; combat interactions require separate checks"
"2.70.0","pierce","Punch through","afterburner","Afterburner","allowed with prerequisites","","pierce > vector > afterburner","vector > afterburner > pierce","equal within numerical tolerance","eligibility and base stats only; combat interactions require separate checks"
"2.70.0","pierce","Punch through","mass-driver","Mass Driver","allowed with prerequisites","","pierce > mass-driver","mass-driver > pierce","equal within numerical tolerance","eligibility and base stats only; combat interactions require separate checks"
"2.70.0","pierce","Punch through","drop-forge","Drop Forge","allowed with prerequisites","","pierce > mass-driver > drop-forge","mass-driver > drop-forge > pierce","equal within numerical tolerance","eligibility and base stats only; combat interactions require separate checks"
"2.70.0","split","Splinter","airshot","Airshot","allowed with prerequisites","","split > airshot","airshot > split","equal within numerical tolerance","eligibility and base stats only; combat interactions require separate checks"
"2.70.0","split","Splinter","kick","Kickback","allowed with prerequisites","","split > kick","kick > split","equal within numerical tolerance","eligibility and base stats only; combat interactions require separate checks"
"2.70.0","split","Splinter","leech","Bloodwork","allowed with prerequisites","","split > leech","leech > split","equal within numerical tolerance","eligibility and base stats only; combat interactions require separate checks"
"2.70.0","split","Splinter","light","Light frame","allowed with prerequisites","","split > light","light > split","equal within numerical tolerance","eligibility and base stats only; combat interactions require separate checks"
"2.70.0","split","Splinter","burst","Burst fire","allowed with prerequisites","","split > burst","burst > split","equal within numerical tolerance","eligibility and base stats only; combat interactions require separate checks"
"2.70.0","split","Splinter","backblast","Backblast","allowed with prerequisites","","split > backblast","backblast > split","equal within numerical tolerance","eligibility and base stats only; combat interactions require separate checks"
"2.70.0","split","Splinter","banker","Banker","allowed with prerequisites","","split > banker","banker > split","equal within numerical tolerance","eligibility and base stats only; combat interactions require separate checks"
"2.70.0","split","Splinter","landing","Landing shot","allowed with prerequisites","","split > landing","landing > split","equal within numerical tolerance","eligibility and base stats only; combat interactions require separate checks"
"2.70.0","split","Splinter","crossfire","Crossfire","allowed with prerequisites","","split > crossfire","crossfire > split","equal within numerical tolerance","eligibility and base stats only; combat interactions require separate checks"
"2.70.0","split","Splinter","bloom","Death bloom","allowed with prerequisites","","split > crossfire > bloom","crossfire > bloom > split","equal within numerical tolerance","eligibility and base stats only; combat interactions require separate checks"
"2.70.0","split","Splinter","deadeye","Deadeye","allowed with prerequisites","","split > deadeye","deadeye > split","equal within numerical tolerance","eligibility and base stats only; combat interactions require separate checks"
"2.70.0","split","Splinter","execute","Executioner","allowed with prerequisites","","split > deadeye > execute","deadeye > execute > split","equal within numerical tolerance","eligibility and base stats only; combat interactions require separate checks"
"2.70.0","split","Splinter","fold","Fold","allowed with prerequisites","","split > fold","fold > split","equal within numerical tolerance","eligibility and base stats only; combat interactions require separate checks"
"2.70.0","split","Splinter","shellshock","Shellshock","allowed with prerequisites","","split > shellshock","shellshock > split","equal within numerical tolerance","eligibility and base stats only; combat interactions require separate checks"
"2.70.0","split","Splinter","blast-surf","Blast surfing","allowed with prerequisites","","split > shellshock > blast-surf","shellshock > blast-surf > split","equal within numerical tolerance","eligibility and base stats only; combat interactions require separate checks"
"2.70.0","split","Splinter","aftershock","Aftershock","allowed with prerequisites","","split > shellshock > aftershock","shellshock > aftershock > split","equal within numerical tolerance","eligibility and base stats only; combat interactions require separate checks"
"2.70.0","split","Splinter","chain-reaction","Chain reaction","allowed with prerequisites","","split > shellshock > chain-reaction","shellshock > chain-reaction > split","equal within numerical tolerance","eligibility and base stats only; combat interactions require separate checks"
"2.70.0","split","Splinter","rewire","Rewire","allowed with prerequisites","","split > fold > rewire","fold > rewire > split","equal within numerical tolerance","eligibility and base stats only; combat interactions require separate checks"
"2.70.0","split","Splinter","slingshot","Slingshot","allowed with prerequisites","","split > fold > slingshot","fold > slingshot > split","equal within numerical tolerance","eligibility and base stats only; combat interactions require separate checks"
"2.70.0","split","Splinter","redline","Redline","allowed with prerequisites","","split > kick > redline","kick > redline > split","equal within numerical tolerance","eligibility and base stats only; combat interactions require separate checks"
"2.70.0","split","Splinter","breach","Breach","allowed with prerequisites","","split > backblast > breach","backblast > breach > split","equal within numerical tolerance","eligibility and base stats only; combat interactions require separate checks"
"2.70.0","split","Splinter","shatter","Shatter","allowed with prerequisites","","split > shatter","split > shatter","equal within numerical tolerance","eligibility and base stats only; combat interactions require separate checks"
"2.70.0","split","Splinter","convergence","Convergence","allowed with prerequisites","","split > crossfire > convergence","crossfire > convergence > split","equal within numerical tolerance","eligibility and base stats only; combat interactions require separate checks"
"2.70.0","split","Splinter","deadlock","Deadlock","allowed with prerequisites","","split > deadeye > deadlock","deadeye > deadlock > split","equal within numerical tolerance","eligibility and base stats only; combat interactions require separate checks"
"2.70.0","split","Splinter","shockfront","Shockfront","allowed with prerequisites","","split > shellshock > aftershock > shockfront","shellshock > aftershock > shockfront > split","equal within numerical tolerance","eligibility and base stats only; combat interactions require separate checks"
"2.70.0","split","Splinter","backfire","Backfire","allowed with prerequisites","","split > backblast > backfire","backblast > backfire > split","equal within numerical tolerance","eligibility and base stats only; combat interactions require separate checks"
"2.70.0","split","Splinter","recall","Recall","allowed with prerequisites","","split > recall","recall > split","equal within numerical tolerance","eligibility and base stats only; combat interactions require separate checks"
"2.70.0","split","Splinter","homecoming","Homecoming","allowed with prerequisites","","split > recall > homecoming","recall > homecoming > split","equal within numerical tolerance","eligibility and base stats only; combat interactions require separate checks"
"2.70.0","split","Splinter","capacitor","Capacitor","allowed with prerequisites","","split > capacitor","capacitor > split","equal within numerical tolerance","eligibility and base stats only; combat interactions require separate checks"
"2.70.0","split","Splinter","reserve-cell","Reserve cell","allowed with prerequisites","","split > capacitor > reserve-cell","capacitor > reserve-cell > split","equal within numerical tolerance","eligibility and base stats only; combat interactions require separate checks"
"2.70.0","split","Splinter","countershot","Countershot","allowed with prerequisites","","split > countershot","countershot > split","equal within numerical tolerance","eligibility and base stats only; combat interactions require separate checks"
"2.70.0","split","Splinter","reprisal","Reprisal","allowed with prerequisites","","split > countershot > reprisal","countershot > reprisal > split","equal within numerical tolerance","eligibility and base stats only; combat interactions require separate checks"
"2.70.0","split","Splinter","rivet","Rivet","allowed with prerequisites","","split > deadeye > rivet","deadeye > rivet > split","equal within numerical tolerance","eligibility and base stats only; combat interactions require separate checks"
"2.70.0","split","Splinter","fracture","Fracture","allowed with prerequisites","","split > deadeye > rivet > fracture","deadeye > rivet > fracture > split","equal within numerical tolerance","eligibility and base stats only; combat interactions require separate checks"
"2.70.0","split","Splinter","fuse","Fuse","allowed with prerequisites","","split > shellshock > fuse","shellshock > fuse > split","equal within numerical tolerance","eligibility and base stats only; combat interactions require separate checks"
"2.70.0","split","Splinter","linked-fuse","Linked fuse","allowed with prerequisites","","split > shellshock > fuse > linked-fuse","shellshock > fuse > linked-fuse > split","equal within numerical tolerance","eligibility and base stats only; combat interactions require separate checks"
"2.70.0","split","Splinter","afterimage","Afterimage","allowed with prerequisites","","split > crossfire > afterimage","crossfire > afterimage > split","equal within numerical tolerance","eligibility and base stats only; combat interactions require separate checks"
"2.70.0","split","Splinter","parallax","Parallax","allowed with prerequisites","","split > crossfire > afterimage > parallax","crossfire > afterimage > parallax > split","equal within numerical tolerance","eligibility and base stats only; combat interactions require separate checks"
"2.70.0","split","Splinter","rail-spike","Rail spike","allowed with prerequisites","","split > deadeye > capacitor > rail-spike","deadeye > capacitor > rail-spike > split","equal within numerical tolerance","eligibility and base stats only; combat interactions require separate checks"
"2.70.0","split","Splinter","tether","Tether rounds","allowed with prerequisites","","split > tether","tether > split","equal within numerical tolerance","eligibility and base stats only; combat interactions require separate checks"
"2.70.0","split","Splinter","snapback","Snapback","allowed with prerequisites","","split > tether > snapback","tether > snapback > split","equal within numerical tolerance","eligibility and base stats only; combat interactions require separate checks"
"2.70.0","split","Splinter","orbit","Orbit","allowed with prerequisites","","split > crossfire > recall > orbit","crossfire > recall > orbit > split","equal within numerical tolerance","eligibility and base stats only; combat interactions require separate checks"
"2.70.0","split","Splinter","arc-coil","Arc Coil","allowed with prerequisites","","split > arc-coil","arc-coil > split","equal within numerical tolerance","eligibility and base stats only; combat interactions require separate checks"
"2.70.0","split","Splinter","daisy-chain","Daisy Chain","allowed with prerequisites","","split > arc-coil > daisy-chain","arc-coil > daisy-chain > split","equal within numerical tolerance","eligibility and base stats only; combat interactions require separate checks"
"2.70.0","split","Splinter","implosion","Implosion","allowed with prerequisites","","split > shellshock > fuse > implosion","shellshock > fuse > implosion > split","equal within numerical tolerance","eligibility and base stats only; combat interactions require separate checks"
"2.70.0","split","Splinter","ramjet","Ramjet","allowed with prerequisites","","split > ramjet","ramjet > split","equal within numerical tolerance","eligibility and base stats only; combat interactions require separate checks"
"2.70.0","split","Splinter","cinder","Cinder rounds","allowed with prerequisites","","split > cinder","cinder > split","equal within numerical tolerance","eligibility and base stats only; combat interactions require separate checks"
"2.70.0","split","Splinter","crosswind","Crosswind","allowed with prerequisites","","split > crosswind","crosswind > split","equal within numerical tolerance","eligibility and base stats only; combat interactions require separate checks"
"2.70.0","split","Splinter","wrecking-ball","Wrecking Ball","allowed with prerequisites","","split > ramjet > wrecking-ball","ramjet > wrecking-ball > split","equal within numerical tolerance","eligibility and base stats only; combat interactions require separate checks"
"2.70.0","split","Splinter","flashpoint","Flashpoint","allowed with prerequisites","","split > cinder > flashpoint","cinder > flashpoint > split","equal within numerical tolerance","eligibility and base stats only; combat interactions require separate checks"
"2.70.0","split","Splinter","slipstream","Slipstream","allowed with prerequisites","","split > crosswind > slipstream","crosswind > slipstream > split","equal within numerical tolerance","eligibility and base stats only; combat interactions require separate checks"
"2.70.0","split","Splinter","grindshot","Grindshot","allowed with prerequisites","","split > grindshot","grindshot > split","equal within numerical tolerance","eligibility and base stats only; combat interactions require separate checks"
"2.70.0","split","Splinter","corner-cutter","Corner Cutter","allowed with prerequisites","","split > grindshot > corner-cutter","grindshot > corner-cutter > split","equal within numerical tolerance","eligibility and base stats only; combat interactions require separate checks"
"2.70.0","split","Splinter","tripwire","Tripwire","allowed with prerequisites","","split > tripwire","tripwire > split","equal within numerical tolerance","eligibility and base stats only; combat interactions require separate checks"
"2.70.0","split","Splinter","tension","Tension","allowed with prerequisites","","split > tripwire > tension","tripwire > tension > split","equal within numerical tolerance","eligibility and base stats only; combat interactions require separate checks"
"2.70.0","split","Splinter","cutting-torch","Cutting Torch","allowed with prerequisites","","split > cutting-torch","cutting-torch > split","equal within numerical tolerance","eligibility and base stats only; combat interactions require separate checks"
"2.70.0","split","Splinter","thermal-runaway","Thermal Runaway","allowed with prerequisites","","split > cutting-torch > thermal-runaway","cutting-torch > thermal-runaway > split","equal within numerical tolerance","eligibility and base stats only; combat interactions require separate checks"
"2.70.0","split","Splinter","vector","Vector rounds","allowed with prerequisites","","split > vector","vector > split","equal within numerical tolerance","eligibility and base stats only; combat interactions require separate checks"
"2.70.0","split","Splinter","afterburner","Afterburner","allowed with prerequisites","","split > vector > afterburner","vector > afterburner > split","equal within numerical tolerance","eligibility and base stats only; combat interactions require separate checks"
"2.70.0","split","Splinter","mass-driver","Mass Driver","allowed with prerequisites","","split > mass-driver","mass-driver > split","equal within numerical tolerance","eligibility and base stats only; combat interactions require separate checks"
"2.70.0","split","Splinter","drop-forge","Drop Forge","allowed with prerequisites","","split > mass-driver > drop-forge","mass-driver > drop-forge > split","equal within numerical tolerance","eligibility and base stats only; combat interactions require separate checks"
"2.70.0","airshot","Airshot","kick","Kickback","allowed with prerequisites","","airshot > kick","kick > airshot","equal within numerical tolerance","eligibility and base stats only; combat interactions require separate checks"
"2.70.0","airshot","Airshot","leech","Bloodwork","allowed with prerequisites","","airshot > leech","leech > airshot","equal within numerical tolerance","eligibility and base stats only; combat interactions require separate checks"
"2.70.0","airshot","Airshot","light","Light frame","allowed with prerequisites","","airshot > light","light > airshot","equal within numerical tolerance","eligibility and base stats only; combat interactions require separate checks"
"2.70.0","airshot","Airshot","burst","Burst fire","allowed with prerequisites","","airshot > burst","burst > airshot","equal within numerical tolerance","eligibility and base stats only; combat interactions require separate checks"
"2.70.0","airshot","Airshot","backblast","Backblast","allowed with prerequisites","","airshot > backblast","backblast > airshot","equal within numerical tolerance","eligibility and base stats only; combat interactions require separate checks"
"2.70.0","airshot","Airshot","banker","Banker","allowed with prerequisites","","airshot > banker","banker > airshot","equal within numerical tolerance","eligibility and base stats only; combat interactions require separate checks"
"2.70.0","airshot","Airshot","landing","Landing shot","allowed with prerequisites","","airshot > landing","landing > airshot","equal within numerical tolerance","eligibility and base stats only; combat interactions require separate checks"
"2.70.0","airshot","Airshot","crossfire","Crossfire","allowed with prerequisites","","airshot > crossfire","crossfire > airshot","equal within numerical tolerance","eligibility and base stats only; combat interactions require separate checks"
"2.70.0","airshot","Airshot","bloom","Death bloom","allowed with prerequisites","","airshot > crossfire > bloom","crossfire > bloom > airshot","equal within numerical tolerance","eligibility and base stats only; combat interactions require separate checks"
"2.70.0","airshot","Airshot","deadeye","Deadeye","allowed with prerequisites","","airshot > deadeye","deadeye > airshot","equal within numerical tolerance","eligibility and base stats only; combat interactions require separate checks"
"2.70.0","airshot","Airshot","execute","Executioner","allowed with prerequisites","","airshot > deadeye > execute","deadeye > execute > airshot","equal within numerical tolerance","eligibility and base stats only; combat interactions require separate checks"
"2.70.0","airshot","Airshot","fold","Fold","allowed with prerequisites","","airshot > fold","fold > airshot","equal within numerical tolerance","eligibility and base stats only; combat interactions require separate checks"
"2.70.0","airshot","Airshot","shellshock","Shellshock","allowed with prerequisites","","airshot > shellshock","shellshock > airshot","equal within numerical tolerance","eligibility and base stats only; combat interactions require separate checks"
"2.70.0","airshot","Airshot","blast-surf","Blast surfing","allowed with prerequisites","","airshot > shellshock > blast-surf","shellshock > blast-surf > airshot","equal within numerical tolerance","eligibility and base stats only; combat interactions require separate checks"
"2.70.0","airshot","Airshot","aftershock","Aftershock","allowed with prerequisites","","airshot > shellshock > aftershock","shellshock > aftershock > airshot","equal within numerical tolerance","eligibility and base stats only; combat interactions require separate checks"
"2.70.0","airshot","Airshot","chain-reaction","Chain reaction","allowed with prerequisites","","airshot > shellshock > chain-reaction","shellshock > chain-reaction > airshot","equal within numerical tolerance","eligibility and base stats only; combat interactions require separate checks"
"2.70.0","airshot","Airshot","rewire","Rewire","allowed with prerequisites","","airshot > fold > rewire","fold > rewire > airshot","equal within numerical tolerance","eligibility and base stats only; combat interactions require separate checks"
"2.70.0","airshot","Airshot","slingshot","Slingshot","allowed with prerequisites","","airshot > fold > slingshot","fold > slingshot > airshot","equal within numerical tolerance","eligibility and base stats only; combat interactions require separate checks"
"2.70.0","airshot","Airshot","redline","Redline","allowed with prerequisites","","airshot > kick > redline","kick > redline > airshot","equal within numerical tolerance","eligibility and base stats only; combat interactions require separate checks"
"2.70.0","airshot","Airshot","breach","Breach","allowed with prerequisites","","airshot > backblast > breach","backblast > breach > airshot","equal within numerical tolerance","eligibility and base stats only; combat interactions require separate checks"
"2.70.0","airshot","Airshot","shatter","Shatter","allowed with prerequisites","","airshot > split > shatter","split > shatter > airshot","equal within numerical tolerance","eligibility and base stats only; combat interactions require separate checks"
"2.70.0","airshot","Airshot","convergence","Convergence","allowed with prerequisites","","airshot > crossfire > convergence","crossfire > convergence > airshot","equal within numerical tolerance","eligibility and base stats only; combat interactions require separate checks"
"2.70.0","airshot","Airshot","deadlock","Deadlock","allowed with prerequisites","","airshot > deadeye > deadlock","deadeye > deadlock > airshot","equal within numerical tolerance","eligibility and base stats only; combat interactions require separate checks"
"2.70.0","airshot","Airshot","shockfront","Shockfront","allowed with prerequisites","","airshot > shellshock > aftershock > shockfront","shellshock > aftershock > shockfront > airshot","equal within numerical tolerance","eligibility and base stats only; combat interactions require separate checks"
"2.70.0","airshot","Airshot","backfire","Backfire","allowed with prerequisites","","airshot > backblast > backfire","backblast > backfire > airshot","equal within numerical tolerance","eligibility and base stats only; combat interactions require separate checks"
"2.70.0","airshot","Airshot","recall","Recall","allowed with prerequisites","","airshot > recall","recall > airshot","equal within numerical tolerance","eligibility and base stats only; combat interactions require separate checks"
"2.70.0","airshot","Airshot","homecoming","Homecoming","allowed with prerequisites","","airshot > recall > homecoming","recall > homecoming > airshot","equal within numerical tolerance","eligibility and base stats only; combat interactions require separate checks"
"2.70.0","airshot","Airshot","capacitor","Capacitor","allowed with prerequisites","","airshot > capacitor","capacitor > airshot","equal within numerical tolerance","eligibility and base stats only; combat interactions require separate checks"
"2.70.0","airshot","Airshot","reserve-cell","Reserve cell","allowed with prerequisites","","airshot > capacitor > reserve-cell","capacitor > reserve-cell > airshot","equal within numerical tolerance","eligibility and base stats only; combat interactions require separate checks"
"2.70.0","airshot","Airshot","countershot","Countershot","allowed with prerequisites","","airshot > countershot","countershot > airshot","equal within numerical tolerance","eligibility and base stats only; combat interactions require separate checks"
"2.70.0","airshot","Airshot","reprisal","Reprisal","allowed with prerequisites","","airshot > countershot > reprisal","countershot > reprisal > airshot","equal within numerical tolerance","eligibility and base stats only; combat interactions require separate checks"
"2.70.0","airshot","Airshot","rivet","Rivet","allowed with prerequisites","","airshot > deadeye > rivet","deadeye > rivet > airshot","equal within numerical tolerance","eligibility and base stats only; combat interactions require separate checks"
"2.70.0","airshot","Airshot","fracture","Fracture","allowed with prerequisites","","airshot > deadeye > rivet > fracture","deadeye > rivet > fracture > airshot","equal within numerical tolerance","eligibility and base stats only; combat interactions require separate checks"
"2.70.0","airshot","Airshot","fuse","Fuse","allowed with prerequisites","","airshot > shellshock > fuse","shellshock > fuse > airshot","equal within numerical tolerance","eligibility and base stats only; combat interactions require separate checks"
"2.70.0","airshot","Airshot","linked-fuse","Linked fuse","allowed with prerequisites","","airshot > shellshock > fuse > linked-fuse","shellshock > fuse > linked-fuse > airshot","equal within numerical tolerance","eligibility and base stats only; combat interactions require separate checks"
"2.70.0","airshot","Airshot","afterimage","Afterimage","allowed with prerequisites","","airshot > crossfire > afterimage","crossfire > afterimage > airshot","equal within numerical tolerance","eligibility and base stats only; combat interactions require separate checks"
"2.70.0","airshot","Airshot","parallax","Parallax","allowed with prerequisites","","airshot > crossfire > afterimage > parallax","crossfire > afterimage > parallax > airshot","equal within numerical tolerance","eligibility and base stats only; combat interactions require separate checks"
"2.70.0","airshot","Airshot","rail-spike","Rail spike","allowed with prerequisites","","airshot > deadeye > capacitor > rail-spike","deadeye > capacitor > rail-spike > airshot","equal within numerical tolerance","eligibility and base stats only; combat interactions require separate checks"
"2.70.0","airshot","Airshot","tether","Tether rounds","allowed with prerequisites","","airshot > tether","tether > airshot","equal within numerical tolerance","eligibility and base stats only; combat interactions require separate checks"
"2.70.0","airshot","Airshot","snapback","Snapback","allowed with prerequisites","","airshot > tether > snapback","tether > snapback > airshot","equal within numerical tolerance","eligibility and base stats only; combat interactions require separate checks"
"2.70.0","airshot","Airshot","orbit","Orbit","allowed with prerequisites","","airshot > crossfire > recall > orbit","crossfire > recall > orbit > airshot","equal within numerical tolerance","eligibility and base stats only; combat interactions require separate checks"
"2.70.0","airshot","Airshot","arc-coil","Arc Coil","allowed with prerequisites","","airshot > arc-coil","arc-coil > airshot","equal within numerical tolerance","eligibility and base stats only; combat interactions require separate checks"
"2.70.0","airshot","Airshot","daisy-chain","Daisy Chain","allowed with prerequisites","","airshot > arc-coil > daisy-chain","arc-coil > daisy-chain > airshot","equal within numerical tolerance","eligibility and base stats only; combat interactions require separate checks"
"2.70.0","airshot","Airshot","implosion","Implosion","allowed with prerequisites","","airshot > shellshock > fuse > implosion","shellshock > fuse > implosion > airshot","equal within numerical tolerance","eligibility and base stats only; combat interactions require separate checks"
"2.70.0","airshot","Airshot","ramjet","Ramjet","allowed with prerequisites","","airshot > ramjet","ramjet > airshot","equal within numerical tolerance","eligibility and base stats only; combat interactions require separate checks"
"2.70.0","airshot","Airshot","cinder","Cinder rounds","allowed with prerequisites","","airshot > cinder","cinder > airshot","equal within numerical tolerance","eligibility and base stats only; combat interactions require separate checks"
"2.70.0","airshot","Airshot","crosswind","Crosswind","allowed with prerequisites","","airshot > crosswind","crosswind > airshot","equal within numerical tolerance","eligibility and base stats only; combat interactions require separate checks"
"2.70.0","airshot","Airshot","wrecking-ball","Wrecking Ball","allowed with prerequisites","","airshot > ramjet > wrecking-ball","ramjet > wrecking-ball > airshot","equal within numerical tolerance","eligibility and base stats only; combat interactions require separate checks"
"2.70.0","airshot","Airshot","flashpoint","Flashpoint","allowed with prerequisites","","airshot > cinder > flashpoint","cinder > flashpoint > airshot","equal within numerical tolerance","eligibility and base stats only; combat interactions require separate checks"
"2.70.0","airshot","Airshot","slipstream","Slipstream","allowed with prerequisites","","airshot > crosswind > slipstream","crosswind > slipstream > airshot","equal within numerical tolerance","eligibility and base stats only; combat interactions require separate checks"
"2.70.0","airshot","Airshot","grindshot","Grindshot","allowed with prerequisites","","airshot > grindshot","grindshot > airshot","equal within numerical tolerance","eligibility and base stats only; combat interactions require separate checks"
"2.70.0","airshot","Airshot","corner-cutter","Corner Cutter","allowed with prerequisites","","airshot > grindshot > corner-cutter","grindshot > corner-cutter > airshot","equal within numerical tolerance","eligibility and base stats only; combat interactions require separate checks"
"2.70.0","airshot","Airshot","tripwire","Tripwire","allowed with prerequisites","","airshot > tripwire","tripwire > airshot","equal within numerical tolerance","eligibility and base stats only; combat interactions require separate checks"
"2.70.0","airshot","Airshot","tension","Tension","allowed with prerequisites","","airshot > tripwire > tension","tripwire > tension > airshot","equal within numerical tolerance","eligibility and base stats only; combat interactions require separate checks"
"2.70.0","airshot","Airshot","cutting-torch","Cutting Torch","allowed with prerequisites","","airshot > cutting-torch","cutting-torch > airshot","equal within numerical tolerance","eligibility and base stats only; combat interactions require separate checks"
"2.70.0","airshot","Airshot","thermal-runaway","Thermal Runaway","allowed with prerequisites","","airshot > cutting-torch > thermal-runaway","cutting-torch > thermal-runaway > airshot","equal within numerical tolerance","eligibility and base stats only; combat interactions require separate checks"
"2.70.0","airshot","Airshot","vector","Vector rounds","allowed with prerequisites","","airshot > vector","vector > airshot","equal within numerical tolerance","eligibility and base stats only; combat interactions require separate checks"
"2.70.0","airshot","Airshot","afterburner","Afterburner","allowed with prerequisites","","airshot > vector > afterburner","vector > afterburner > airshot","equal within numerical tolerance","eligibility and base stats only; combat interactions require separate checks"
"2.70.0","airshot","Airshot","mass-driver","Mass Driver","allowed with prerequisites","","airshot > mass-driver","mass-driver > airshot","equal within numerical tolerance","eligibility and base stats only; combat interactions require separate checks"
"2.70.0","airshot","Airshot","drop-forge","Drop Forge","allowed with prerequisites","","airshot > mass-driver > drop-forge","mass-driver > drop-forge > airshot","equal within numerical tolerance","eligibility and base stats only; combat interactions require separate checks"
"2.70.0","kick","Kickback","leech","Bloodwork","allowed with prerequisites","","kick > leech","leech > kick","equal within numerical tolerance","eligibility and base stats only; combat interactions require separate checks"
"2.70.0","kick","Kickback","light","Light frame","allowed with prerequisites","","kick > light","light > kick","equal within numerical tolerance","eligibility and base stats only; combat interactions require separate checks"
"2.70.0","kick","Kickback","burst","Burst fire","allowed with prerequisites","","kick > burst","burst > kick","equal within numerical tolerance","eligibility and base stats only; combat interactions require separate checks"
"2.70.0","kick","Kickback","backblast","Backblast","allowed with prerequisites","","kick > backblast","backblast > kick","equal within numerical tolerance","eligibility and base stats only; combat interactions require separate checks"
"2.70.0","kick","Kickback","banker","Banker","allowed with prerequisites","","kick > banker","banker > kick","equal within numerical tolerance","eligibility and base stats only; combat interactions require separate checks"
"2.70.0","kick","Kickback","landing","Landing shot","allowed with prerequisites","","kick > landing","landing > kick","equal within numerical tolerance","eligibility and base stats only; combat interactions require separate checks"
"2.70.0","kick","Kickback","crossfire","Crossfire","allowed with prerequisites","","kick > crossfire","crossfire > kick","equal within numerical tolerance","eligibility and base stats only; combat interactions require separate checks"
"2.70.0","kick","Kickback","bloom","Death bloom","allowed with prerequisites","","kick > crossfire > bloom","crossfire > bloom > kick","equal within numerical tolerance","eligibility and base stats only; combat interactions require separate checks"
"2.70.0","kick","Kickback","deadeye","Deadeye","allowed with prerequisites","","kick > deadeye","deadeye > kick","equal within numerical tolerance","eligibility and base stats only; combat interactions require separate checks"
"2.70.0","kick","Kickback","execute","Executioner","allowed with prerequisites","","kick > deadeye > execute","deadeye > execute > kick","equal within numerical tolerance","eligibility and base stats only; combat interactions require separate checks"
"2.70.0","kick","Kickback","fold","Fold","allowed with prerequisites","","kick > fold","fold > kick","equal within numerical tolerance","eligibility and base stats only; combat interactions require separate checks"
"2.70.0","kick","Kickback","shellshock","Shellshock","allowed with prerequisites","","kick > shellshock","shellshock > kick","equal within numerical tolerance","eligibility and base stats only; combat interactions require separate checks"
"2.70.0","kick","Kickback","blast-surf","Blast surfing","allowed with prerequisites","","kick > shellshock > blast-surf","shellshock > blast-surf > kick","equal within numerical tolerance","eligibility and base stats only; combat interactions require separate checks"
"2.70.0","kick","Kickback","aftershock","Aftershock","allowed with prerequisites","","kick > shellshock > aftershock","shellshock > aftershock > kick","equal within numerical tolerance","eligibility and base stats only; combat interactions require separate checks"
"2.70.0","kick","Kickback","chain-reaction","Chain reaction","allowed with prerequisites","","kick > shellshock > chain-reaction","shellshock > chain-reaction > kick","equal within numerical tolerance","eligibility and base stats only; combat interactions require separate checks"
"2.70.0","kick","Kickback","rewire","Rewire","allowed with prerequisites","","kick > fold > rewire","fold > rewire > kick","equal within numerical tolerance","eligibility and base stats only; combat interactions require separate checks"
"2.70.0","kick","Kickback","slingshot","Slingshot","allowed with prerequisites","","kick > fold > slingshot","fold > slingshot > kick","equal within numerical tolerance","eligibility and base stats only; combat interactions require separate checks"
"2.70.0","kick","Kickback","redline","Redline","allowed with prerequisites","","kick > redline","kick > redline","equal within numerical tolerance","eligibility and base stats only; combat interactions require separate checks"
"2.70.0","kick","Kickback","breach","Breach","allowed with prerequisites","","kick > backblast > breach","backblast > breach > kick","equal within numerical tolerance","eligibility and base stats only; combat interactions require separate checks"
"2.70.0","kick","Kickback","shatter","Shatter","allowed with prerequisites","","kick > split > shatter","split > shatter > kick","equal within numerical tolerance","eligibility and base stats only; combat interactions require separate checks"
"2.70.0","kick","Kickback","convergence","Convergence","allowed with prerequisites","","kick > crossfire > convergence","crossfire > convergence > kick","equal within numerical tolerance","eligibility and base stats only; combat interactions require separate checks"
"2.70.0","kick","Kickback","deadlock","Deadlock","allowed with prerequisites","","kick > deadeye > deadlock","deadeye > deadlock > kick","equal within numerical tolerance","eligibility and base stats only; combat interactions require separate checks"
"2.70.0","kick","Kickback","shockfront","Shockfront","allowed with prerequisites","","kick > shellshock > aftershock > shockfront","shellshock > aftershock > shockfront > kick","equal within numerical tolerance","eligibility and base stats only; combat interactions require separate checks"
"2.70.0","kick","Kickback","backfire","Backfire","allowed with prerequisites","","kick > backblast > backfire","backblast > backfire > kick","equal within numerical tolerance","eligibility and base stats only; combat interactions require separate checks"
"2.70.0","kick","Kickback","recall","Recall","allowed with prerequisites","","kick > recall","recall > kick","equal within numerical tolerance","eligibility and base stats only; combat interactions require separate checks"
"2.70.0","kick","Kickback","homecoming","Homecoming","allowed with prerequisites","","kick > recall > homecoming","recall > homecoming > kick","equal within numerical tolerance","eligibility and base stats only; combat interactions require separate checks"
"2.70.0","kick","Kickback","capacitor","Capacitor","allowed with prerequisites","","kick > capacitor","capacitor > kick","equal within numerical tolerance","eligibility and base stats only; combat interactions require separate checks"
"2.70.0","kick","Kickback","reserve-cell","Reserve cell","allowed with prerequisites","","kick > capacitor > reserve-cell","capacitor > reserve-cell > kick","equal within numerical tolerance","eligibility and base stats only; combat interactions require separate checks"
"2.70.0","kick","Kickback","countershot","Countershot","allowed with prerequisites","","kick > countershot","countershot > kick","equal within numerical tolerance","eligibility and base stats only; combat interactions require separate checks"
"2.70.0","kick","Kickback","reprisal","Reprisal","allowed with prerequisites","","kick > countershot > reprisal","countershot > reprisal > kick","equal within numerical tolerance","eligibility and base stats only; combat interactions require separate checks"
"2.70.0","kick","Kickback","rivet","Rivet","allowed with prerequisites","","kick > deadeye > rivet","deadeye > rivet > kick","equal within numerical tolerance","eligibility and base stats only; combat interactions require separate checks"
"2.70.0","kick","Kickback","fracture","Fracture","allowed with prerequisites","","kick > deadeye > rivet > fracture","deadeye > rivet > fracture > kick","equal within numerical tolerance","eligibility and base stats only; combat interactions require separate checks"
"2.70.0","kick","Kickback","fuse","Fuse","allowed with prerequisites","","kick > shellshock > fuse","shellshock > fuse > kick","equal within numerical tolerance","eligibility and base stats only; combat interactions require separate checks"
"2.70.0","kick","Kickback","linked-fuse","Linked fuse","allowed with prerequisites","","kick > shellshock > fuse > linked-fuse","shellshock > fuse > linked-fuse > kick","equal within numerical tolerance","eligibility and base stats only; combat interactions require separate checks"
"2.70.0","kick","Kickback","afterimage","Afterimage","allowed with prerequisites","","kick > crossfire > afterimage","crossfire > afterimage > kick","equal within numerical tolerance","eligibility and base stats only; combat interactions require separate checks"
"2.70.0","kick","Kickback","parallax","Parallax","allowed with prerequisites","","kick > crossfire > afterimage > parallax","crossfire > afterimage > parallax > kick","equal within numerical tolerance","eligibility and base stats only; combat interactions require separate checks"
"2.70.0","kick","Kickback","rail-spike","Rail spike","allowed with prerequisites","","kick > deadeye > capacitor > rail-spike","deadeye > capacitor > rail-spike > kick","equal within numerical tolerance","eligibility and base stats only; combat interactions require separate checks"
"2.70.0","kick","Kickback","tether","Tether rounds","allowed with prerequisites","","kick > tether","tether > kick","equal within numerical tolerance","eligibility and base stats only; combat interactions require separate checks"
"2.70.0","kick","Kickback","snapback","Snapback","allowed with prerequisites","","kick > tether > snapback","tether > snapback > kick","equal within numerical tolerance","eligibility and base stats only; combat interactions require separate checks"
"2.70.0","kick","Kickback","orbit","Orbit","allowed with prerequisites","","kick > crossfire > recall > orbit","crossfire > recall > orbit > kick","equal within numerical tolerance","eligibility and base stats only; combat interactions require separate checks"
"2.70.0","kick","Kickback","arc-coil","Arc Coil","allowed with prerequisites","","kick > arc-coil","arc-coil > kick","equal within numerical tolerance","eligibility and base stats only; combat interactions require separate checks"
"2.70.0","kick","Kickback","daisy-chain","Daisy Chain","allowed with prerequisites","","kick > arc-coil > daisy-chain","arc-coil > daisy-chain > kick","equal within numerical tolerance","eligibility and base stats only; combat interactions require separate checks"
"2.70.0","kick","Kickback","implosion","Implosion","allowed with prerequisites","","kick > shellshock > fuse > implosion","shellshock > fuse > implosion > kick","equal within numerical tolerance","eligibility and base stats only; combat interactions require separate checks"
"2.70.0","kick","Kickback","ramjet","Ramjet","allowed with prerequisites","","kick > ramjet","ramjet > kick","equal within numerical tolerance","eligibility and base stats only; combat interactions require separate checks"
"2.70.0","kick","Kickback","cinder","Cinder rounds","allowed with prerequisites","","kick > cinder","cinder > kick","equal within numerical tolerance","eligibility and base stats only; combat interactions require separate checks"
"2.70.0","kick","Kickback","crosswind","Crosswind","allowed with prerequisites","","kick > crosswind","crosswind > kick","equal within numerical tolerance","eligibility and base stats only; combat interactions require separate checks"
"2.70.0","kick","Kickback","wrecking-ball","Wrecking Ball","allowed with prerequisites","","kick > ramjet > wrecking-ball","ramjet > wrecking-ball > kick","equal within numerical tolerance","eligibility and base stats only; combat interactions require separate checks"
"2.70.0","kick","Kickback","flashpoint","Flashpoint","allowed with prerequisites","","kick > cinder > flashpoint","cinder > flashpoint > kick","equal within numerical tolerance","eligibility and base stats only; combat interactions require separate checks"
"2.70.0","kick","Kickback","slipstream","Slipstream","allowed with prerequisites","","kick > crosswind > slipstream","crosswind > slipstream > kick","equal within numerical tolerance","eligibility and base stats only; combat interactions require separate checks"
"2.70.0","kick","Kickback","grindshot","Grindshot","allowed with prerequisites","","kick > grindshot","grindshot > kick","equal within numerical tolerance","eligibility and base stats only; combat interactions require separate checks"
"2.70.0","kick","Kickback","corner-cutter","Corner Cutter","allowed with prerequisites","","kick > grindshot > corner-cutter","grindshot > corner-cutter > kick","equal within numerical tolerance","eligibility and base stats only; combat interactions require separate checks"
"2.70.0","kick","Kickback","tripwire","Tripwire","allowed with prerequisites","","kick > tripwire","tripwire > kick","equal within numerical tolerance","eligibility and base stats only; combat interactions require separate checks"
"2.70.0","kick","Kickback","tension","Tension","allowed with prerequisites","","kick > tripwire > tension","tripwire > tension > kick","equal within numerical tolerance","eligibility and base stats only; combat interactions require separate checks"
"2.70.0","kick","Kickback","cutting-torch","Cutting Torch","allowed with prerequisites","","kick > cutting-torch","cutting-torch > kick","equal within numerical tolerance","eligibility and base stats only; combat interactions require separate checks"
"2.70.0","kick","Kickback","thermal-runaway","Thermal Runaway","allowed with prerequisites","","kick > cutting-torch > thermal-runaway","cutting-torch > thermal-runaway > kick","equal within numerical tolerance","eligibility and base stats only; combat interactions require separate checks"
"2.70.0","kick","Kickback","vector","Vector rounds","allowed with prerequisites","","kick > vector","vector > kick","equal within numerical tolerance","eligibility and base stats only; combat interactions require separate checks"
"2.70.0","kick","Kickback","afterburner","Afterburner","allowed with prerequisites","","kick > vector > afterburner","vector > afterburner > kick","equal within numerical tolerance","eligibility and base stats only; combat interactions require separate checks"
"2.70.0","kick","Kickback","mass-driver","Mass Driver","allowed with prerequisites","","kick > mass-driver","mass-driver > kick","equal within numerical tolerance","eligibility and base stats only; combat interactions require separate checks"
"2.70.0","kick","Kickback","drop-forge","Drop Forge","allowed with prerequisites","","kick > mass-driver > drop-forge","mass-driver > drop-forge > kick","equal within numerical tolerance","eligibility and base stats only; combat interactions require separate checks"
"2.70.0","leech","Bloodwork","light","Light frame","allowed with prerequisites","","leech > light","light > leech","equal within numerical tolerance","eligibility and base stats only; combat interactions require separate checks"
"2.70.0","leech","Bloodwork","burst","Burst fire","allowed with prerequisites","","leech > burst","burst > leech","equal within numerical tolerance","eligibility and base stats only; combat interactions require separate checks"
"2.70.0","leech","Bloodwork","backblast","Backblast","allowed with prerequisites","","leech > backblast","backblast > leech","equal within numerical tolerance","eligibility and base stats only; combat interactions require separate checks"
"2.70.0","leech","Bloodwork","banker","Banker","allowed with prerequisites","","leech > banker","banker > leech","equal within numerical tolerance","eligibility and base stats only; combat interactions require separate checks"
"2.70.0","leech","Bloodwork","landing","Landing shot","allowed with prerequisites","","leech > landing","landing > leech","equal within numerical tolerance","eligibility and base stats only; combat interactions require separate checks"
"2.70.0","leech","Bloodwork","crossfire","Crossfire","allowed with prerequisites","","leech > crossfire","crossfire > leech","equal within numerical tolerance","eligibility and base stats only; combat interactions require separate checks"
"2.70.0","leech","Bloodwork","bloom","Death bloom","allowed with prerequisites","","leech > crossfire > bloom","crossfire > bloom > leech","equal within numerical tolerance","eligibility and base stats only; combat interactions require separate checks"
"2.70.0","leech","Bloodwork","deadeye","Deadeye","allowed with prerequisites","","leech > deadeye","deadeye > leech","equal within numerical tolerance","eligibility and base stats only; combat interactions require separate checks"
"2.70.0","leech","Bloodwork","execute","Executioner","allowed with prerequisites","","leech > deadeye > execute","deadeye > execute > leech","equal within numerical tolerance","eligibility and base stats only; combat interactions require separate checks"
"2.70.0","leech","Bloodwork","fold","Fold","allowed with prerequisites","","leech > fold","fold > leech","equal within numerical tolerance","eligibility and base stats only; combat interactions require separate checks"
"2.70.0","leech","Bloodwork","shellshock","Shellshock","allowed with prerequisites","","leech > shellshock","shellshock > leech","equal within numerical tolerance","eligibility and base stats only; combat interactions require separate checks"
"2.70.0","leech","Bloodwork","blast-surf","Blast surfing","allowed with prerequisites","","leech > shellshock > blast-surf","shellshock > blast-surf > leech","equal within numerical tolerance","eligibility and base stats only; combat interactions require separate checks"
"2.70.0","leech","Bloodwork","aftershock","Aftershock","allowed with prerequisites","","leech > shellshock > aftershock","shellshock > aftershock > leech","equal within numerical tolerance","eligibility and base stats only; combat interactions require separate checks"
"2.70.0","leech","Bloodwork","chain-reaction","Chain reaction","allowed with prerequisites","","leech > shellshock > chain-reaction","shellshock > chain-reaction > leech","equal within numerical tolerance","eligibility and base stats only; combat interactions require separate checks"
"2.70.0","leech","Bloodwork","rewire","Rewire","allowed with prerequisites","","leech > fold > rewire","fold > rewire > leech","equal within numerical tolerance","eligibility and base stats only; combat interactions require separate checks"
"2.70.0","leech","Bloodwork","slingshot","Slingshot","allowed with prerequisites","","leech > fold > slingshot","fold > slingshot > leech","equal within numerical tolerance","eligibility and base stats only; combat interactions require separate checks"
"2.70.0","leech","Bloodwork","redline","Redline","allowed with prerequisites","","leech > kick > redline","kick > redline > leech","equal within numerical tolerance","eligibility and base stats only; combat interactions require separate checks"
"2.70.0","leech","Bloodwork","breach","Breach","allowed with prerequisites","","leech > backblast > breach","backblast > breach > leech","equal within numerical tolerance","eligibility and base stats only; combat interactions require separate checks"
"2.70.0","leech","Bloodwork","shatter","Shatter","allowed with prerequisites","","leech > split > shatter","split > shatter > leech","equal within numerical tolerance","eligibility and base stats only; combat interactions require separate checks"
"2.70.0","leech","Bloodwork","convergence","Convergence","allowed with prerequisites","","leech > crossfire > convergence","crossfire > convergence > leech","equal within numerical tolerance","eligibility and base stats only; combat interactions require separate checks"
"2.70.0","leech","Bloodwork","deadlock","Deadlock","allowed with prerequisites","","leech > deadeye > deadlock","deadeye > deadlock > leech","equal within numerical tolerance","eligibility and base stats only; combat interactions require separate checks"
"2.70.0","leech","Bloodwork","shockfront","Shockfront","allowed with prerequisites","","leech > shellshock > aftershock > shockfront","shellshock > aftershock > shockfront > leech","equal within numerical tolerance","eligibility and base stats only; combat interactions require separate checks"
"2.70.0","leech","Bloodwork","backfire","Backfire","allowed with prerequisites","","leech > backblast > backfire","backblast > backfire > leech","equal within numerical tolerance","eligibility and base stats only; combat interactions require separate checks"
"2.70.0","leech","Bloodwork","recall","Recall","allowed with prerequisites","","leech > recall","recall > leech","equal within numerical tolerance","eligibility and base stats only; combat interactions require separate checks"
"2.70.0","leech","Bloodwork","homecoming","Homecoming","allowed with prerequisites","","leech > recall > homecoming","recall > homecoming > leech","equal within numerical tolerance","eligibility and base stats only; combat interactions require separate checks"
"2.70.0","leech","Bloodwork","capacitor","Capacitor","allowed with prerequisites","","leech > capacitor","capacitor > leech","equal within numerical tolerance","eligibility and base stats only; combat interactions require separate checks"
"2.70.0","leech","Bloodwork","reserve-cell","Reserve cell","allowed with prerequisites","","leech > capacitor > reserve-cell","capacitor > reserve-cell > leech","equal within numerical tolerance","eligibility and base stats only; combat interactions require separate checks"
"2.70.0","leech","Bloodwork","countershot","Countershot","allowed with prerequisites","","leech > countershot","countershot > leech","equal within numerical tolerance","eligibility and base stats only; combat interactions require separate checks"
"2.70.0","leech","Bloodwork","reprisal","Reprisal","allowed with prerequisites","","leech > countershot > reprisal","countershot > reprisal > leech","equal within numerical tolerance","eligibility and base stats only; combat interactions require separate checks"
"2.70.0","leech","Bloodwork","rivet","Rivet","allowed with prerequisites","","leech > deadeye > rivet","deadeye > rivet > leech","equal within numerical tolerance","eligibility and base stats only; combat interactions require separate checks"
"2.70.0","leech","Bloodwork","fracture","Fracture","allowed with prerequisites","","leech > deadeye > rivet > fracture","deadeye > rivet > fracture > leech","equal within numerical tolerance","eligibility and base stats only; combat interactions require separate checks"
"2.70.0","leech","Bloodwork","fuse","Fuse","allowed with prerequisites","","leech > shellshock > fuse","shellshock > fuse > leech","equal within numerical tolerance","eligibility and base stats only; combat interactions require separate checks"
"2.70.0","leech","Bloodwork","linked-fuse","Linked fuse","allowed with prerequisites","","leech > shellshock > fuse > linked-fuse","shellshock > fuse > linked-fuse > leech","equal within numerical tolerance","eligibility and base stats only; combat interactions require separate checks"
"2.70.0","leech","Bloodwork","afterimage","Afterimage","allowed with prerequisites","","leech > crossfire > afterimage","crossfire > afterimage > leech","equal within numerical tolerance","eligibility and base stats only; combat interactions require separate checks"
"2.70.0","leech","Bloodwork","parallax","Parallax","allowed with prerequisites","","leech > crossfire > afterimage > parallax","crossfire > afterimage > parallax > leech","equal within numerical tolerance","eligibility and base stats only; combat interactions require separate checks"
"2.70.0","leech","Bloodwork","rail-spike","Rail spike","allowed with prerequisites","","leech > deadeye > capacitor > rail-spike","deadeye > capacitor > rail-spike > leech","equal within numerical tolerance","eligibility and base stats only; combat interactions require separate checks"
"2.70.0","leech","Bloodwork","tether","Tether rounds","allowed with prerequisites","","leech > tether","tether > leech","equal within numerical tolerance","eligibility and base stats only; combat interactions require separate checks"
"2.70.0","leech","Bloodwork","snapback","Snapback","allowed with prerequisites","","leech > tether > snapback","tether > snapback > leech","equal within numerical tolerance","eligibility and base stats only; combat interactions require separate checks"
"2.70.0","leech","Bloodwork","orbit","Orbit","allowed with prerequisites","","leech > crossfire > recall > orbit","crossfire > recall > orbit > leech","equal within numerical tolerance","eligibility and base stats only; combat interactions require separate checks"
"2.70.0","leech","Bloodwork","arc-coil","Arc Coil","allowed with prerequisites","","leech > arc-coil","arc-coil > leech","equal within numerical tolerance","eligibility and base stats only; combat interactions require separate checks"
"2.70.0","leech","Bloodwork","daisy-chain","Daisy Chain","allowed with prerequisites","","leech > arc-coil > daisy-chain","arc-coil > daisy-chain > leech","equal within numerical tolerance","eligibility and base stats only; combat interactions require separate checks"
"2.70.0","leech","Bloodwork","implosion","Implosion","allowed with prerequisites","","leech > shellshock > fuse > implosion","shellshock > fuse > implosion > leech","equal within numerical tolerance","eligibility and base stats only; combat interactions require separate checks"
"2.70.0","leech","Bloodwork","ramjet","Ramjet","allowed with prerequisites","","leech > ramjet","ramjet > leech","equal within numerical tolerance","eligibility and base stats only; combat interactions require separate checks"
"2.70.0","leech","Bloodwork","cinder","Cinder rounds","allowed with prerequisites","","leech > cinder","cinder > leech","equal within numerical tolerance","eligibility and base stats only; combat interactions require separate checks"
"2.70.0","leech","Bloodwork","crosswind","Crosswind","allowed with prerequisites","","leech > crosswind","crosswind > leech","equal within numerical tolerance","eligibility and base stats only; combat interactions require separate checks"
"2.70.0","leech","Bloodwork","wrecking-ball","Wrecking Ball","allowed with prerequisites","","leech > ramjet > wrecking-ball","ramjet > wrecking-ball > leech","equal within numerical tolerance","eligibility and base stats only; combat interactions require separate checks"
"2.70.0","leech","Bloodwork","flashpoint","Flashpoint","allowed with prerequisites","","leech > cinder > flashpoint","cinder > flashpoint > leech","equal within numerical tolerance","eligibility and base stats only; combat interactions require separate checks"
"2.70.0","leech","Bloodwork","slipstream","Slipstream","allowed with prerequisites","","leech > crosswind > slipstream","crosswind > slipstream > leech","equal within numerical tolerance","eligibility and base stats only; combat interactions require separate checks"
"2.70.0","leech","Bloodwork","grindshot","Grindshot","allowed with prerequisites","","leech > grindshot","grindshot > leech","equal within numerical tolerance","eligibility and base stats only; combat interactions require separate checks"
"2.70.0","leech","Bloodwork","corner-cutter","Corner Cutter","allowed with prerequisites","","leech > grindshot > corner-cutter","grindshot > corner-cutter > leech","equal within numerical tolerance","eligibility and base stats only; combat interactions require separate checks"
"2.70.0","leech","Bloodwork","tripwire","Tripwire","allowed with prerequisites","","leech > tripwire","tripwire > leech","equal within numerical tolerance","eligibility and base stats only; combat interactions require separate checks"
"2.70.0","leech","Bloodwork","tension","Tension","allowed with prerequisites","","leech > tripwire > tension","tripwire > tension > leech","equal within numerical tolerance","eligibility and base stats only; combat interactions require separate checks"
"2.70.0","leech","Bloodwork","cutting-torch","Cutting Torch","allowed with prerequisites","","leech > cutting-torch","cutting-torch > leech","equal within numerical tolerance","eligibility and base stats only; combat interactions require separate checks"
"2.70.0","leech","Bloodwork","thermal-runaway","Thermal Runaway","allowed with prerequisites","","leech > cutting-torch > thermal-runaway","cutting-torch > thermal-runaway > leech","equal within numerical tolerance","eligibility and base stats only; combat interactions require separate checks"
"2.70.0","leech","Bloodwork","vector","Vector rounds","allowed with prerequisites","","leech > vector","vector > leech","equal within numerical tolerance","eligibility and base stats only; combat interactions require separate checks"
"2.70.0","leech","Bloodwork","afterburner","Afterburner","allowed with prerequisites","","leech > vector > afterburner","vector > afterburner > leech","equal within numerical tolerance","eligibility and base stats only; combat interactions require separate checks"
"2.70.0","leech","Bloodwork","mass-driver","Mass Driver","allowed with prerequisites","","leech > mass-driver","mass-driver > leech","equal within numerical tolerance","eligibility and base stats only; combat interactions require separate checks"
"2.70.0","leech","Bloodwork","drop-forge","Drop Forge","allowed with prerequisites","","leech > mass-driver > drop-forge","mass-driver > drop-forge > leech","equal within numerical tolerance","eligibility and base stats only; combat interactions require separate checks"
"2.70.0","light","Light frame","burst","Burst fire","allowed with prerequisites","","light > burst","burst > light","equal within numerical tolerance","eligibility and base stats only; combat interactions require separate checks"
"2.70.0","light","Light frame","backblast","Backblast","allowed with prerequisites","","light > backblast","backblast > light","equal within numerical tolerance","eligibility and base stats only; combat interactions require separate checks"
"2.70.0","light","Light frame","banker","Banker","allowed with prerequisites","","light > banker","banker > light","equal within numerical tolerance","eligibility and base stats only; combat interactions require separate checks"
"2.70.0","light","Light frame","landing","Landing shot","allowed with prerequisites","","light > landing","landing > light","equal within numerical tolerance","eligibility and base stats only; combat interactions require separate checks"
"2.70.0","light","Light frame","crossfire","Crossfire","allowed with prerequisites","","light > crossfire","crossfire > light","equal within numerical tolerance","eligibility and base stats only; combat interactions require separate checks"
"2.70.0","light","Light frame","bloom","Death bloom","allowed with prerequisites","","light > crossfire > bloom","crossfire > bloom > light","equal within numerical tolerance","eligibility and base stats only; combat interactions require separate checks"
"2.70.0","light","Light frame","deadeye","Deadeye","allowed with prerequisites","","light > deadeye","deadeye > light","equal within numerical tolerance","eligibility and base stats only; combat interactions require separate checks"
"2.70.0","light","Light frame","execute","Executioner","allowed with prerequisites","","light > deadeye > execute","deadeye > execute > light","equal within numerical tolerance","eligibility and base stats only; combat interactions require separate checks"
"2.70.0","light","Light frame","fold","Fold","allowed with prerequisites","","light > fold","fold > light","equal within numerical tolerance","eligibility and base stats only; combat interactions require separate checks"
"2.70.0","light","Light frame","shellshock","Shellshock","allowed with prerequisites","","light > shellshock","shellshock > light","equal within numerical tolerance","eligibility and base stats only; combat interactions require separate checks"
"2.70.0","light","Light frame","blast-surf","Blast surfing","allowed with prerequisites","","light > shellshock > blast-surf","shellshock > blast-surf > light","equal within numerical tolerance","eligibility and base stats only; combat interactions require separate checks"
"2.70.0","light","Light frame","aftershock","Aftershock","allowed with prerequisites","","light > shellshock > aftershock","shellshock > aftershock > light","equal within numerical tolerance","eligibility and base stats only; combat interactions require separate checks"
"2.70.0","light","Light frame","chain-reaction","Chain reaction","allowed with prerequisites","","light > shellshock > chain-reaction","shellshock > chain-reaction > light","equal within numerical tolerance","eligibility and base stats only; combat interactions require separate checks"
"2.70.0","light","Light frame","rewire","Rewire","allowed with prerequisites","","light > fold > rewire","fold > rewire > light","equal within numerical tolerance","eligibility and base stats only; combat interactions require separate checks"
"2.70.0","light","Light frame","slingshot","Slingshot","allowed with prerequisites","","light > fold > slingshot","fold > slingshot > light","equal within numerical tolerance","eligibility and base stats only; combat interactions require separate checks"
"2.70.0","light","Light frame","redline","Redline","allowed with prerequisites","","light > kick > redline","kick > redline > light","equal within numerical tolerance","eligibility and base stats only; combat interactions require separate checks"
"2.70.0","light","Light frame","breach","Breach","allowed with prerequisites","","light > backblast > breach","backblast > breach > light","equal within numerical tolerance","eligibility and base stats only; combat interactions require separate checks"
"2.70.0","light","Light frame","shatter","Shatter","allowed with prerequisites","","light > split > shatter","split > shatter > light","equal within numerical tolerance","eligibility and base stats only; combat interactions require separate checks"
"2.70.0","light","Light frame","convergence","Convergence","allowed with prerequisites","","light > crossfire > convergence","crossfire > convergence > light","equal within numerical tolerance","eligibility and base stats only; combat interactions require separate checks"
"2.70.0","light","Light frame","deadlock","Deadlock","allowed with prerequisites","","light > deadeye > deadlock","deadeye > deadlock > light","equal within numerical tolerance","eligibility and base stats only; combat interactions require separate checks"
"2.70.0","light","Light frame","shockfront","Shockfront","allowed with prerequisites","","light > shellshock > aftershock > shockfront","shellshock > aftershock > shockfront > light","equal within numerical tolerance","eligibility and base stats only; combat interactions require separate checks"
"2.70.0","light","Light frame","backfire","Backfire","allowed with prerequisites","","light > backblast > backfire","backblast > backfire > light","equal within numerical tolerance","eligibility and base stats only; combat interactions require separate checks"
"2.70.0","light","Light frame","recall","Recall","allowed with prerequisites","","light > recall","recall > light","equal within numerical tolerance","eligibility and base stats only; combat interactions require separate checks"
"2.70.0","light","Light frame","homecoming","Homecoming","allowed with prerequisites","","light > recall > homecoming","recall > homecoming > light","equal within numerical tolerance","eligibility and base stats only; combat interactions require separate checks"
"2.70.0","light","Light frame","capacitor","Capacitor","allowed with prerequisites","","light > capacitor","capacitor > light","equal within numerical tolerance","eligibility and base stats only; combat interactions require separate checks"
"2.70.0","light","Light frame","reserve-cell","Reserve cell","allowed with prerequisites","","light > capacitor > reserve-cell","capacitor > reserve-cell > light","equal within numerical tolerance","eligibility and base stats only; combat interactions require separate checks"
"2.70.0","light","Light frame","countershot","Countershot","allowed with prerequisites","","light > countershot","countershot > light","equal within numerical tolerance","eligibility and base stats only; combat interactions require separate checks"
"2.70.0","light","Light frame","reprisal","Reprisal","allowed with prerequisites","","light > countershot > reprisal","countershot > reprisal > light","equal within numerical tolerance","eligibility and base stats only; combat interactions require separate checks"
"2.70.0","light","Light frame","rivet","Rivet","allowed with prerequisites","","light > deadeye > rivet","deadeye > rivet > light","equal within numerical tolerance","eligibility and base stats only; combat interactions require separate checks"
"2.70.0","light","Light frame","fracture","Fracture","allowed with prerequisites","","light > deadeye > rivet > fracture","deadeye > rivet > fracture > light","equal within numerical tolerance","eligibility and base stats only; combat interactions require separate checks"
"2.70.0","light","Light frame","fuse","Fuse","allowed with prerequisites","","light > shellshock > fuse","shellshock > fuse > light","equal within numerical tolerance","eligibility and base stats only; combat interactions require separate checks"
"2.70.0","light","Light frame","linked-fuse","Linked fuse","allowed with prerequisites","","light > shellshock > fuse > linked-fuse","shellshock > fuse > linked-fuse > light","equal within numerical tolerance","eligibility and base stats only; combat interactions require separate checks"
"2.70.0","light","Light frame","afterimage","Afterimage","allowed with prerequisites","","light > crossfire > afterimage","crossfire > afterimage > light","equal within numerical tolerance","eligibility and base stats only; combat interactions require separate checks"
"2.70.0","light","Light frame","parallax","Parallax","allowed with prerequisites","","light > crossfire > afterimage > parallax","crossfire > afterimage > parallax > light","equal within numerical tolerance","eligibility and base stats only; combat interactions require separate checks"
"2.70.0","light","Light frame","rail-spike","Rail spike","allowed with prerequisites","","light > deadeye > capacitor > rail-spike","deadeye > capacitor > rail-spike > light","equal within numerical tolerance","eligibility and base stats only; combat interactions require separate checks"
"2.70.0","light","Light frame","tether","Tether rounds","allowed with prerequisites","","light > tether","tether > light","equal within numerical tolerance","eligibility and base stats only; combat interactions require separate checks"
"2.70.0","light","Light frame","snapback","Snapback","allowed with prerequisites","","light > tether > snapback","tether > snapback > light","equal within numerical tolerance","eligibility and base stats only; combat interactions require separate checks"
"2.70.0","light","Light frame","orbit","Orbit","allowed with prerequisites","","light > crossfire > recall > orbit","crossfire > recall > orbit > light","equal within numerical tolerance","eligibility and base stats only; combat interactions require separate checks"
"2.70.0","light","Light frame","arc-coil","Arc Coil","allowed with prerequisites","","light > arc-coil","arc-coil > light","equal within numerical tolerance","eligibility and base stats only; combat interactions require separate checks"
"2.70.0","light","Light frame","daisy-chain","Daisy Chain","allowed with prerequisites","","light > arc-coil > daisy-chain","arc-coil > daisy-chain > light","equal within numerical tolerance","eligibility and base stats only; combat interactions require separate checks"
"2.70.0","light","Light frame","implosion","Implosion","allowed with prerequisites","","light > shellshock > fuse > implosion","shellshock > fuse > implosion > light","equal within numerical tolerance","eligibility and base stats only; combat interactions require separate checks"
"2.70.0","light","Light frame","ramjet","Ramjet","allowed with prerequisites","","light > ramjet","ramjet > light","equal within numerical tolerance","eligibility and base stats only; combat interactions require separate checks"
"2.70.0","light","Light frame","cinder","Cinder rounds","allowed with prerequisites","","light > cinder","cinder > light","equal within numerical tolerance","eligibility and base stats only; combat interactions require separate checks"
"2.70.0","light","Light frame","crosswind","Crosswind","allowed with prerequisites","","light > crosswind","crosswind > light","equal within numerical tolerance","eligibility and base stats only; combat interactions require separate checks"
"2.70.0","light","Light frame","wrecking-ball","Wrecking Ball","allowed with prerequisites","","light > ramjet > wrecking-ball","ramjet > wrecking-ball > light","equal within numerical tolerance","eligibility and base stats only; combat interactions require separate checks"
"2.70.0","light","Light frame","flashpoint","Flashpoint","allowed with prerequisites","","light > cinder > flashpoint","cinder > flashpoint > light","equal within numerical tolerance","eligibility and base stats only; combat interactions require separate checks"
"2.70.0","light","Light frame","slipstream","Slipstream","allowed with prerequisites","","light > crosswind > slipstream","crosswind > slipstream > light","equal within numerical tolerance","eligibility and base stats only; combat interactions require separate checks"
"2.70.0","light","Light frame","grindshot","Grindshot","allowed with prerequisites","","light > grindshot","grindshot > light","equal within numerical tolerance","eligibility and base stats only; combat interactions require separate checks"
"2.70.0","light","Light frame","corner-cutter","Corner Cutter","allowed with prerequisites","","light > grindshot > corner-cutter","grindshot > corner-cutter > light","equal within numerical tolerance","eligibility and base stats only; combat interactions require separate checks"
"2.70.0","light","Light frame","tripwire","Tripwire","allowed with prerequisites","","light > tripwire","tripwire > light","equal within numerical tolerance","eligibility and base stats only; combat interactions require separate checks"
"2.70.0","light","Light frame","tension","Tension","allowed with prerequisites","","light > tripwire > tension","tripwire > tension > light","equal within numerical tolerance","eligibility and base stats only; combat interactions require separate checks"
"2.70.0","light","Light frame","cutting-torch","Cutting Torch","allowed with prerequisites","","light > cutting-torch","cutting-torch > light","equal within numerical tolerance","eligibility and base stats only; combat interactions require separate checks"
"2.70.0","light","Light frame","thermal-runaway","Thermal Runaway","allowed with prerequisites","","light > cutting-torch > thermal-runaway","cutting-torch > thermal-runaway > light","equal within numerical tolerance","eligibility and base stats only; combat interactions require separate checks"
"2.70.0","light","Light frame","vector","Vector rounds","allowed with prerequisites","","light > vector","vector > light","equal within numerical tolerance","eligibility and base stats only; combat interactions require separate checks"
"2.70.0","light","Light frame","afterburner","Afterburner","allowed with prerequisites","","light > vector > afterburner","vector > afterburner > light","equal within numerical tolerance","eligibility and base stats only; combat interactions require separate checks"
"2.70.0","light","Light frame","mass-driver","Mass Driver","allowed with prerequisites","","light > mass-driver","mass-driver > light","equal within numerical tolerance","eligibility and base stats only; combat interactions require separate checks"
"2.70.0","light","Light frame","drop-forge","Drop Forge","allowed with prerequisites","","light > mass-driver > drop-forge","mass-driver > drop-forge > light","equal within numerical tolerance","eligibility and base stats only; combat interactions require separate checks"
"2.70.0","burst","Burst fire","backblast","Backblast","allowed with prerequisites","","burst > backblast","backblast > burst","equal within numerical tolerance","eligibility and base stats only; combat interactions require separate checks"
"2.70.0","burst","Burst fire","banker","Banker","allowed with prerequisites","","burst > banker","banker > burst","equal within numerical tolerance","eligibility and base stats only; combat interactions require separate checks"
"2.70.0","burst","Burst fire","landing","Landing shot","allowed with prerequisites","","burst > landing","landing > burst","equal within numerical tolerance","eligibility and base stats only; combat interactions require separate checks"
"2.70.0","burst","Burst fire","crossfire","Crossfire","allowed with prerequisites","","burst > crossfire","crossfire > burst","equal within numerical tolerance","eligibility and base stats only; combat interactions require separate checks"
"2.70.0","burst","Burst fire","bloom","Death bloom","allowed with prerequisites","","burst > crossfire > bloom","crossfire > bloom > burst","equal within numerical tolerance","eligibility and base stats only; combat interactions require separate checks"
"2.70.0","burst","Burst fire","deadeye","Deadeye","allowed with prerequisites","","burst > deadeye","deadeye > burst","equal within numerical tolerance","eligibility and base stats only; combat interactions require separate checks"
"2.70.0","burst","Burst fire","execute","Executioner","allowed with prerequisites","","burst > deadeye > execute","deadeye > execute > burst","equal within numerical tolerance","eligibility and base stats only; combat interactions require separate checks"
"2.70.0","burst","Burst fire","fold","Fold","allowed with prerequisites","","burst > fold","fold > burst","equal within numerical tolerance","eligibility and base stats only; combat interactions require separate checks"
"2.70.0","burst","Burst fire","shellshock","Shellshock","allowed with prerequisites","","burst > shellshock","shellshock > burst","equal within numerical tolerance","eligibility and base stats only; combat interactions require separate checks"
"2.70.0","burst","Burst fire","blast-surf","Blast surfing","allowed with prerequisites","","burst > shellshock > blast-surf","shellshock > blast-surf > burst","equal within numerical tolerance","eligibility and base stats only; combat interactions require separate checks"
"2.70.0","burst","Burst fire","aftershock","Aftershock","allowed with prerequisites","","burst > shellshock > aftershock","shellshock > aftershock > burst","equal within numerical tolerance","eligibility and base stats only; combat interactions require separate checks"
"2.70.0","burst","Burst fire","chain-reaction","Chain reaction","allowed with prerequisites","","burst > shellshock > chain-reaction","shellshock > chain-reaction > burst","equal within numerical tolerance","eligibility and base stats only; combat interactions require separate checks"
"2.70.0","burst","Burst fire","rewire","Rewire","allowed with prerequisites","","burst > fold > rewire","fold > rewire > burst","equal within numerical tolerance","eligibility and base stats only; combat interactions require separate checks"
"2.70.0","burst","Burst fire","slingshot","Slingshot","allowed with prerequisites","","burst > fold > slingshot","fold > slingshot > burst","equal within numerical tolerance","eligibility and base stats only; combat interactions require separate checks"
"2.70.0","burst","Burst fire","redline","Redline","allowed with prerequisites","","burst > kick > redline","kick > redline > burst","equal within numerical tolerance","eligibility and base stats only; combat interactions require separate checks"
"2.70.0","burst","Burst fire","breach","Breach","allowed with prerequisites","","burst > backblast > breach","backblast > breach > burst","equal within numerical tolerance","eligibility and base stats only; combat interactions require separate checks"
"2.70.0","burst","Burst fire","shatter","Shatter","allowed with prerequisites","","burst > split > shatter","split > shatter > burst","equal within numerical tolerance","eligibility and base stats only; combat interactions require separate checks"
"2.70.0","burst","Burst fire","convergence","Convergence","allowed with prerequisites","","burst > crossfire > convergence","crossfire > convergence > burst","equal within numerical tolerance","eligibility and base stats only; combat interactions require separate checks"
"2.70.0","burst","Burst fire","deadlock","Deadlock","allowed with prerequisites","","burst > deadeye > deadlock","deadeye > deadlock > burst","equal within numerical tolerance","eligibility and base stats only; combat interactions require separate checks"
"2.70.0","burst","Burst fire","shockfront","Shockfront","allowed with prerequisites","","burst > shellshock > aftershock > shockfront","shellshock > aftershock > shockfront > burst","equal within numerical tolerance","eligibility and base stats only; combat interactions require separate checks"
"2.70.0","burst","Burst fire","backfire","Backfire","allowed with prerequisites","","burst > backblast > backfire","backblast > backfire > burst","equal within numerical tolerance","eligibility and base stats only; combat interactions require separate checks"
"2.70.0","burst","Burst fire","recall","Recall","allowed with prerequisites","","burst > recall","recall > burst","equal within numerical tolerance","eligibility and base stats only; combat interactions require separate checks"
"2.70.0","burst","Burst fire","homecoming","Homecoming","allowed with prerequisites","","burst > recall > homecoming","recall > homecoming > burst","equal within numerical tolerance","eligibility and base stats only; combat interactions require separate checks"
"2.70.0","burst","Burst fire","capacitor","Capacitor","allowed with prerequisites","","burst > capacitor","capacitor > burst","equal within numerical tolerance","eligibility and base stats only; combat interactions require separate checks"
"2.70.0","burst","Burst fire","reserve-cell","Reserve cell","allowed with prerequisites","","burst > capacitor > reserve-cell","capacitor > reserve-cell > burst","equal within numerical tolerance","eligibility and base stats only; combat interactions require separate checks"
"2.70.0","burst","Burst fire","countershot","Countershot","allowed with prerequisites","","burst > countershot","countershot > burst","equal within numerical tolerance","eligibility and base stats only; combat interactions require separate checks"
"2.70.0","burst","Burst fire","reprisal","Reprisal","allowed with prerequisites","","burst > countershot > reprisal","countershot > reprisal > burst","equal within numerical tolerance","eligibility and base stats only; combat interactions require separate checks"
"2.70.0","burst","Burst fire","rivet","Rivet","allowed with prerequisites","","burst > deadeye > rivet","deadeye > rivet > burst","equal within numerical tolerance","eligibility and base stats only; combat interactions require separate checks"
"2.70.0","burst","Burst fire","fracture","Fracture","allowed with prerequisites","","burst > deadeye > rivet > fracture","deadeye > rivet > fracture > burst","equal within numerical tolerance","eligibility and base stats only; combat interactions require separate checks"
"2.70.0","burst","Burst fire","fuse","Fuse","allowed with prerequisites","","burst > shellshock > fuse","shellshock > fuse > burst","equal within numerical tolerance","eligibility and base stats only; combat interactions require separate checks"
"2.70.0","burst","Burst fire","linked-fuse","Linked fuse","allowed with prerequisites","","burst > shellshock > fuse > linked-fuse","shellshock > fuse > linked-fuse > burst","equal within numerical tolerance","eligibility and base stats only; combat interactions require separate checks"
"2.70.0","burst","Burst fire","afterimage","Afterimage","allowed with prerequisites","","burst > crossfire > afterimage","crossfire > afterimage > burst","equal within numerical tolerance","eligibility and base stats only; combat interactions require separate checks"
"2.70.0","burst","Burst fire","parallax","Parallax","allowed with prerequisites","","burst > crossfire > afterimage > parallax","crossfire > afterimage > parallax > burst","equal within numerical tolerance","eligibility and base stats only; combat interactions require separate checks"
"2.70.0","burst","Burst fire","rail-spike","Rail spike","allowed with prerequisites","","burst > deadeye > capacitor > rail-spike","deadeye > capacitor > rail-spike > burst","equal within numerical tolerance","eligibility and base stats only; combat interactions require separate checks"
"2.70.0","burst","Burst fire","tether","Tether rounds","allowed with prerequisites","","burst > tether","tether > burst","equal within numerical tolerance","eligibility and base stats only; combat interactions require separate checks"
"2.70.0","burst","Burst fire","snapback","Snapback","allowed with prerequisites","","burst > tether > snapback","tether > snapback > burst","equal within numerical tolerance","eligibility and base stats only; combat interactions require separate checks"
"2.70.0","burst","Burst fire","orbit","Orbit","allowed with prerequisites","","burst > crossfire > recall > orbit","crossfire > recall > orbit > burst","equal within numerical tolerance","eligibility and base stats only; combat interactions require separate checks"
"2.70.0","burst","Burst fire","arc-coil","Arc Coil","allowed with prerequisites","","burst > arc-coil","arc-coil > burst","equal within numerical tolerance","eligibility and base stats only; combat interactions require separate checks"
"2.70.0","burst","Burst fire","daisy-chain","Daisy Chain","allowed with prerequisites","","burst > arc-coil > daisy-chain","arc-coil > daisy-chain > burst","equal within numerical tolerance","eligibility and base stats only; combat interactions require separate checks"
"2.70.0","burst","Burst fire","implosion","Implosion","allowed with prerequisites","","burst > shellshock > fuse > implosion","shellshock > fuse > implosion > burst","equal within numerical tolerance","eligibility and base stats only; combat interactions require separate checks"
"2.70.0","burst","Burst fire","ramjet","Ramjet","allowed with prerequisites","","burst > ramjet","ramjet > burst","equal within numerical tolerance","eligibility and base stats only; combat interactions require separate checks"
"2.70.0","burst","Burst fire","cinder","Cinder rounds","allowed with prerequisites","","burst > cinder","cinder > burst","equal within numerical tolerance","eligibility and base stats only; combat interactions require separate checks"
"2.70.0","burst","Burst fire","crosswind","Crosswind","allowed with prerequisites","","burst > crosswind","crosswind > burst","equal within numerical tolerance","eligibility and base stats only; combat interactions require separate checks"
"2.70.0","burst","Burst fire","wrecking-ball","Wrecking Ball","allowed with prerequisites","","burst > ramjet > wrecking-ball","ramjet > wrecking-ball > burst","equal within numerical tolerance","eligibility and base stats only; combat interactions require separate checks"
"2.70.0","burst","Burst fire","flashpoint","Flashpoint","allowed with prerequisites","","burst > cinder > flashpoint","cinder > flashpoint > burst","equal within numerical tolerance","eligibility and base stats only; combat interactions require separate checks"
"2.70.0","burst","Burst fire","slipstream","Slipstream","allowed with prerequisites","","burst > crosswind > slipstream","crosswind > slipstream > burst","equal within numerical tolerance","eligibility and base stats only; combat interactions require separate checks"
"2.70.0","burst","Burst fire","grindshot","Grindshot","allowed with prerequisites","","burst > grindshot","grindshot > burst","equal within numerical tolerance","eligibility and base stats only; combat interactions require separate checks"
"2.70.0","burst","Burst fire","corner-cutter","Corner Cutter","allowed with prerequisites","","burst > grindshot > corner-cutter","grindshot > corner-cutter > burst","equal within numerical tolerance","eligibility and base stats only; combat interactions require separate checks"
"2.70.0","burst","Burst fire","tripwire","Tripwire","allowed with prerequisites","","burst > tripwire","tripwire > burst","equal within numerical tolerance","eligibility and base stats only; combat interactions require separate checks"
"2.70.0","burst","Burst fire","tension","Tension","allowed with prerequisites","","burst > tripwire > tension","tripwire > tension > burst","equal within numerical tolerance","eligibility and base stats only; combat interactions require separate checks"
"2.70.0","burst","Burst fire","cutting-torch","Cutting Torch","allowed with prerequisites","","burst > cutting-torch","cutting-torch > burst","equal within numerical tolerance","eligibility and base stats only; combat interactions require separate checks"
"2.70.0","burst","Burst fire","thermal-runaway","Thermal Runaway","allowed with prerequisites","","burst > cutting-torch > thermal-runaway","cutting-torch > thermal-runaway > burst","equal within numerical tolerance","eligibility and base stats only; combat interactions require separate checks"
"2.70.0","burst","Burst fire","vector","Vector rounds","allowed with prerequisites","","burst > vector","vector > burst","equal within numerical tolerance","eligibility and base stats only; combat interactions require separate checks"
"2.70.0","burst","Burst fire","afterburner","Afterburner","allowed with prerequisites","","burst > vector > afterburner","vector > afterburner > burst","equal within numerical tolerance","eligibility and base stats only; combat interactions require separate checks"
"2.70.0","burst","Burst fire","mass-driver","Mass Driver","allowed with prerequisites","","burst > mass-driver","mass-driver > burst","equal within numerical tolerance","eligibility and base stats only; combat interactions require separate checks"
"2.70.0","burst","Burst fire","drop-forge","Drop Forge","allowed with prerequisites","","burst > mass-driver > drop-forge","mass-driver > drop-forge > burst","equal within numerical tolerance","eligibility and base stats only; combat interactions require separate checks"
"2.70.0","backblast","Backblast","banker","Banker","allowed with prerequisites","","backblast > banker","banker > backblast","equal within numerical tolerance","eligibility and base stats only; combat interactions require separate checks"
"2.70.0","backblast","Backblast","landing","Landing shot","allowed with prerequisites","","backblast > landing","landing > backblast","equal within numerical tolerance","eligibility and base stats only; combat interactions require separate checks"
"2.70.0","backblast","Backblast","crossfire","Crossfire","allowed with prerequisites","","backblast > crossfire","crossfire > backblast","equal within numerical tolerance","eligibility and base stats only; combat interactions require separate checks"
"2.70.0","backblast","Backblast","bloom","Death bloom","allowed with prerequisites","","backblast > crossfire > bloom","crossfire > bloom > backblast","equal within numerical tolerance","eligibility and base stats only; combat interactions require separate checks"
"2.70.0","backblast","Backblast","deadeye","Deadeye","allowed with prerequisites","","backblast > deadeye","deadeye > backblast","equal within numerical tolerance","eligibility and base stats only; combat interactions require separate checks"
"2.70.0","backblast","Backblast","execute","Executioner","allowed with prerequisites","","backblast > deadeye > execute","deadeye > execute > backblast","equal within numerical tolerance","eligibility and base stats only; combat interactions require separate checks"
"2.70.0","backblast","Backblast","fold","Fold","allowed with prerequisites","","backblast > fold","fold > backblast","equal within numerical tolerance","eligibility and base stats only; combat interactions require separate checks"
"2.70.0","backblast","Backblast","shellshock","Shellshock","allowed with prerequisites","","backblast > shellshock","shellshock > backblast","equal within numerical tolerance","eligibility and base stats only; combat interactions require separate checks"
"2.70.0","backblast","Backblast","blast-surf","Blast surfing","allowed with prerequisites","","backblast > shellshock > blast-surf","shellshock > blast-surf > backblast","equal within numerical tolerance","eligibility and base stats only; combat interactions require separate checks"
"2.70.0","backblast","Backblast","aftershock","Aftershock","allowed with prerequisites","","backblast > shellshock > aftershock","shellshock > aftershock > backblast","equal within numerical tolerance","eligibility and base stats only; combat interactions require separate checks"
"2.70.0","backblast","Backblast","chain-reaction","Chain reaction","allowed with prerequisites","","backblast > shellshock > chain-reaction","shellshock > chain-reaction > backblast","equal within numerical tolerance","eligibility and base stats only; combat interactions require separate checks"
"2.70.0","backblast","Backblast","rewire","Rewire","allowed with prerequisites","","backblast > fold > rewire","fold > rewire > backblast","equal within numerical tolerance","eligibility and base stats only; combat interactions require separate checks"
"2.70.0","backblast","Backblast","slingshot","Slingshot","allowed with prerequisites","","backblast > fold > slingshot","fold > slingshot > backblast","equal within numerical tolerance","eligibility and base stats only; combat interactions require separate checks"
"2.70.0","backblast","Backblast","redline","Redline","allowed with prerequisites","","backblast > kick > redline","kick > redline > backblast","equal within numerical tolerance","eligibility and base stats only; combat interactions require separate checks"
"2.70.0","backblast","Backblast","breach","Breach","allowed with prerequisites","","backblast > breach","backblast > breach","equal within numerical tolerance","eligibility and base stats only; combat interactions require separate checks"
"2.70.0","backblast","Backblast","shatter","Shatter","allowed with prerequisites","","backblast > split > shatter","split > shatter > backblast","equal within numerical tolerance","eligibility and base stats only; combat interactions require separate checks"
"2.70.0","backblast","Backblast","convergence","Convergence","allowed with prerequisites","","backblast > crossfire > convergence","crossfire > convergence > backblast","equal within numerical tolerance","eligibility and base stats only; combat interactions require separate checks"
"2.70.0","backblast","Backblast","deadlock","Deadlock","allowed with prerequisites","","backblast > deadeye > deadlock","deadeye > deadlock > backblast","equal within numerical tolerance","eligibility and base stats only; combat interactions require separate checks"
"2.70.0","backblast","Backblast","shockfront","Shockfront","allowed with prerequisites","","backblast > shellshock > aftershock > shockfront","shellshock > aftershock > shockfront > backblast","equal within numerical tolerance","eligibility and base stats only; combat interactions require separate checks"
"2.70.0","backblast","Backblast","backfire","Backfire","allowed with prerequisites","","backblast > backfire","backblast > backfire","equal within numerical tolerance","eligibility and base stats only; combat interactions require separate checks"
"2.70.0","backblast","Backblast","recall","Recall","allowed with prerequisites","","backblast > recall","recall > backblast","equal within numerical tolerance","eligibility and base stats only; combat interactions require separate checks"
"2.70.0","backblast","Backblast","homecoming","Homecoming","allowed with prerequisites","","backblast > recall > homecoming","recall > homecoming > backblast","equal within numerical tolerance","eligibility and base stats only; combat interactions require separate checks"
"2.70.0","backblast","Backblast","capacitor","Capacitor","allowed with prerequisites","","backblast > capacitor","capacitor > backblast","equal within numerical tolerance","eligibility and base stats only; combat interactions require separate checks"
"2.70.0","backblast","Backblast","reserve-cell","Reserve cell","allowed with prerequisites","","backblast > capacitor > reserve-cell","capacitor > reserve-cell > backblast","equal within numerical tolerance","eligibility and base stats only; combat interactions require separate checks"
"2.70.0","backblast","Backblast","countershot","Countershot","allowed with prerequisites","","backblast > countershot","countershot > backblast","equal within numerical tolerance","eligibility and base stats only; combat interactions require separate checks"
"2.70.0","backblast","Backblast","reprisal","Reprisal","allowed with prerequisites","","backblast > countershot > reprisal","countershot > reprisal > backblast","equal within numerical tolerance","eligibility and base stats only; combat interactions require separate checks"
"2.70.0","backblast","Backblast","rivet","Rivet","allowed with prerequisites","","backblast > deadeye > rivet","deadeye > rivet > backblast","equal within numerical tolerance","eligibility and base stats only; combat interactions require separate checks"
"2.70.0","backblast","Backblast","fracture","Fracture","allowed with prerequisites","","backblast > deadeye > rivet > fracture","deadeye > rivet > fracture > backblast","equal within numerical tolerance","eligibility and base stats only; combat interactions require separate checks"
"2.70.0","backblast","Backblast","fuse","Fuse","allowed with prerequisites","","backblast > shellshock > fuse","shellshock > fuse > backblast","equal within numerical tolerance","eligibility and base stats only; combat interactions require separate checks"
"2.70.0","backblast","Backblast","linked-fuse","Linked fuse","allowed with prerequisites","","backblast > shellshock > fuse > linked-fuse","shellshock > fuse > linked-fuse > backblast","equal within numerical tolerance","eligibility and base stats only; combat interactions require separate checks"
"2.70.0","backblast","Backblast","afterimage","Afterimage","allowed with prerequisites","","backblast > crossfire > afterimage","crossfire > afterimage > backblast","equal within numerical tolerance","eligibility and base stats only; combat interactions require separate checks"
"2.70.0","backblast","Backblast","parallax","Parallax","allowed with prerequisites","","backblast > crossfire > afterimage > parallax","crossfire > afterimage > parallax > backblast","equal within numerical tolerance","eligibility and base stats only; combat interactions require separate checks"
"2.70.0","backblast","Backblast","rail-spike","Rail spike","allowed with prerequisites","","backblast > deadeye > capacitor > rail-spike","deadeye > capacitor > rail-spike > backblast","equal within numerical tolerance","eligibility and base stats only; combat interactions require separate checks"
"2.70.0","backblast","Backblast","tether","Tether rounds","allowed with prerequisites","","backblast > tether","tether > backblast","equal within numerical tolerance","eligibility and base stats only; combat interactions require separate checks"
"2.70.0","backblast","Backblast","snapback","Snapback","allowed with prerequisites","","backblast > tether > snapback","tether > snapback > backblast","equal within numerical tolerance","eligibility and base stats only; combat interactions require separate checks"
"2.70.0","backblast","Backblast","orbit","Orbit","allowed with prerequisites","","backblast > crossfire > recall > orbit","crossfire > recall > orbit > backblast","equal within numerical tolerance","eligibility and base stats only; combat interactions require separate checks"
"2.70.0","backblast","Backblast","arc-coil","Arc Coil","allowed with prerequisites","","backblast > arc-coil","arc-coil > backblast","equal within numerical tolerance","eligibility and base stats only; combat interactions require separate checks"
"2.70.0","backblast","Backblast","daisy-chain","Daisy Chain","allowed with prerequisites","","backblast > arc-coil > daisy-chain","arc-coil > daisy-chain > backblast","equal within numerical tolerance","eligibility and base stats only; combat interactions require separate checks"
"2.70.0","backblast","Backblast","implosion","Implosion","allowed with prerequisites","","backblast > shellshock > fuse > implosion","shellshock > fuse > implosion > backblast","equal within numerical tolerance","eligibility and base stats only; combat interactions require separate checks"
"2.70.0","backblast","Backblast","ramjet","Ramjet","allowed with prerequisites","","backblast > ramjet","ramjet > backblast","equal within numerical tolerance","eligibility and base stats only; combat interactions require separate checks"
"2.70.0","backblast","Backblast","cinder","Cinder rounds","allowed with prerequisites","","backblast > cinder","cinder > backblast","equal within numerical tolerance","eligibility and base stats only; combat interactions require separate checks"
"2.70.0","backblast","Backblast","crosswind","Crosswind","allowed with prerequisites","","backblast > crosswind","crosswind > backblast","equal within numerical tolerance","eligibility and base stats only; combat interactions require separate checks"
"2.70.0","backblast","Backblast","wrecking-ball","Wrecking Ball","allowed with prerequisites","","backblast > ramjet > wrecking-ball","ramjet > wrecking-ball > backblast","equal within numerical tolerance","eligibility and base stats only; combat interactions require separate checks"
"2.70.0","backblast","Backblast","flashpoint","Flashpoint","allowed with prerequisites","","backblast > cinder > flashpoint","cinder > flashpoint > backblast","equal within numerical tolerance","eligibility and base stats only; combat interactions require separate checks"
"2.70.0","backblast","Backblast","slipstream","Slipstream","allowed with prerequisites","","backblast > crosswind > slipstream","crosswind > slipstream > backblast","equal within numerical tolerance","eligibility and base stats only; combat interactions require separate checks"
"2.70.0","backblast","Backblast","grindshot","Grindshot","allowed with prerequisites","","backblast > grindshot","grindshot > backblast","equal within numerical tolerance","eligibility and base stats only; combat interactions require separate checks"
"2.70.0","backblast","Backblast","corner-cutter","Corner Cutter","allowed with prerequisites","","backblast > grindshot > corner-cutter","grindshot > corner-cutter > backblast","equal within numerical tolerance","eligibility and base stats only; combat interactions require separate checks"
"2.70.0","backblast","Backblast","tripwire","Tripwire","allowed with prerequisites","","backblast > tripwire","tripwire > backblast","equal within numerical tolerance","eligibility and base stats only; combat interactions require separate checks"
"2.70.0","backblast","Backblast","tension","Tension","allowed with prerequisites","","backblast > tripwire > tension","tripwire > tension > backblast","equal within numerical tolerance","eligibility and base stats only; combat interactions require separate checks"
"2.70.0","backblast","Backblast","cutting-torch","Cutting Torch","allowed with prerequisites","","backblast > cutting-torch","cutting-torch > backblast","equal within numerical tolerance","eligibility and base stats only; combat interactions require separate checks"
"2.70.0","backblast","Backblast","thermal-runaway","Thermal Runaway","allowed with prerequisites","","backblast > cutting-torch > thermal-runaway","cutting-torch > thermal-runaway > backblast","equal within numerical tolerance","eligibility and base stats only; combat interactions require separate checks"
"2.70.0","backblast","Backblast","vector","Vector rounds","allowed with prerequisites","","backblast > vector","vector > backblast","equal within numerical tolerance","eligibility and base stats only; combat interactions require separate checks"
"2.70.0","backblast","Backblast","afterburner","Afterburner","allowed with prerequisites","","backblast > vector > afterburner","vector > afterburner > backblast","equal within numerical tolerance","eligibility and base stats only; combat interactions require separate checks"
"2.70.0","backblast","Backblast","mass-driver","Mass Driver","allowed with prerequisites","","backblast > mass-driver","mass-driver > backblast","equal within numerical tolerance","eligibility and base stats only; combat interactions require separate checks"
"2.70.0","backblast","Backblast","drop-forge","Drop Forge","allowed with prerequisites","","backblast > mass-driver > drop-forge","mass-driver > drop-forge > backblast","equal within numerical tolerance","eligibility and base stats only; combat interactions require separate checks"
"2.70.0","banker","Banker","landing","Landing shot","allowed with prerequisites","","banker > landing","landing > banker","equal within numerical tolerance","eligibility and base stats only; combat interactions require separate checks"
"2.70.0","banker","Banker","crossfire","Crossfire","allowed with prerequisites","","banker > crossfire","crossfire > banker","equal within numerical tolerance","eligibility and base stats only; combat interactions require separate checks"
"2.70.0","banker","Banker","bloom","Death bloom","allowed with prerequisites","","banker > crossfire > bloom","crossfire > bloom > banker","equal within numerical tolerance","eligibility and base stats only; combat interactions require separate checks"
"2.70.0","banker","Banker","deadeye","Deadeye","allowed with prerequisites","","banker > deadeye","deadeye > banker","equal within numerical tolerance","eligibility and base stats only; combat interactions require separate checks"
"2.70.0","banker","Banker","execute","Executioner","allowed with prerequisites","","banker > deadeye > execute","deadeye > execute > banker","equal within numerical tolerance","eligibility and base stats only; combat interactions require separate checks"
"2.70.0","banker","Banker","fold","Fold","allowed with prerequisites","","banker > fold","fold > banker","equal within numerical tolerance","eligibility and base stats only; combat interactions require separate checks"
"2.70.0","banker","Banker","shellshock","Shellshock","allowed with prerequisites","","banker > shellshock","shellshock > banker","equal within numerical tolerance","eligibility and base stats only; combat interactions require separate checks"
"2.70.0","banker","Banker","blast-surf","Blast surfing","allowed with prerequisites","","banker > shellshock > blast-surf","shellshock > blast-surf > banker","equal within numerical tolerance","eligibility and base stats only; combat interactions require separate checks"
"2.70.0","banker","Banker","aftershock","Aftershock","allowed with prerequisites","","banker > shellshock > aftershock","shellshock > aftershock > banker","equal within numerical tolerance","eligibility and base stats only; combat interactions require separate checks"
"2.70.0","banker","Banker","chain-reaction","Chain reaction","allowed with prerequisites","","banker > shellshock > chain-reaction","shellshock > chain-reaction > banker","equal within numerical tolerance","eligibility and base stats only; combat interactions require separate checks"
"2.70.0","banker","Banker","rewire","Rewire","allowed with prerequisites","","banker > fold > rewire","fold > rewire > banker","equal within numerical tolerance","eligibility and base stats only; combat interactions require separate checks"
"2.70.0","banker","Banker","slingshot","Slingshot","allowed with prerequisites","","banker > fold > slingshot","fold > slingshot > banker","equal within numerical tolerance","eligibility and base stats only; combat interactions require separate checks"
"2.70.0","banker","Banker","redline","Redline","allowed with prerequisites","","banker > kick > redline","kick > redline > banker","equal within numerical tolerance","eligibility and base stats only; combat interactions require separate checks"
"2.70.0","banker","Banker","breach","Breach","allowed with prerequisites","","banker > backblast > breach","backblast > breach > banker","equal within numerical tolerance","eligibility and base stats only; combat interactions require separate checks"
"2.70.0","banker","Banker","shatter","Shatter","allowed with prerequisites","","banker > split > shatter","split > shatter > banker","equal within numerical tolerance","eligibility and base stats only; combat interactions require separate checks"
"2.70.0","banker","Banker","convergence","Convergence","allowed with prerequisites","","banker > crossfire > convergence","crossfire > convergence > banker","equal within numerical tolerance","eligibility and base stats only; combat interactions require separate checks"
"2.70.0","banker","Banker","deadlock","Deadlock","allowed with prerequisites","","banker > deadeye > deadlock","deadeye > deadlock > banker","equal within numerical tolerance","eligibility and base stats only; combat interactions require separate checks"
"2.70.0","banker","Banker","shockfront","Shockfront","allowed with prerequisites","","banker > shellshock > aftershock > shockfront","shellshock > aftershock > shockfront > banker","equal within numerical tolerance","eligibility and base stats only; combat interactions require separate checks"
"2.70.0","banker","Banker","backfire","Backfire","allowed with prerequisites","","banker > backblast > backfire","backblast > backfire > banker","equal within numerical tolerance","eligibility and base stats only; combat interactions require separate checks"
"2.70.0","banker","Banker","recall","Recall","allowed with prerequisites","","banker > recall","recall > banker","equal within numerical tolerance","eligibility and base stats only; combat interactions require separate checks"
"2.70.0","banker","Banker","homecoming","Homecoming","allowed with prerequisites","","banker > recall > homecoming","recall > homecoming > banker","equal within numerical tolerance","eligibility and base stats only; combat interactions require separate checks"
"2.70.0","banker","Banker","capacitor","Capacitor","allowed with prerequisites","","banker > capacitor","capacitor > banker","equal within numerical tolerance","eligibility and base stats only; combat interactions require separate checks"
"2.70.0","banker","Banker","reserve-cell","Reserve cell","allowed with prerequisites","","banker > capacitor > reserve-cell","capacitor > reserve-cell > banker","equal within numerical tolerance","eligibility and base stats only; combat interactions require separate checks"
"2.70.0","banker","Banker","countershot","Countershot","allowed with prerequisites","","banker > countershot","countershot > banker","equal within numerical tolerance","eligibility and base stats only; combat interactions require separate checks"
"2.70.0","banker","Banker","reprisal","Reprisal","allowed with prerequisites","","banker > countershot > reprisal","countershot > reprisal > banker","equal within numerical tolerance","eligibility and base stats only; combat interactions require separate checks"
"2.70.0","banker","Banker","rivet","Rivet","allowed with prerequisites","","banker > deadeye > rivet","deadeye > rivet > banker","equal within numerical tolerance","eligibility and base stats only; combat interactions require separate checks"
"2.70.0","banker","Banker","fracture","Fracture","allowed with prerequisites","","banker > deadeye > rivet > fracture","deadeye > rivet > fracture > banker","equal within numerical tolerance","eligibility and base stats only; combat interactions require separate checks"
"2.70.0","banker","Banker","fuse","Fuse","allowed with prerequisites","","banker > shellshock > fuse","shellshock > fuse > banker","equal within numerical tolerance","eligibility and base stats only; combat interactions require separate checks"
"2.70.0","banker","Banker","linked-fuse","Linked fuse","allowed with prerequisites","","banker > shellshock > fuse > linked-fuse","shellshock > fuse > linked-fuse > banker","equal within numerical tolerance","eligibility and base stats only; combat interactions require separate checks"
"2.70.0","banker","Banker","afterimage","Afterimage","allowed with prerequisites","","banker > crossfire > afterimage","crossfire > afterimage > banker","equal within numerical tolerance","eligibility and base stats only; combat interactions require separate checks"
"2.70.0","banker","Banker","parallax","Parallax","allowed with prerequisites","","banker > crossfire > afterimage > parallax","crossfire > afterimage > parallax > banker","equal within numerical tolerance","eligibility and base stats only; combat interactions require separate checks"
"2.70.0","banker","Banker","rail-spike","Rail spike","allowed with prerequisites","","banker > deadeye > capacitor > rail-spike","deadeye > capacitor > rail-spike > banker","equal within numerical tolerance","eligibility and base stats only; combat interactions require separate checks"
"2.70.0","banker","Banker","tether","Tether rounds","allowed with prerequisites","","banker > tether","tether > banker","equal within numerical tolerance","eligibility and base stats only; combat interactions require separate checks"
"2.70.0","banker","Banker","snapback","Snapback","allowed with prerequisites","","banker > tether > snapback","tether > snapback > banker","equal within numerical tolerance","eligibility and base stats only; combat interactions require separate checks"
"2.70.0","banker","Banker","orbit","Orbit","allowed with prerequisites","","banker > crossfire > recall > orbit","crossfire > recall > orbit > banker","equal within numerical tolerance","eligibility and base stats only; combat interactions require separate checks"
"2.70.0","banker","Banker","arc-coil","Arc Coil","allowed with prerequisites","","banker > arc-coil","arc-coil > banker","equal within numerical tolerance","eligibility and base stats only; combat interactions require separate checks"
"2.70.0","banker","Banker","daisy-chain","Daisy Chain","allowed with prerequisites","","banker > arc-coil > daisy-chain","arc-coil > daisy-chain > banker","equal within numerical tolerance","eligibility and base stats only; combat interactions require separate checks"
"2.70.0","banker","Banker","implosion","Implosion","allowed with prerequisites","","banker > shellshock > fuse > implosion","shellshock > fuse > implosion > banker","equal within numerical tolerance","eligibility and base stats only; combat interactions require separate checks"
"2.70.0","banker","Banker","ramjet","Ramjet","allowed with prerequisites","","banker > ramjet","ramjet > banker","equal within numerical tolerance","eligibility and base stats only; combat interactions require separate checks"
"2.70.0","banker","Banker","cinder","Cinder rounds","allowed with prerequisites","","banker > cinder","cinder > banker","equal within numerical tolerance","eligibility and base stats only; combat interactions require separate checks"
"2.70.0","banker","Banker","crosswind","Crosswind","allowed with prerequisites","","banker > crosswind","crosswind > banker","equal within numerical tolerance","eligibility and base stats only; combat interactions require separate checks"
"2.70.0","banker","Banker","wrecking-ball","Wrecking Ball","allowed with prerequisites","","banker > ramjet > wrecking-ball","ramjet > wrecking-ball > banker","equal within numerical tolerance","eligibility and base stats only; combat interactions require separate checks"
"2.70.0","banker","Banker","flashpoint","Flashpoint","allowed with prerequisites","","banker > cinder > flashpoint","cinder > flashpoint > banker","equal within numerical tolerance","eligibility and base stats only; combat interactions require separate checks"
"2.70.0","banker","Banker","slipstream","Slipstream","allowed with prerequisites","","banker > crosswind > slipstream","crosswind > slipstream > banker","equal within numerical tolerance","eligibility and base stats only; combat interactions require separate checks"
"2.70.0","banker","Banker","grindshot","Grindshot","allowed with prerequisites","","banker > grindshot","grindshot > banker","equal within numerical tolerance","eligibility and base stats only; combat interactions require separate checks"
"2.70.0","banker","Banker","corner-cutter","Corner Cutter","allowed with prerequisites","","banker > grindshot > corner-cutter","grindshot > corner-cutter > banker","equal within numerical tolerance","eligibility and base stats only; combat interactions require separate checks"
"2.70.0","banker","Banker","tripwire","Tripwire","allowed with prerequisites","","banker > tripwire","tripwire > banker","equal within numerical tolerance","eligibility and base stats only; combat interactions require separate checks"
"2.70.0","banker","Banker","tension","Tension","allowed with prerequisites","","banker > tripwire > tension","tripwire > tension > banker","equal within numerical tolerance","eligibility and base stats only; combat interactions require separate checks"
"2.70.0","banker","Banker","cutting-torch","Cutting Torch","allowed with prerequisites","","banker > cutting-torch","cutting-torch > banker","equal within numerical tolerance","eligibility and base stats only; combat interactions require separate checks"
"2.70.0","banker","Banker","thermal-runaway","Thermal Runaway","allowed with prerequisites","","banker > cutting-torch > thermal-runaway","cutting-torch > thermal-runaway > banker","equal within numerical tolerance","eligibility and base stats only; combat interactions require separate checks"
"2.70.0","banker","Banker","vector","Vector rounds","allowed with prerequisites","","banker > vector","vector > banker","equal within numerical tolerance","eligibility and base stats only; combat interactions require separate checks"
"2.70.0","banker","Banker","afterburner","Afterburner","allowed with prerequisites","","banker > vector > afterburner","vector > afterburner > banker","equal within numerical tolerance","eligibility and base stats only; combat interactions require separate checks"
"2.70.0","banker","Banker","mass-driver","Mass Driver","allowed with prerequisites","","banker > mass-driver","mass-driver > banker","equal within numerical tolerance","eligibility and base stats only; combat interactions require separate checks"
"2.70.0","banker","Banker","drop-forge","Drop Forge","allowed with prerequisites","","banker > mass-driver > drop-forge","mass-driver > drop-forge > banker","equal within numerical tolerance","eligibility and base stats only; combat interactions require separate checks"
"2.70.0","landing","Landing shot","crossfire","Crossfire","allowed with prerequisites","","landing > crossfire","crossfire > landing","equal within numerical tolerance","eligibility and base stats only; combat interactions require separate checks"
"2.70.0","landing","Landing shot","bloom","Death bloom","allowed with prerequisites","","landing > crossfire > bloom","crossfire > bloom > landing","equal within numerical tolerance","eligibility and base stats only; combat interactions require separate checks"
"2.70.0","landing","Landing shot","deadeye","Deadeye","allowed with prerequisites","","landing > deadeye","deadeye > landing","equal within numerical tolerance","eligibility and base stats only; combat interactions require separate checks"
"2.70.0","landing","Landing shot","execute","Executioner","allowed with prerequisites","","landing > deadeye > execute","deadeye > execute > landing","equal within numerical tolerance","eligibility and base stats only; combat interactions require separate checks"
"2.70.0","landing","Landing shot","fold","Fold","allowed with prerequisites","","landing > fold","fold > landing","equal within numerical tolerance","eligibility and base stats only; combat interactions require separate checks"
"2.70.0","landing","Landing shot","shellshock","Shellshock","allowed with prerequisites","","landing > shellshock","shellshock > landing","equal within numerical tolerance","eligibility and base stats only; combat interactions require separate checks"
"2.70.0","landing","Landing shot","blast-surf","Blast surfing","allowed with prerequisites","","landing > shellshock > blast-surf","shellshock > blast-surf > landing","equal within numerical tolerance","eligibility and base stats only; combat interactions require separate checks"
"2.70.0","landing","Landing shot","aftershock","Aftershock","allowed with prerequisites","","landing > shellshock > aftershock","shellshock > aftershock > landing","equal within numerical tolerance","eligibility and base stats only; combat interactions require separate checks"
"2.70.0","landing","Landing shot","chain-reaction","Chain reaction","allowed with prerequisites","","landing > shellshock > chain-reaction","shellshock > chain-reaction > landing","equal within numerical tolerance","eligibility and base stats only; combat interactions require separate checks"
"2.70.0","landing","Landing shot","rewire","Rewire","allowed with prerequisites","","landing > fold > rewire","fold > rewire > landing","equal within numerical tolerance","eligibility and base stats only; combat interactions require separate checks"
"2.70.0","landing","Landing shot","slingshot","Slingshot","allowed with prerequisites","","landing > fold > slingshot","fold > slingshot > landing","equal within numerical tolerance","eligibility and base stats only; combat interactions require separate checks"
"2.70.0","landing","Landing shot","redline","Redline","allowed with prerequisites","","landing > kick > redline","kick > redline > landing","equal within numerical tolerance","eligibility and base stats only; combat interactions require separate checks"
"2.70.0","landing","Landing shot","breach","Breach","allowed with prerequisites","","landing > backblast > breach","backblast > breach > landing","equal within numerical tolerance","eligibility and base stats only; combat interactions require separate checks"
"2.70.0","landing","Landing shot","shatter","Shatter","allowed with prerequisites","","landing > split > shatter","split > shatter > landing","equal within numerical tolerance","eligibility and base stats only; combat interactions require separate checks"
"2.70.0","landing","Landing shot","convergence","Convergence","allowed with prerequisites","","landing > crossfire > convergence","crossfire > convergence > landing","equal within numerical tolerance","eligibility and base stats only; combat interactions require separate checks"
"2.70.0","landing","Landing shot","deadlock","Deadlock","allowed with prerequisites","","landing > deadeye > deadlock","deadeye > deadlock > landing","equal within numerical tolerance","eligibility and base stats only; combat interactions require separate checks"
"2.70.0","landing","Landing shot","shockfront","Shockfront","allowed with prerequisites","","landing > shellshock > aftershock > shockfront","shellshock > aftershock > shockfront > landing","equal within numerical tolerance","eligibility and base stats only; combat interactions require separate checks"
"2.70.0","landing","Landing shot","backfire","Backfire","allowed with prerequisites","","landing > backblast > backfire","backblast > backfire > landing","equal within numerical tolerance","eligibility and base stats only; combat interactions require separate checks"
"2.70.0","landing","Landing shot","recall","Recall","allowed with prerequisites","","landing > recall","recall > landing","equal within numerical tolerance","eligibility and base stats only; combat interactions require separate checks"
"2.70.0","landing","Landing shot","homecoming","Homecoming","allowed with prerequisites","","landing > recall > homecoming","recall > homecoming > landing","equal within numerical tolerance","eligibility and base stats only; combat interactions require separate checks"
"2.70.0","landing","Landing shot","capacitor","Capacitor","allowed with prerequisites","","landing > capacitor","capacitor > landing","equal within numerical tolerance","eligibility and base stats only; combat interactions require separate checks"
"2.70.0","landing","Landing shot","reserve-cell","Reserve cell","allowed with prerequisites","","landing > capacitor > reserve-cell","capacitor > reserve-cell > landing","equal within numerical tolerance","eligibility and base stats only; combat interactions require separate checks"
"2.70.0","landing","Landing shot","countershot","Countershot","allowed with prerequisites","","landing > countershot","countershot > landing","equal within numerical tolerance","eligibility and base stats only; combat interactions require separate checks"
"2.70.0","landing","Landing shot","reprisal","Reprisal","allowed with prerequisites","","landing > countershot > reprisal","countershot > reprisal > landing","equal within numerical tolerance","eligibility and base stats only; combat interactions require separate checks"
"2.70.0","landing","Landing shot","rivet","Rivet","allowed with prerequisites","","landing > deadeye > rivet","deadeye > rivet > landing","equal within numerical tolerance","eligibility and base stats only; combat interactions require separate checks"
"2.70.0","landing","Landing shot","fracture","Fracture","allowed with prerequisites","","landing > deadeye > rivet > fracture","deadeye > rivet > fracture > landing","equal within numerical tolerance","eligibility and base stats only; combat interactions require separate checks"
"2.70.0","landing","Landing shot","fuse","Fuse","allowed with prerequisites","","landing > shellshock > fuse","shellshock > fuse > landing","equal within numerical tolerance","eligibility and base stats only; combat interactions require separate checks"
"2.70.0","landing","Landing shot","linked-fuse","Linked fuse","allowed with prerequisites","","landing > shellshock > fuse > linked-fuse","shellshock > fuse > linked-fuse > landing","equal within numerical tolerance","eligibility and base stats only; combat interactions require separate checks"
"2.70.0","landing","Landing shot","afterimage","Afterimage","allowed with prerequisites","","landing > crossfire > afterimage","crossfire > afterimage > landing","equal within numerical tolerance","eligibility and base stats only; combat interactions require separate checks"
"2.70.0","landing","Landing shot","parallax","Parallax","allowed with prerequisites","","landing > crossfire > afterimage > parallax","crossfire > afterimage > parallax > landing","equal within numerical tolerance","eligibility and base stats only; combat interactions require separate checks"
"2.70.0","landing","Landing shot","rail-spike","Rail spike","allowed with prerequisites","","landing > deadeye > capacitor > rail-spike","deadeye > capacitor > rail-spike > landing","equal within numerical tolerance","eligibility and base stats only; combat interactions require separate checks"
"2.70.0","landing","Landing shot","tether","Tether rounds","allowed with prerequisites","","landing > tether","tether > landing","equal within numerical tolerance","eligibility and base stats only; combat interactions require separate checks"
"2.70.0","landing","Landing shot","snapback","Snapback","allowed with prerequisites","","landing > tether > snapback","tether > snapback > landing","equal within numerical tolerance","eligibility and base stats only; combat interactions require separate checks"
"2.70.0","landing","Landing shot","orbit","Orbit","allowed with prerequisites","","landing > crossfire > recall > orbit","crossfire > recall > orbit > landing","equal within numerical tolerance","eligibility and base stats only; combat interactions require separate checks"
"2.70.0","landing","Landing shot","arc-coil","Arc Coil","allowed with prerequisites","","landing > arc-coil","arc-coil > landing","equal within numerical tolerance","eligibility and base stats only; combat interactions require separate checks"
"2.70.0","landing","Landing shot","daisy-chain","Daisy Chain","allowed with prerequisites","","landing > arc-coil > daisy-chain","arc-coil > daisy-chain > landing","equal within numerical tolerance","eligibility and base stats only; combat interactions require separate checks"
"2.70.0","landing","Landing shot","implosion","Implosion","allowed with prerequisites","","landing > shellshock > fuse > implosion","shellshock > fuse > implosion > landing","equal within numerical tolerance","eligibility and base stats only; combat interactions require separate checks"
"2.70.0","landing","Landing shot","ramjet","Ramjet","allowed with prerequisites","","landing > ramjet","ramjet > landing","equal within numerical tolerance","eligibility and base stats only; combat interactions require separate checks"
"2.70.0","landing","Landing shot","cinder","Cinder rounds","allowed with prerequisites","","landing > cinder","cinder > landing","equal within numerical tolerance","eligibility and base stats only; combat interactions require separate checks"
"2.70.0","landing","Landing shot","crosswind","Crosswind","allowed with prerequisites","","landing > crosswind","crosswind > landing","equal within numerical tolerance","eligibility and base stats only; combat interactions require separate checks"
"2.70.0","landing","Landing shot","wrecking-ball","Wrecking Ball","allowed with prerequisites","","landing > ramjet > wrecking-ball","ramjet > wrecking-ball > landing","equal within numerical tolerance","eligibility and base stats only; combat interactions require separate checks"
"2.70.0","landing","Landing shot","flashpoint","Flashpoint","allowed with prerequisites","","landing > cinder > flashpoint","cinder > flashpoint > landing","equal within numerical tolerance","eligibility and base stats only; combat interactions require separate checks"
"2.70.0","landing","Landing shot","slipstream","Slipstream","allowed with prerequisites","","landing > crosswind > slipstream","crosswind > slipstream > landing","equal within numerical tolerance","eligibility and base stats only; combat interactions require separate checks"
"2.70.0","landing","Landing shot","grindshot","Grindshot","allowed with prerequisites","","landing > grindshot","grindshot > landing","equal within numerical tolerance","eligibility and base stats only; combat interactions require separate checks"
"2.70.0","landing","Landing shot","corner-cutter","Corner Cutter","allowed with prerequisites","","landing > grindshot > corner-cutter","grindshot > corner-cutter > landing","equal within numerical tolerance","eligibility and base stats only; combat interactions require separate checks"
"2.70.0","landing","Landing shot","tripwire","Tripwire","allowed with prerequisites","","landing > tripwire","tripwire > landing","equal within numerical tolerance","eligibility and base stats only; combat interactions require separate checks"
"2.70.0","landing","Landing shot","tension","Tension","allowed with prerequisites","","landing > tripwire > tension","tripwire > tension > landing","equal within numerical tolerance","eligibility and base stats only; combat interactions require separate checks"
"2.70.0","landing","Landing shot","cutting-torch","Cutting Torch","allowed with prerequisites","","landing > cutting-torch","cutting-torch > landing","equal within numerical tolerance","eligibility and base stats only; combat interactions require separate checks"
"2.70.0","landing","Landing shot","thermal-runaway","Thermal Runaway","allowed with prerequisites","","landing > cutting-torch > thermal-runaway","cutting-torch > thermal-runaway > landing","equal within numerical tolerance","eligibility and base stats only; combat interactions require separate checks"
"2.70.0","landing","Landing shot","vector","Vector rounds","allowed with prerequisites","","landing > vector","vector > landing","equal within numerical tolerance","eligibility and base stats only; combat interactions require separate checks"
"2.70.0","landing","Landing shot","afterburner","Afterburner","allowed with prerequisites","","landing > vector > afterburner","vector > afterburner > landing","equal within numerical tolerance","eligibility and base stats only; combat interactions require separate checks"
"2.70.0","landing","Landing shot","mass-driver","Mass Driver","allowed with prerequisites","","landing > mass-driver","mass-driver > landing","equal within numerical tolerance","eligibility and base stats only; combat interactions require separate checks"
"2.70.0","landing","Landing shot","drop-forge","Drop Forge","allowed with prerequisites","","landing > mass-driver > drop-forge","mass-driver > drop-forge > landing","equal within numerical tolerance","eligibility and base stats only; combat interactions require separate checks"
"2.70.0","crossfire","Crossfire","bloom","Death bloom","allowed with prerequisites","","crossfire > bloom","crossfire > bloom","equal within numerical tolerance","eligibility and base stats only; combat interactions require separate checks"
"2.70.0","crossfire","Crossfire","deadeye","Deadeye","blocked","different paths: bullet-hell + precision","crossfire > deadeye","deadeye > crossfire","not applicable","eligibility and base stats only; combat interactions require separate checks"
"2.70.0","crossfire","Crossfire","execute","Executioner","blocked","different paths: bullet-hell + precision","crossfire > deadeye > execute","deadeye > execute > crossfire","not applicable","eligibility and base stats only; combat interactions require separate checks"
"2.70.0","crossfire","Crossfire","fold","Fold","allowed with prerequisites","","crossfire > fold","fold > crossfire","equal within numerical tolerance","eligibility and base stats only; combat interactions require separate checks"
"2.70.0","crossfire","Crossfire","shellshock","Shellshock","blocked","different paths: bullet-hell + demolition","crossfire > shellshock","shellshock > crossfire","not applicable","eligibility and base stats only; combat interactions require separate checks"
"2.70.0","crossfire","Crossfire","blast-surf","Blast surfing","blocked","different paths: bullet-hell + demolition","crossfire > shellshock > blast-surf","shellshock > blast-surf > crossfire","not applicable","eligibility and base stats only; combat interactions require separate checks"
"2.70.0","crossfire","Crossfire","aftershock","Aftershock","blocked","different paths: bullet-hell + demolition","crossfire > shellshock > aftershock","shellshock > aftershock > crossfire","not applicable","eligibility and base stats only; combat interactions require separate checks"
"2.70.0","crossfire","Crossfire","chain-reaction","Chain reaction","blocked","different paths: bullet-hell + demolition","crossfire > shellshock > chain-reaction","shellshock > chain-reaction > crossfire","not applicable","eligibility and base stats only; combat interactions require separate checks"
"2.70.0","crossfire","Crossfire","rewire","Rewire","allowed with prerequisites","","crossfire > fold > rewire","fold > rewire > crossfire","equal within numerical tolerance","eligibility and base stats only; combat interactions require separate checks"
"2.70.0","crossfire","Crossfire","slingshot","Slingshot","allowed with prerequisites","","crossfire > fold > slingshot","fold > slingshot > crossfire","equal within numerical tolerance","eligibility and base stats only; combat interactions require separate checks"
"2.70.0","crossfire","Crossfire","redline","Redline","allowed with prerequisites","","crossfire > kick > redline","kick > redline > crossfire","equal within numerical tolerance","eligibility and base stats only; combat interactions require separate checks"
"2.70.0","crossfire","Crossfire","breach","Breach","allowed with prerequisites","","crossfire > backblast > breach","backblast > breach > crossfire","equal within numerical tolerance","eligibility and base stats only; combat interactions require separate checks"
"2.70.0","crossfire","Crossfire","shatter","Shatter","allowed with prerequisites","","crossfire > split > shatter","split > shatter > crossfire","equal within numerical tolerance","eligibility and base stats only; combat interactions require separate checks"
"2.70.0","crossfire","Crossfire","convergence","Convergence","allowed with prerequisites","","crossfire > convergence","crossfire > convergence","equal within numerical tolerance","eligibility and base stats only; combat interactions require separate checks"
"2.70.0","crossfire","Crossfire","deadlock","Deadlock","blocked","different paths: bullet-hell + precision","crossfire > deadeye > deadlock","deadeye > deadlock > crossfire","not applicable","eligibility and base stats only; combat interactions require separate checks"
"2.70.0","crossfire","Crossfire","shockfront","Shockfront","blocked","different paths: bullet-hell + demolition","crossfire > shellshock > aftershock > shockfront","shellshock > aftershock > shockfront > crossfire","not applicable","eligibility and base stats only; combat interactions require separate checks"
"2.70.0","crossfire","Crossfire","backfire","Backfire","allowed with prerequisites","","crossfire > backblast > backfire","backblast > backfire > crossfire","equal within numerical tolerance","eligibility and base stats only; combat interactions require separate checks"
"2.70.0","crossfire","Crossfire","recall","Recall","allowed with prerequisites","","crossfire > recall","recall > crossfire","equal within numerical tolerance","eligibility and base stats only; combat interactions require separate checks"
"2.70.0","crossfire","Crossfire","homecoming","Homecoming","allowed with prerequisites","","crossfire > recall > homecoming","recall > homecoming > crossfire","equal within numerical tolerance","eligibility and base stats only; combat interactions require separate checks"
"2.70.0","crossfire","Crossfire","capacitor","Capacitor","allowed with prerequisites","","crossfire > capacitor","capacitor > crossfire","equal within numerical tolerance","eligibility and base stats only; combat interactions require separate checks"
"2.70.0","crossfire","Crossfire","reserve-cell","Reserve cell","allowed with prerequisites","","crossfire > capacitor > reserve-cell","capacitor > reserve-cell > crossfire","equal within numerical tolerance","eligibility and base stats only; combat interactions require separate checks"
"2.70.0","crossfire","Crossfire","countershot","Countershot","allowed with prerequisites","","crossfire > countershot","countershot > crossfire","equal within numerical tolerance","eligibility and base stats only; combat interactions require separate checks"
"2.70.0","crossfire","Crossfire","reprisal","Reprisal","allowed with prerequisites","","crossfire > countershot > reprisal","countershot > reprisal > crossfire","equal within numerical tolerance","eligibility and base stats only; combat interactions require separate checks"
"2.70.0","crossfire","Crossfire","rivet","Rivet","blocked","different paths: bullet-hell + precision","crossfire > deadeye > rivet","deadeye > rivet > crossfire","not applicable","eligibility and base stats only; combat interactions require separate checks"
"2.70.0","crossfire","Crossfire","fracture","Fracture","blocked","different paths: bullet-hell + precision","crossfire > deadeye > rivet > fracture","deadeye > rivet > fracture > crossfire","not applicable","eligibility and base stats only; combat interactions require separate checks"
"2.70.0","crossfire","Crossfire","fuse","Fuse","blocked","different paths: bullet-hell + demolition","crossfire > shellshock > fuse","shellshock > fuse > crossfire","not applicable","eligibility and base stats only; combat interactions require separate checks"
"2.70.0","crossfire","Crossfire","linked-fuse","Linked fuse","blocked","different paths: bullet-hell + demolition","crossfire > shellshock > fuse > linked-fuse","shellshock > fuse > linked-fuse > crossfire","not applicable","eligibility and base stats only; combat interactions require separate checks"
"2.70.0","crossfire","Crossfire","afterimage","Afterimage","allowed with prerequisites","","crossfire > afterimage","crossfire > afterimage","equal within numerical tolerance","eligibility and base stats only; combat interactions require separate checks"
"2.70.0","crossfire","Crossfire","parallax","Parallax","allowed with prerequisites","","crossfire > afterimage > parallax","crossfire > afterimage > parallax","equal within numerical tolerance","eligibility and base stats only; combat interactions require separate checks"
"2.70.0","crossfire","Crossfire","rail-spike","Rail spike","blocked","different paths: bullet-hell + precision","crossfire > deadeye > capacitor > rail-spike","deadeye > capacitor > rail-spike > crossfire","not applicable","eligibility and base stats only; combat interactions require separate checks"
"2.70.0","crossfire","Crossfire","tether","Tether rounds","allowed with prerequisites","","crossfire > tether","tether > crossfire","equal within numerical tolerance","eligibility and base stats only; combat interactions require separate checks"
"2.70.0","crossfire","Crossfire","snapback","Snapback","allowed with prerequisites","","crossfire > tether > snapback","tether > snapback > crossfire","equal within numerical tolerance","eligibility and base stats only; combat interactions require separate checks"
"2.70.0","crossfire","Crossfire","orbit","Orbit","allowed with prerequisites","","crossfire > recall > orbit","crossfire > recall > orbit","equal within numerical tolerance","eligibility and base stats only; combat interactions require separate checks"
"2.70.0","crossfire","Crossfire","arc-coil","Arc Coil","allowed with prerequisites","","crossfire > arc-coil","arc-coil > crossfire","equal within numerical tolerance","eligibility and base stats only; combat interactions require separate checks"
"2.70.0","crossfire","Crossfire","daisy-chain","Daisy Chain","allowed with prerequisites","","crossfire > arc-coil > daisy-chain","arc-coil > daisy-chain > crossfire","equal within numerical tolerance","eligibility and base stats only; combat interactions require separate checks"
"2.70.0","crossfire","Crossfire","implosion","Implosion","blocked","different paths: bullet-hell + demolition","crossfire > shellshock > fuse > implosion","shellshock > fuse > implosion > crossfire","not applicable","eligibility and base stats only; combat interactions require separate checks"
"2.70.0","crossfire","Crossfire","ramjet","Ramjet","allowed with prerequisites","","crossfire > ramjet","ramjet > crossfire","equal within numerical tolerance","eligibility and base stats only; combat interactions require separate checks"
"2.70.0","crossfire","Crossfire","cinder","Cinder rounds","allowed with prerequisites","","crossfire > cinder","cinder > crossfire","equal within numerical tolerance","eligibility and base stats only; combat interactions require separate checks"
"2.70.0","crossfire","Crossfire","crosswind","Crosswind","allowed with prerequisites","","crossfire > crosswind","crosswind > crossfire","equal within numerical tolerance","eligibility and base stats only; combat interactions require separate checks"
"2.70.0","crossfire","Crossfire","wrecking-ball","Wrecking Ball","allowed with prerequisites","","crossfire > ramjet > wrecking-ball","ramjet > wrecking-ball > crossfire","equal within numerical tolerance","eligibility and base stats only; combat interactions require separate checks"
"2.70.0","crossfire","Crossfire","flashpoint","Flashpoint","allowed with prerequisites","","crossfire > cinder > flashpoint","cinder > flashpoint > crossfire","equal within numerical tolerance","eligibility and base stats only; combat interactions require separate checks"
"2.70.0","crossfire","Crossfire","slipstream","Slipstream","allowed with prerequisites","","crossfire > crosswind > slipstream","crosswind > slipstream > crossfire","equal within numerical tolerance","eligibility and base stats only; combat interactions require separate checks"
"2.70.0","crossfire","Crossfire","grindshot","Grindshot","allowed with prerequisites","","crossfire > grindshot","grindshot > crossfire","equal within numerical tolerance","eligibility and base stats only; combat interactions require separate checks"
"2.70.0","crossfire","Crossfire","corner-cutter","Corner Cutter","allowed with prerequisites","","crossfire > grindshot > corner-cutter","grindshot > corner-cutter > crossfire","equal within numerical tolerance","eligibility and base stats only; combat interactions require separate checks"
"2.70.0","crossfire","Crossfire","tripwire","Tripwire","blocked","different paths: bullet-hell + demolition","crossfire > tripwire","tripwire > crossfire","not applicable","eligibility and base stats only; combat interactions require separate checks"
"2.70.0","crossfire","Crossfire","tension","Tension","blocked","different paths: bullet-hell + demolition","crossfire > tripwire > tension","tripwire > tension > crossfire","not applicable","eligibility and base stats only; combat interactions require separate checks"
"2.70.0","crossfire","Crossfire","cutting-torch","Cutting Torch","blocked","different paths: bullet-hell + precision","crossfire > cutting-torch","cutting-torch > crossfire","not applicable","eligibility and base stats only; combat interactions require separate checks"
"2.70.0","crossfire","Crossfire","thermal-runaway","Thermal Runaway","blocked","different paths: bullet-hell + precision","crossfire > cutting-torch > thermal-runaway","cutting-torch > thermal-runaway > crossfire","not applicable","eligibility and base stats only; combat interactions require separate checks"
"2.70.0","crossfire","Crossfire","vector","Vector rounds","allowed with prerequisites","","crossfire > vector","vector > crossfire","equal within numerical tolerance","eligibility and base stats only; combat interactions require separate checks"
"2.70.0","crossfire","Crossfire","afterburner","Afterburner","allowed with prerequisites","","crossfire > vector > afterburner","vector > afterburner > crossfire","equal within numerical tolerance","eligibility and base stats only; combat interactions require separate checks"
"2.70.0","crossfire","Crossfire","mass-driver","Mass Driver","allowed with prerequisites","","crossfire > mass-driver","mass-driver > crossfire","equal within numerical tolerance","eligibility and base stats only; combat interactions require separate checks"
"2.70.0","crossfire","Crossfire","drop-forge","Drop Forge","allowed with prerequisites","","crossfire > mass-driver > drop-forge","mass-driver > drop-forge > crossfire","equal within numerical tolerance","eligibility and base stats only; combat interactions require separate checks"
"2.70.0","bloom","Death bloom","deadeye","Deadeye","blocked","different paths: bullet-hell + precision","crossfire > bloom > deadeye","deadeye > crossfire > bloom","not applicable","eligibility and base stats only; combat interactions require separate checks"
"2.70.0","bloom","Death bloom","execute","Executioner","blocked","different paths: bullet-hell + precision","crossfire > bloom > deadeye > execute","deadeye > execute > crossfire > bloom","not applicable","eligibility and base stats only; combat interactions require separate checks"
"2.70.0","bloom","Death bloom","fold","Fold","allowed with prerequisites","","crossfire > bloom > fold","fold > crossfire > bloom","equal within numerical tolerance","eligibility and base stats only; combat interactions require separate checks"
"2.70.0","bloom","Death bloom","shellshock","Shellshock","blocked","different paths: bullet-hell + demolition","crossfire > bloom > shellshock","shellshock > crossfire > bloom","not applicable","eligibility and base stats only; combat interactions require separate checks"
"2.70.0","bloom","Death bloom","blast-surf","Blast surfing","blocked","different paths: bullet-hell + demolition","crossfire > bloom > shellshock > blast-surf","shellshock > blast-surf > crossfire > bloom","not applicable","eligibility and base stats only; combat interactions require separate checks"
"2.70.0","bloom","Death bloom","aftershock","Aftershock","blocked","different paths: bullet-hell + demolition","crossfire > bloom > shellshock > aftershock","shellshock > aftershock > crossfire > bloom","not applicable","eligibility and base stats only; combat interactions require separate checks"
"2.70.0","bloom","Death bloom","chain-reaction","Chain reaction","blocked","different paths: bullet-hell + demolition","crossfire > bloom > shellshock > chain-reaction","shellshock > chain-reaction > crossfire > bloom","not applicable","eligibility and base stats only; combat interactions require separate checks"
"2.70.0","bloom","Death bloom","rewire","Rewire","allowed with prerequisites","","crossfire > bloom > fold > rewire","fold > rewire > crossfire > bloom","equal within numerical tolerance","eligibility and base stats only; combat interactions require separate checks"
"2.70.0","bloom","Death bloom","slingshot","Slingshot","allowed with prerequisites","","crossfire > bloom > fold > slingshot","fold > slingshot > crossfire > bloom","equal within numerical tolerance","eligibility and base stats only; combat interactions require separate checks"
"2.70.0","bloom","Death bloom","redline","Redline","allowed with prerequisites","","crossfire > bloom > kick > redline","kick > redline > crossfire > bloom","equal within numerical tolerance","eligibility and base stats only; combat interactions require separate checks"
"2.70.0","bloom","Death bloom","breach","Breach","allowed with prerequisites","","crossfire > bloom > backblast > breach","backblast > breach > crossfire > bloom","equal within numerical tolerance","eligibility and base stats only; combat interactions require separate checks"
"2.70.0","bloom","Death bloom","shatter","Shatter","allowed with prerequisites","","crossfire > bloom > split > shatter","split > shatter > crossfire > bloom","equal within numerical tolerance","eligibility and base stats only; combat interactions require separate checks"
"2.70.0","bloom","Death bloom","convergence","Convergence","allowed with prerequisites","","crossfire > bloom > convergence","crossfire > convergence > bloom","equal within numerical tolerance","eligibility and base stats only; combat interactions require separate checks"
"2.70.0","bloom","Death bloom","deadlock","Deadlock","blocked","different paths: bullet-hell + precision","crossfire > bloom > deadeye > deadlock","deadeye > deadlock > crossfire > bloom","not applicable","eligibility and base stats only; combat interactions require separate checks"
"2.70.0","bloom","Death bloom","shockfront","Shockfront","blocked","different paths: bullet-hell + demolition","crossfire > bloom > shellshock > aftershock > shockfront","shellshock > aftershock > shockfront > crossfire > bloom","not applicable","eligibility and base stats only; combat interactions require separate checks"
"2.70.0","bloom","Death bloom","backfire","Backfire","allowed with prerequisites","","crossfire > bloom > backblast > backfire","backblast > backfire > crossfire > bloom","equal within numerical tolerance","eligibility and base stats only; combat interactions require separate checks"
"2.70.0","bloom","Death bloom","recall","Recall","allowed with prerequisites","","crossfire > bloom > recall","recall > crossfire > bloom","equal within numerical tolerance","eligibility and base stats only; combat interactions require separate checks"
"2.70.0","bloom","Death bloom","homecoming","Homecoming","allowed with prerequisites","","crossfire > bloom > recall > homecoming","recall > homecoming > crossfire > bloom","equal within numerical tolerance","eligibility and base stats only; combat interactions require separate checks"
"2.70.0","bloom","Death bloom","capacitor","Capacitor","allowed with prerequisites","","crossfire > bloom > capacitor","capacitor > crossfire > bloom","equal within numerical tolerance","eligibility and base stats only; combat interactions require separate checks"
"2.70.0","bloom","Death bloom","reserve-cell","Reserve cell","allowed with prerequisites","","crossfire > bloom > capacitor > reserve-cell","capacitor > reserve-cell > crossfire > bloom","equal within numerical tolerance","eligibility and base stats only; combat interactions require separate checks"
"2.70.0","bloom","Death bloom","countershot","Countershot","allowed with prerequisites","","crossfire > bloom > countershot","countershot > crossfire > bloom","equal within numerical tolerance","eligibility and base stats only; combat interactions require separate checks"
"2.70.0","bloom","Death bloom","reprisal","Reprisal","allowed with prerequisites","","crossfire > bloom > countershot > reprisal","countershot > reprisal > crossfire > bloom","equal within numerical tolerance","eligibility and base stats only; combat interactions require separate checks"
"2.70.0","bloom","Death bloom","rivet","Rivet","blocked","different paths: bullet-hell + precision","crossfire > bloom > deadeye > rivet","deadeye > rivet > crossfire > bloom","not applicable","eligibility and base stats only; combat interactions require separate checks"
"2.70.0","bloom","Death bloom","fracture","Fracture","blocked","different paths: bullet-hell + precision","crossfire > bloom > deadeye > rivet > fracture","deadeye > rivet > fracture > crossfire > bloom","not applicable","eligibility and base stats only; combat interactions require separate checks"
"2.70.0","bloom","Death bloom","fuse","Fuse","blocked","different paths: bullet-hell + demolition","crossfire > bloom > shellshock > fuse","shellshock > fuse > crossfire > bloom","not applicable","eligibility and base stats only; combat interactions require separate checks"
"2.70.0","bloom","Death bloom","linked-fuse","Linked fuse","blocked","different paths: bullet-hell + demolition","crossfire > bloom > shellshock > fuse > linked-fuse","shellshock > fuse > linked-fuse > crossfire > bloom","not applicable","eligibility and base stats only; combat interactions require separate checks"
"2.70.0","bloom","Death bloom","afterimage","Afterimage","allowed with prerequisites","","crossfire > bloom > afterimage","crossfire > afterimage > bloom","equal within numerical tolerance","eligibility and base stats only; combat interactions require separate checks"
"2.70.0","bloom","Death bloom","parallax","Parallax","allowed with prerequisites","","crossfire > bloom > afterimage > parallax","crossfire > afterimage > parallax > bloom","equal within numerical tolerance","eligibility and base stats only; combat interactions require separate checks"
"2.70.0","bloom","Death bloom","rail-spike","Rail spike","blocked","different paths: bullet-hell + precision","crossfire > bloom > deadeye > capacitor > rail-spike","deadeye > capacitor > rail-spike > crossfire > bloom","not applicable","eligibility and base stats only; combat interactions require separate checks"
"2.70.0","bloom","Death bloom","tether","Tether rounds","allowed with prerequisites","","crossfire > bloom > tether","tether > crossfire > bloom","equal within numerical tolerance","eligibility and base stats only; combat interactions require separate checks"
"2.70.0","bloom","Death bloom","snapback","Snapback","allowed with prerequisites","","crossfire > bloom > tether > snapback","tether > snapback > crossfire > bloom","equal within numerical tolerance","eligibility and base stats only; combat interactions require separate checks"
"2.70.0","bloom","Death bloom","orbit","Orbit","allowed with prerequisites","","crossfire > bloom > recall > orbit","crossfire > recall > orbit > bloom","equal within numerical tolerance","eligibility and base stats only; combat interactions require separate checks"
"2.70.0","bloom","Death bloom","arc-coil","Arc Coil","allowed with prerequisites","","crossfire > bloom > arc-coil","arc-coil > crossfire > bloom","equal within numerical tolerance","eligibility and base stats only; combat interactions require separate checks"
"2.70.0","bloom","Death bloom","daisy-chain","Daisy Chain","allowed with prerequisites","","crossfire > bloom > arc-coil > daisy-chain","arc-coil > daisy-chain > crossfire > bloom","equal within numerical tolerance","eligibility and base stats only; combat interactions require separate checks"
"2.70.0","bloom","Death bloom","implosion","Implosion","blocked","different paths: bullet-hell + demolition","crossfire > bloom > shellshock > fuse > implosion","shellshock > fuse > implosion > crossfire > bloom","not applicable","eligibility and base stats only; combat interactions require separate checks"
"2.70.0","bloom","Death bloom","ramjet","Ramjet","allowed with prerequisites","","crossfire > bloom > ramjet","ramjet > crossfire > bloom","equal within numerical tolerance","eligibility and base stats only; combat interactions require separate checks"
"2.70.0","bloom","Death bloom","cinder","Cinder rounds","allowed with prerequisites","","crossfire > bloom > cinder","cinder > crossfire > bloom","equal within numerical tolerance","eligibility and base stats only; combat interactions require separate checks"
"2.70.0","bloom","Death bloom","crosswind","Crosswind","allowed with prerequisites","","crossfire > bloom > crosswind","crosswind > crossfire > bloom","equal within numerical tolerance","eligibility and base stats only; combat interactions require separate checks"
"2.70.0","bloom","Death bloom","wrecking-ball","Wrecking Ball","allowed with prerequisites","","crossfire > bloom > ramjet > wrecking-ball","ramjet > wrecking-ball > crossfire > bloom","equal within numerical tolerance","eligibility and base stats only; combat interactions require separate checks"
"2.70.0","bloom","Death bloom","flashpoint","Flashpoint","allowed with prerequisites","","crossfire > bloom > cinder > flashpoint","cinder > flashpoint > crossfire > bloom","equal within numerical tolerance","eligibility and base stats only; combat interactions require separate checks"
"2.70.0","bloom","Death bloom","slipstream","Slipstream","allowed with prerequisites","","crossfire > bloom > crosswind > slipstream","crosswind > slipstream > crossfire > bloom","equal within numerical tolerance","eligibility and base stats only; combat interactions require separate checks"
"2.70.0","bloom","Death bloom","grindshot","Grindshot","allowed with prerequisites","","crossfire > bloom > grindshot","grindshot > crossfire > bloom","equal within numerical tolerance","eligibility and base stats only; combat interactions require separate checks"
"2.70.0","bloom","Death bloom","corner-cutter","Corner Cutter","allowed with prerequisites","","crossfire > bloom > grindshot > corner-cutter","grindshot > corner-cutter > crossfire > bloom","equal within numerical tolerance","eligibility and base stats only; combat interactions require separate checks"
"2.70.0","bloom","Death bloom","tripwire","Tripwire","blocked","different paths: bullet-hell + demolition","crossfire > bloom > tripwire","tripwire > crossfire > bloom","not applicable","eligibility and base stats only; combat interactions require separate checks"
"2.70.0","bloom","Death bloom","tension","Tension","blocked","different paths: bullet-hell + demolition","crossfire > bloom > tripwire > tension","tripwire > tension > crossfire > bloom","not applicable","eligibility and base stats only; combat interactions require separate checks"
"2.70.0","bloom","Death bloom","cutting-torch","Cutting Torch","blocked","different paths: bullet-hell + precision","crossfire > bloom > cutting-torch","cutting-torch > crossfire > bloom","not applicable","eligibility and base stats only; combat interactions require separate checks"
"2.70.0","bloom","Death bloom","thermal-runaway","Thermal Runaway","blocked","different paths: bullet-hell + precision","crossfire > bloom > cutting-torch > thermal-runaway","cutting-torch > thermal-runaway > crossfire > bloom","not applicable","eligibility and base stats only; combat interactions require separate checks"
"2.70.0","bloom","Death bloom","vector","Vector rounds","allowed with prerequisites","","crossfire > bloom > vector","vector > crossfire > bloom","equal within numerical tolerance","eligibility and base stats only; combat interactions require separate checks"
"2.70.0","bloom","Death bloom","afterburner","Afterburner","allowed with prerequisites","","crossfire > bloom > vector > afterburner","vector > afterburner > crossfire > bloom","equal within numerical tolerance","eligibility and base stats only; combat interactions require separate checks"
"2.70.0","bloom","Death bloom","mass-driver","Mass Driver","allowed with prerequisites","","crossfire > bloom > mass-driver","mass-driver > crossfire > bloom","equal within numerical tolerance","eligibility and base stats only; combat interactions require separate checks"
"2.70.0","bloom","Death bloom","drop-forge","Drop Forge","allowed with prerequisites","","crossfire > bloom > mass-driver > drop-forge","mass-driver > drop-forge > crossfire > bloom","equal within numerical tolerance","eligibility and base stats only; combat interactions require separate checks"
"2.70.0","deadeye","Deadeye","execute","Executioner","allowed with prerequisites","","deadeye > execute","deadeye > execute","equal within numerical tolerance","eligibility and base stats only; combat interactions require separate checks"
"2.70.0","deadeye","Deadeye","fold","Fold","allowed with prerequisites","","deadeye > fold","fold > deadeye","equal within numerical tolerance","eligibility and base stats only; combat interactions require separate checks"
"2.70.0","deadeye","Deadeye","shellshock","Shellshock","blocked","different paths: demolition + precision","deadeye > shellshock","shellshock > deadeye","not applicable","eligibility and base stats only; combat interactions require separate checks"
"2.70.0","deadeye","Deadeye","blast-surf","Blast surfing","blocked","different paths: demolition + precision","deadeye > shellshock > blast-surf","shellshock > blast-surf > deadeye","not applicable","eligibility and base stats only; combat interactions require separate checks"
"2.70.0","deadeye","Deadeye","aftershock","Aftershock","blocked","different paths: demolition + precision","deadeye > shellshock > aftershock","shellshock > aftershock > deadeye","not applicable","eligibility and base stats only; combat interactions require separate checks"
"2.70.0","deadeye","Deadeye","chain-reaction","Chain reaction","blocked","different paths: demolition + precision","deadeye > shellshock > chain-reaction","shellshock > chain-reaction > deadeye","not applicable","eligibility and base stats only; combat interactions require separate checks"
"2.70.0","deadeye","Deadeye","rewire","Rewire","allowed with prerequisites","","deadeye > fold > rewire","fold > rewire > deadeye","equal within numerical tolerance","eligibility and base stats only; combat interactions require separate checks"
"2.70.0","deadeye","Deadeye","slingshot","Slingshot","allowed with prerequisites","","deadeye > fold > slingshot","fold > slingshot > deadeye","equal within numerical tolerance","eligibility and base stats only; combat interactions require separate checks"
"2.70.0","deadeye","Deadeye","redline","Redline","allowed with prerequisites","","deadeye > kick > redline","kick > redline > deadeye","equal within numerical tolerance","eligibility and base stats only; combat interactions require separate checks"
"2.70.0","deadeye","Deadeye","breach","Breach","allowed with prerequisites","","deadeye > backblast > breach","backblast > breach > deadeye","equal within numerical tolerance","eligibility and base stats only; combat interactions require separate checks"
"2.70.0","deadeye","Deadeye","shatter","Shatter","allowed with prerequisites","","deadeye > split > shatter","split > shatter > deadeye","equal within numerical tolerance","eligibility and base stats only; combat interactions require separate checks"
"2.70.0","deadeye","Deadeye","convergence","Convergence","blocked","different paths: bullet-hell + precision","deadeye > crossfire > convergence","crossfire > convergence > deadeye","not applicable","eligibility and base stats only; combat interactions require separate checks"
"2.70.0","deadeye","Deadeye","deadlock","Deadlock","allowed with prerequisites","","deadeye > deadlock","deadeye > deadlock","equal within numerical tolerance","eligibility and base stats only; combat interactions require separate checks"
"2.70.0","deadeye","Deadeye","shockfront","Shockfront","blocked","different paths: demolition + precision","deadeye > shellshock > aftershock > shockfront","shellshock > aftershock > shockfront > deadeye","not applicable","eligibility and base stats only; combat interactions require separate checks"
"2.70.0","deadeye","Deadeye","backfire","Backfire","allowed with prerequisites","","deadeye > backblast > backfire","backblast > backfire > deadeye","equal within numerical tolerance","eligibility and base stats only; combat interactions require separate checks"
"2.70.0","deadeye","Deadeye","recall","Recall","allowed with prerequisites","","deadeye > recall","recall > deadeye","equal within numerical tolerance","eligibility and base stats only; combat interactions require separate checks"
"2.70.0","deadeye","Deadeye","homecoming","Homecoming","allowed with prerequisites","","deadeye > recall > homecoming","recall > homecoming > deadeye","equal within numerical tolerance","eligibility and base stats only; combat interactions require separate checks"
"2.70.0","deadeye","Deadeye","capacitor","Capacitor","allowed with prerequisites","","deadeye > capacitor","capacitor > deadeye","equal within numerical tolerance","eligibility and base stats only; combat interactions require separate checks"
"2.70.0","deadeye","Deadeye","reserve-cell","Reserve cell","allowed with prerequisites","","deadeye > capacitor > reserve-cell","capacitor > reserve-cell > deadeye","equal within numerical tolerance","eligibility and base stats only; combat interactions require separate checks"
"2.70.0","deadeye","Deadeye","countershot","Countershot","allowed with prerequisites","","deadeye > countershot","countershot > deadeye","equal within numerical tolerance","eligibility and base stats only; combat interactions require separate checks"
"2.70.0","deadeye","Deadeye","reprisal","Reprisal","allowed with prerequisites","","deadeye > countershot > reprisal","countershot > reprisal > deadeye","equal within numerical tolerance","eligibility and base stats only; combat interactions require separate checks"
"2.70.0","deadeye","Deadeye","rivet","Rivet","allowed with prerequisites","","deadeye > rivet","deadeye > rivet","equal within numerical tolerance","eligibility and base stats only; combat interactions require separate checks"
"2.70.0","deadeye","Deadeye","fracture","Fracture","allowed with prerequisites","","deadeye > rivet > fracture","deadeye > rivet > fracture","equal within numerical tolerance","eligibility and base stats only; combat interactions require separate checks"
"2.70.0","deadeye","Deadeye","fuse","Fuse","blocked","different paths: demolition + precision","deadeye > shellshock > fuse","shellshock > fuse > deadeye","not applicable","eligibility and base stats only; combat interactions require separate checks"
"2.70.0","deadeye","Deadeye","linked-fuse","Linked fuse","blocked","different paths: demolition + precision","deadeye > shellshock > fuse > linked-fuse","shellshock > fuse > linked-fuse > deadeye","not applicable","eligibility and base stats only; combat interactions require separate checks"
"2.70.0","deadeye","Deadeye","afterimage","Afterimage","blocked","different paths: bullet-hell + precision","deadeye > crossfire > afterimage","crossfire > afterimage > deadeye","not applicable","eligibility and base stats only; combat interactions require separate checks"
"2.70.0","deadeye","Deadeye","parallax","Parallax","blocked","different paths: bullet-hell + precision","deadeye > crossfire > afterimage > parallax","crossfire > afterimage > parallax > deadeye","not applicable","eligibility and base stats only; combat interactions require separate checks"
"2.70.0","deadeye","Deadeye","rail-spike","Rail spike","allowed with prerequisites","","deadeye > capacitor > rail-spike","deadeye > capacitor > rail-spike","equal within numerical tolerance","eligibility and base stats only; combat interactions require separate checks"
"2.70.0","deadeye","Deadeye","tether","Tether rounds","allowed with prerequisites","","deadeye > tether","tether > deadeye","equal within numerical tolerance","eligibility and base stats only; combat interactions require separate checks"
"2.70.0","deadeye","Deadeye","snapback","Snapback","allowed with prerequisites","","deadeye > tether > snapback","tether > snapback > deadeye","equal within numerical tolerance","eligibility and base stats only; combat interactions require separate checks"
"2.70.0","deadeye","Deadeye","orbit","Orbit","blocked","different paths: bullet-hell + precision","deadeye > crossfire > recall > orbit","crossfire > recall > orbit > deadeye","not applicable","eligibility and base stats only; combat interactions require separate checks"
"2.70.0","deadeye","Deadeye","arc-coil","Arc Coil","allowed with prerequisites","","deadeye > arc-coil","arc-coil > deadeye","equal within numerical tolerance","eligibility and base stats only; combat interactions require separate checks"
"2.70.0","deadeye","Deadeye","daisy-chain","Daisy Chain","allowed with prerequisites","","deadeye > arc-coil > daisy-chain","arc-coil > daisy-chain > deadeye","equal within numerical tolerance","eligibility and base stats only; combat interactions require separate checks"
"2.70.0","deadeye","Deadeye","implosion","Implosion","blocked","different paths: demolition + precision","deadeye > shellshock > fuse > implosion","shellshock > fuse > implosion > deadeye","not applicable","eligibility and base stats only; combat interactions require separate checks"
"2.70.0","deadeye","Deadeye","ramjet","Ramjet","allowed with prerequisites","","deadeye > ramjet","ramjet > deadeye","equal within numerical tolerance","eligibility and base stats only; combat interactions require separate checks"
"2.70.0","deadeye","Deadeye","cinder","Cinder rounds","allowed with prerequisites","","deadeye > cinder","cinder > deadeye","equal within numerical tolerance","eligibility and base stats only; combat interactions require separate checks"
"2.70.0","deadeye","Deadeye","crosswind","Crosswind","allowed with prerequisites","","deadeye > crosswind","crosswind > deadeye","equal within numerical tolerance","eligibility and base stats only; combat interactions require separate checks"
"2.70.0","deadeye","Deadeye","wrecking-ball","Wrecking Ball","allowed with prerequisites","","deadeye > ramjet > wrecking-ball","ramjet > wrecking-ball > deadeye","equal within numerical tolerance","eligibility and base stats only; combat interactions require separate checks"
"2.70.0","deadeye","Deadeye","flashpoint","Flashpoint","allowed with prerequisites","","deadeye > cinder > flashpoint","cinder > flashpoint > deadeye","equal within numerical tolerance","eligibility and base stats only; combat interactions require separate checks"
"2.70.0","deadeye","Deadeye","slipstream","Slipstream","allowed with prerequisites","","deadeye > crosswind > slipstream","crosswind > slipstream > deadeye","equal within numerical tolerance","eligibility and base stats only; combat interactions require separate checks"
"2.70.0","deadeye","Deadeye","grindshot","Grindshot","allowed with prerequisites","","deadeye > grindshot","grindshot > deadeye","equal within numerical tolerance","eligibility and base stats only; combat interactions require separate checks"
"2.70.0","deadeye","Deadeye","corner-cutter","Corner Cutter","allowed with prerequisites","","deadeye > grindshot > corner-cutter","grindshot > corner-cutter > deadeye","equal within numerical tolerance","eligibility and base stats only; combat interactions require separate checks"
"2.70.0","deadeye","Deadeye","tripwire","Tripwire","blocked","different paths: demolition + precision","deadeye > tripwire","tripwire > deadeye","not applicable","eligibility and base stats only; combat interactions require separate checks"
"2.70.0","deadeye","Deadeye","tension","Tension","blocked","different paths: demolition + precision","deadeye > tripwire > tension","tripwire > tension > deadeye","not applicable","eligibility and base stats only; combat interactions require separate checks"
"2.70.0","deadeye","Deadeye","cutting-torch","Cutting Torch","allowed with prerequisites","","deadeye > cutting-torch","cutting-torch > deadeye","equal within numerical tolerance","eligibility and base stats only; combat interactions require separate checks"
"2.70.0","deadeye","Deadeye","thermal-runaway","Thermal Runaway","allowed with prerequisites","","deadeye > cutting-torch > thermal-runaway","cutting-torch > thermal-runaway > deadeye","equal within numerical tolerance","eligibility and base stats only; combat interactions require separate checks"
"2.70.0","deadeye","Deadeye","vector","Vector rounds","allowed with prerequisites","","deadeye > vector","vector > deadeye","equal within numerical tolerance","eligibility and base stats only; combat interactions require separate checks"
"2.70.0","deadeye","Deadeye","afterburner","Afterburner","allowed with prerequisites","","deadeye > vector > afterburner","vector > afterburner > deadeye","equal within numerical tolerance","eligibility and base stats only; combat interactions require separate checks"
"2.70.0","deadeye","Deadeye","mass-driver","Mass Driver","allowed with prerequisites","","deadeye > mass-driver","mass-driver > deadeye","equal within numerical tolerance","eligibility and base stats only; combat interactions require separate checks"
"2.70.0","deadeye","Deadeye","drop-forge","Drop Forge","allowed with prerequisites","","deadeye > mass-driver > drop-forge","mass-driver > drop-forge > deadeye","equal within numerical tolerance","eligibility and base stats only; combat interactions require separate checks"
"2.70.0","execute","Executioner","fold","Fold","allowed with prerequisites","","deadeye > execute > fold","fold > deadeye > execute","equal within numerical tolerance","eligibility and base stats only; combat interactions require separate checks"
"2.70.0","execute","Executioner","shellshock","Shellshock","blocked","different paths: demolition + precision","deadeye > execute > shellshock","shellshock > deadeye > execute","not applicable","eligibility and base stats only; combat interactions require separate checks"
"2.70.0","execute","Executioner","blast-surf","Blast surfing","blocked","different paths: demolition + precision","deadeye > execute > shellshock > blast-surf","shellshock > blast-surf > deadeye > execute","not applicable","eligibility and base stats only; combat interactions require separate checks"
"2.70.0","execute","Executioner","aftershock","Aftershock","blocked","different paths: demolition + precision","deadeye > execute > shellshock > aftershock","shellshock > aftershock > deadeye > execute","not applicable","eligibility and base stats only; combat interactions require separate checks"
"2.70.0","execute","Executioner","chain-reaction","Chain reaction","blocked","different paths: demolition + precision","deadeye > execute > shellshock > chain-reaction","shellshock > chain-reaction > deadeye > execute","not applicable","eligibility and base stats only; combat interactions require separate checks"
"2.70.0","execute","Executioner","rewire","Rewire","allowed with prerequisites","","deadeye > execute > fold > rewire","fold > rewire > deadeye > execute","equal within numerical tolerance","eligibility and base stats only; combat interactions require separate checks"
"2.70.0","execute","Executioner","slingshot","Slingshot","allowed with prerequisites","","deadeye > execute > fold > slingshot","fold > slingshot > deadeye > execute","equal within numerical tolerance","eligibility and base stats only; combat interactions require separate checks"
"2.70.0","execute","Executioner","redline","Redline","allowed with prerequisites","","deadeye > execute > kick > redline","kick > redline > deadeye > execute","equal within numerical tolerance","eligibility and base stats only; combat interactions require separate checks"
"2.70.0","execute","Executioner","breach","Breach","allowed with prerequisites","","deadeye > execute > backblast > breach","backblast > breach > deadeye > execute","equal within numerical tolerance","eligibility and base stats only; combat interactions require separate checks"
"2.70.0","execute","Executioner","shatter","Shatter","allowed with prerequisites","","deadeye > execute > split > shatter","split > shatter > deadeye > execute","equal within numerical tolerance","eligibility and base stats only; combat interactions require separate checks"
"2.70.0","execute","Executioner","convergence","Convergence","blocked","different paths: bullet-hell + precision","deadeye > execute > crossfire > convergence","crossfire > convergence > deadeye > execute","not applicable","eligibility and base stats only; combat interactions require separate checks"
"2.70.0","execute","Executioner","deadlock","Deadlock","allowed with prerequisites","","deadeye > execute > deadlock","deadeye > deadlock > execute","equal within numerical tolerance","eligibility and base stats only; combat interactions require separate checks"
"2.70.0","execute","Executioner","shockfront","Shockfront","blocked","different paths: demolition + precision","deadeye > execute > shellshock > aftershock > shockfront","shellshock > aftershock > shockfront > deadeye > execute","not applicable","eligibility and base stats only; combat interactions require separate checks"
"2.70.0","execute","Executioner","backfire","Backfire","allowed with prerequisites","","deadeye > execute > backblast > backfire","backblast > backfire > deadeye > execute","equal within numerical tolerance","eligibility and base stats only; combat interactions require separate checks"
"2.70.0","execute","Executioner","recall","Recall","allowed with prerequisites","","deadeye > execute > recall","recall > deadeye > execute","equal within numerical tolerance","eligibility and base stats only; combat interactions require separate checks"
"2.70.0","execute","Executioner","homecoming","Homecoming","allowed with prerequisites","","deadeye > execute > recall > homecoming","recall > homecoming > deadeye > execute","equal within numerical tolerance","eligibility and base stats only; combat interactions require separate checks"
"2.70.0","execute","Executioner","capacitor","Capacitor","allowed with prerequisites","","deadeye > execute > capacitor","capacitor > deadeye > execute","equal within numerical tolerance","eligibility and base stats only; combat interactions require separate checks"
"2.70.0","execute","Executioner","reserve-cell","Reserve cell","allowed with prerequisites","","deadeye > execute > capacitor > reserve-cell","capacitor > reserve-cell > deadeye > execute","equal within numerical tolerance","eligibility and base stats only; combat interactions require separate checks"
"2.70.0","execute","Executioner","countershot","Countershot","allowed with prerequisites","","deadeye > execute > countershot","countershot > deadeye > execute","equal within numerical tolerance","eligibility and base stats only; combat interactions require separate checks"
"2.70.0","execute","Executioner","reprisal","Reprisal","allowed with prerequisites","","deadeye > execute > countershot > reprisal","countershot > reprisal > deadeye > execute","equal within numerical tolerance","eligibility and base stats only; combat interactions require separate checks"
"2.70.0","execute","Executioner","rivet","Rivet","allowed with prerequisites","","deadeye > execute > rivet","deadeye > rivet > execute","equal within numerical tolerance","eligibility and base stats only; combat interactions require separate checks"
"2.70.0","execute","Executioner","fracture","Fracture","allowed with prerequisites","","deadeye > execute > rivet > fracture","deadeye > rivet > fracture > execute","equal within numerical tolerance","eligibility and base stats only; combat interactions require separate checks"
"2.70.0","execute","Executioner","fuse","Fuse","blocked","different paths: demolition + precision","deadeye > execute > shellshock > fuse","shellshock > fuse > deadeye > execute","not applicable","eligibility and base stats only; combat interactions require separate checks"
"2.70.0","execute","Executioner","linked-fuse","Linked fuse","blocked","different paths: demolition + precision","deadeye > execute > shellshock > fuse > linked-fuse","shellshock > fuse > linked-fuse > deadeye > execute","not applicable","eligibility and base stats only; combat interactions require separate checks"
"2.70.0","execute","Executioner","afterimage","Afterimage","blocked","different paths: bullet-hell + precision","deadeye > execute > crossfire > afterimage","crossfire > afterimage > deadeye > execute","not applicable","eligibility and base stats only; combat interactions require separate checks"
"2.70.0","execute","Executioner","parallax","Parallax","blocked","different paths: bullet-hell + precision","deadeye > execute > crossfire > afterimage > parallax","crossfire > afterimage > parallax > deadeye > execute","not applicable","eligibility and base stats only; combat interactions require separate checks"
"2.70.0","execute","Executioner","rail-spike","Rail spike","allowed with prerequisites","","deadeye > execute > capacitor > rail-spike","deadeye > capacitor > rail-spike > execute","equal within numerical tolerance","eligibility and base stats only; combat interactions require separate checks"
"2.70.0","execute","Executioner","tether","Tether rounds","allowed with prerequisites","","deadeye > execute > tether","tether > deadeye > execute","equal within numerical tolerance","eligibility and base stats only; combat interactions require separate checks"
"2.70.0","execute","Executioner","snapback","Snapback","allowed with prerequisites","","deadeye > execute > tether > snapback","tether > snapback > deadeye > execute","equal within numerical tolerance","eligibility and base stats only; combat interactions require separate checks"
"2.70.0","execute","Executioner","orbit","Orbit","blocked","different paths: bullet-hell + precision","deadeye > execute > crossfire > recall > orbit","crossfire > recall > orbit > deadeye > execute","not applicable","eligibility and base stats only; combat interactions require separate checks"
"2.70.0","execute","Executioner","arc-coil","Arc Coil","allowed with prerequisites","","deadeye > execute > arc-coil","arc-coil > deadeye > execute","equal within numerical tolerance","eligibility and base stats only; combat interactions require separate checks"
"2.70.0","execute","Executioner","daisy-chain","Daisy Chain","allowed with prerequisites","","deadeye > execute > arc-coil > daisy-chain","arc-coil > daisy-chain > deadeye > execute","equal within numerical tolerance","eligibility and base stats only; combat interactions require separate checks"
"2.70.0","execute","Executioner","implosion","Implosion","blocked","different paths: demolition + precision","deadeye > execute > shellshock > fuse > implosion","shellshock > fuse > implosion > deadeye > execute","not applicable","eligibility and base stats only; combat interactions require separate checks"
"2.70.0","execute","Executioner","ramjet","Ramjet","allowed with prerequisites","","deadeye > execute > ramjet","ramjet > deadeye > execute","equal within numerical tolerance","eligibility and base stats only; combat interactions require separate checks"
"2.70.0","execute","Executioner","cinder","Cinder rounds","allowed with prerequisites","","deadeye > execute > cinder","cinder > deadeye > execute","equal within numerical tolerance","eligibility and base stats only; combat interactions require separate checks"
"2.70.0","execute","Executioner","crosswind","Crosswind","allowed with prerequisites","","deadeye > execute > crosswind","crosswind > deadeye > execute","equal within numerical tolerance","eligibility and base stats only; combat interactions require separate checks"
"2.70.0","execute","Executioner","wrecking-ball","Wrecking Ball","allowed with prerequisites","","deadeye > execute > ramjet > wrecking-ball","ramjet > wrecking-ball > deadeye > execute","equal within numerical tolerance","eligibility and base stats only; combat interactions require separate checks"
"2.70.0","execute","Executioner","flashpoint","Flashpoint","allowed with prerequisites","","deadeye > execute > cinder > flashpoint","cinder > flashpoint > deadeye > execute","equal within numerical tolerance","eligibility and base stats only; combat interactions require separate checks"
"2.70.0","execute","Executioner","slipstream","Slipstream","allowed with prerequisites","","deadeye > execute > crosswind > slipstream","crosswind > slipstream > deadeye > execute","equal within numerical tolerance","eligibility and base stats only; combat interactions require separate checks"
"2.70.0","execute","Executioner","grindshot","Grindshot","allowed with prerequisites","","deadeye > execute > grindshot","grindshot > deadeye > execute","equal within numerical tolerance","eligibility and base stats only; combat interactions require separate checks"
"2.70.0","execute","Executioner","corner-cutter","Corner Cutter","allowed with prerequisites","","deadeye > execute > grindshot > corner-cutter","grindshot > corner-cutter > deadeye > execute","equal within numerical tolerance","eligibility and base stats only; combat interactions require separate checks"
"2.70.0","execute","Executioner","tripwire","Tripwire","blocked","different paths: demolition + precision","deadeye > execute > tripwire","tripwire > deadeye > execute","not applicable","eligibility and base stats only; combat interactions require separate checks"
"2.70.0","execute","Executioner","tension","Tension","blocked","different paths: demolition + precision","deadeye > execute > tripwire > tension","tripwire > tension > deadeye > execute","not applicable","eligibility and base stats only; combat interactions require separate checks"
"2.70.0","execute","Executioner","cutting-torch","Cutting Torch","allowed with prerequisites","","deadeye > execute > cutting-torch","cutting-torch > deadeye > execute","equal within numerical tolerance","eligibility and base stats only; combat interactions require separate checks"
"2.70.0","execute","Executioner","thermal-runaway","Thermal Runaway","allowed with prerequisites","","deadeye > execute > cutting-torch > thermal-runaway","cutting-torch > thermal-runaway > deadeye > execute","equal within numerical tolerance","eligibility and base stats only; combat interactions require separate checks"
"2.70.0","execute","Executioner","vector","Vector rounds","allowed with prerequisites","","deadeye > execute > vector","vector > deadeye > execute","equal within numerical tolerance","eligibility and base stats only; combat interactions require separate checks"
"2.70.0","execute","Executioner","afterburner","Afterburner","allowed with prerequisites","","deadeye > execute > vector > afterburner","vector > afterburner > deadeye > execute","equal within numerical tolerance","eligibility and base stats only; combat interactions require separate checks"
"2.70.0","execute","Executioner","mass-driver","Mass Driver","allowed with prerequisites","","deadeye > execute > mass-driver","mass-driver > deadeye > execute","equal within numerical tolerance","eligibility and base stats only; combat interactions require separate checks"
"2.70.0","execute","Executioner","drop-forge","Drop Forge","allowed with prerequisites","","deadeye > execute > mass-driver > drop-forge","mass-driver > drop-forge > deadeye > execute","equal within numerical tolerance","eligibility and base stats only; combat interactions require separate checks"
"2.70.0","fold","Fold","shellshock","Shellshock","allowed with prerequisites","","fold > shellshock","shellshock > fold","equal within numerical tolerance","eligibility and base stats only; combat interactions require separate checks"
"2.70.0","fold","Fold","blast-surf","Blast surfing","allowed with prerequisites","","fold > shellshock > blast-surf","shellshock > blast-surf > fold","equal within numerical tolerance","eligibility and base stats only; combat interactions require separate checks"
"2.70.0","fold","Fold","aftershock","Aftershock","allowed with prerequisites","","fold > shellshock > aftershock","shellshock > aftershock > fold","equal within numerical tolerance","eligibility and base stats only; combat interactions require separate checks"
"2.70.0","fold","Fold","chain-reaction","Chain reaction","allowed with prerequisites","","fold > shellshock > chain-reaction","shellshock > chain-reaction > fold","equal within numerical tolerance","eligibility and base stats only; combat interactions require separate checks"
"2.70.0","fold","Fold","rewire","Rewire","allowed with prerequisites","","fold > rewire","fold > rewire","equal within numerical tolerance","eligibility and base stats only; combat interactions require separate checks"
"2.70.0","fold","Fold","slingshot","Slingshot","allowed with prerequisites","","fold > slingshot","fold > slingshot","equal within numerical tolerance","eligibility and base stats only; combat interactions require separate checks"
"2.70.0","fold","Fold","redline","Redline","allowed with prerequisites","","fold > kick > redline","kick > redline > fold","equal within numerical tolerance","eligibility and base stats only; combat interactions require separate checks"
"2.70.0","fold","Fold","breach","Breach","allowed with prerequisites","","fold > backblast > breach","backblast > breach > fold","equal within numerical tolerance","eligibility and base stats only; combat interactions require separate checks"
"2.70.0","fold","Fold","shatter","Shatter","allowed with prerequisites","","fold > split > shatter","split > shatter > fold","equal within numerical tolerance","eligibility and base stats only; combat interactions require separate checks"
"2.70.0","fold","Fold","convergence","Convergence","allowed with prerequisites","","fold > crossfire > convergence","crossfire > convergence > fold","equal within numerical tolerance","eligibility and base stats only; combat interactions require separate checks"
"2.70.0","fold","Fold","deadlock","Deadlock","allowed with prerequisites","","fold > deadeye > deadlock","deadeye > deadlock > fold","equal within numerical tolerance","eligibility and base stats only; combat interactions require separate checks"
"2.70.0","fold","Fold","shockfront","Shockfront","allowed with prerequisites","","fold > shellshock > aftershock > shockfront","shellshock > aftershock > shockfront > fold","equal within numerical tolerance","eligibility and base stats only; combat interactions require separate checks"
"2.70.0","fold","Fold","backfire","Backfire","allowed with prerequisites","","fold > backblast > backfire","backblast > backfire > fold","equal within numerical tolerance","eligibility and base stats only; combat interactions require separate checks"
"2.70.0","fold","Fold","recall","Recall","allowed with prerequisites","","fold > recall","recall > fold","equal within numerical tolerance","eligibility and base stats only; combat interactions require separate checks"
"2.70.0","fold","Fold","homecoming","Homecoming","allowed with prerequisites","","fold > recall > homecoming","recall > homecoming > fold","equal within numerical tolerance","eligibility and base stats only; combat interactions require separate checks"
"2.70.0","fold","Fold","capacitor","Capacitor","allowed with prerequisites","","fold > capacitor","capacitor > fold","equal within numerical tolerance","eligibility and base stats only; combat interactions require separate checks"
"2.70.0","fold","Fold","reserve-cell","Reserve cell","allowed with prerequisites","","fold > capacitor > reserve-cell","capacitor > reserve-cell > fold","equal within numerical tolerance","eligibility and base stats only; combat interactions require separate checks"
"2.70.0","fold","Fold","countershot","Countershot","allowed with prerequisites","","fold > countershot","countershot > fold","equal within numerical tolerance","eligibility and base stats only; combat interactions require separate checks"
"2.70.0","fold","Fold","reprisal","Reprisal","allowed with prerequisites","","fold > countershot > reprisal","countershot > reprisal > fold","equal within numerical tolerance","eligibility and base stats only; combat interactions require separate checks"
"2.70.0","fold","Fold","rivet","Rivet","allowed with prerequisites","","fold > deadeye > rivet","deadeye > rivet > fold","equal within numerical tolerance","eligibility and base stats only; combat interactions require separate checks"
"2.70.0","fold","Fold","fracture","Fracture","allowed with prerequisites","","fold > deadeye > rivet > fracture","deadeye > rivet > fracture > fold","equal within numerical tolerance","eligibility and base stats only; combat interactions require separate checks"
"2.70.0","fold","Fold","fuse","Fuse","allowed with prerequisites","","fold > shellshock > fuse","shellshock > fuse > fold","equal within numerical tolerance","eligibility and base stats only; combat interactions require separate checks"
"2.70.0","fold","Fold","linked-fuse","Linked fuse","allowed with prerequisites","","fold > shellshock > fuse > linked-fuse","shellshock > fuse > linked-fuse > fold","equal within numerical tolerance","eligibility and base stats only; combat interactions require separate checks"
"2.70.0","fold","Fold","afterimage","Afterimage","allowed with prerequisites","","fold > crossfire > afterimage","crossfire > afterimage > fold","equal within numerical tolerance","eligibility and base stats only; combat interactions require separate checks"
"2.70.0","fold","Fold","parallax","Parallax","allowed with prerequisites","","fold > crossfire > afterimage > parallax","crossfire > afterimage > parallax > fold","equal within numerical tolerance","eligibility and base stats only; combat interactions require separate checks"
"2.70.0","fold","Fold","rail-spike","Rail spike","allowed with prerequisites","","fold > deadeye > capacitor > rail-spike","deadeye > capacitor > rail-spike > fold","equal within numerical tolerance","eligibility and base stats only; combat interactions require separate checks"
"2.70.0","fold","Fold","tether","Tether rounds","allowed with prerequisites","","fold > tether","tether > fold","equal within numerical tolerance","eligibility and base stats only; combat interactions require separate checks"
"2.70.0","fold","Fold","snapback","Snapback","allowed with prerequisites","","fold > tether > snapback","tether > snapback > fold","equal within numerical tolerance","eligibility and base stats only; combat interactions require separate checks"
"2.70.0","fold","Fold","orbit","Orbit","allowed with prerequisites","","fold > crossfire > recall > orbit","crossfire > recall > orbit > fold","equal within numerical tolerance","eligibility and base stats only; combat interactions require separate checks"
"2.70.0","fold","Fold","arc-coil","Arc Coil","allowed with prerequisites","","fold > arc-coil","arc-coil > fold","equal within numerical tolerance","eligibility and base stats only; combat interactions require separate checks"
"2.70.0","fold","Fold","daisy-chain","Daisy Chain","allowed with prerequisites","","fold > arc-coil > daisy-chain","arc-coil > daisy-chain > fold","equal within numerical tolerance","eligibility and base stats only; combat interactions require separate checks"
"2.70.0","fold","Fold","implosion","Implosion","allowed with prerequisites","","fold > shellshock > fuse > implosion","shellshock > fuse > implosion > fold","equal within numerical tolerance","eligibility and base stats only; combat interactions require separate checks"
"2.70.0","fold","Fold","ramjet","Ramjet","allowed with prerequisites","","fold > ramjet","ramjet > fold","equal within numerical tolerance","eligibility and base stats only; combat interactions require separate checks"
"2.70.0","fold","Fold","cinder","Cinder rounds","allowed with prerequisites","","fold > cinder","cinder > fold","equal within numerical tolerance","eligibility and base stats only; combat interactions require separate checks"
"2.70.0","fold","Fold","crosswind","Crosswind","allowed with prerequisites","","fold > crosswind","crosswind > fold","equal within numerical tolerance","eligibility and base stats only; combat interactions require separate checks"
"2.70.0","fold","Fold","wrecking-ball","Wrecking Ball","allowed with prerequisites","","fold > ramjet > wrecking-ball","ramjet > wrecking-ball > fold","equal within numerical tolerance","eligibility and base stats only; combat interactions require separate checks"
"2.70.0","fold","Fold","flashpoint","Flashpoint","allowed with prerequisites","","fold > cinder > flashpoint","cinder > flashpoint > fold","equal within numerical tolerance","eligibility and base stats only; combat interactions require separate checks"
"2.70.0","fold","Fold","slipstream","Slipstream","allowed with prerequisites","","fold > crosswind > slipstream","crosswind > slipstream > fold","equal within numerical tolerance","eligibility and base stats only; combat interactions require separate checks"
"2.70.0","fold","Fold","grindshot","Grindshot","allowed with prerequisites","","fold > grindshot","grindshot > fold","equal within numerical tolerance","eligibility and base stats only; combat interactions require separate checks"
"2.70.0","fold","Fold","corner-cutter","Corner Cutter","allowed with prerequisites","","fold > grindshot > corner-cutter","grindshot > corner-cutter > fold","equal within numerical tolerance","eligibility and base stats only; combat interactions require separate checks"
"2.70.0","fold","Fold","tripwire","Tripwire","allowed with prerequisites","","fold > tripwire","tripwire > fold","equal within numerical tolerance","eligibility and base stats only; combat interactions require separate checks"
"2.70.0","fold","Fold","tension","Tension","allowed with prerequisites","","fold > tripwire > tension","tripwire > tension > fold","equal within numerical tolerance","eligibility and base stats only; combat interactions require separate checks"
"2.70.0","fold","Fold","cutting-torch","Cutting Torch","allowed with prerequisites","","fold > cutting-torch","cutting-torch > fold","equal within numerical tolerance","eligibility and base stats only; combat interactions require separate checks"
"2.70.0","fold","Fold","thermal-runaway","Thermal Runaway","allowed with prerequisites","","fold > cutting-torch > thermal-runaway","cutting-torch > thermal-runaway > fold","equal within numerical tolerance","eligibility and base stats only; combat interactions require separate checks"
"2.70.0","fold","Fold","vector","Vector rounds","allowed with prerequisites","","fold > vector","vector > fold","equal within numerical tolerance","eligibility and base stats only; combat interactions require separate checks"
"2.70.0","fold","Fold","afterburner","Afterburner","allowed with prerequisites","","fold > vector > afterburner","vector > afterburner > fold","equal within numerical tolerance","eligibility and base stats only; combat interactions require separate checks"
"2.70.0","fold","Fold","mass-driver","Mass Driver","allowed with prerequisites","","fold > mass-driver","mass-driver > fold","equal within numerical tolerance","eligibility and base stats only; combat interactions require separate checks"
"2.70.0","fold","Fold","drop-forge","Drop Forge","allowed with prerequisites","","fold > mass-driver > drop-forge","mass-driver > drop-forge > fold","equal within numerical tolerance","eligibility and base stats only; combat interactions require separate checks"
"2.70.0","shellshock","Shellshock","blast-surf","Blast surfing","allowed with prerequisites","","shellshock > blast-surf","shellshock > blast-surf","equal within numerical tolerance","eligibility and base stats only; combat interactions require separate checks"
"2.70.0","shellshock","Shellshock","aftershock","Aftershock","allowed with prerequisites","","shellshock > aftershock","shellshock > aftershock","equal within numerical tolerance","eligibility and base stats only; combat interactions require separate checks"
"2.70.0","shellshock","Shellshock","chain-reaction","Chain reaction","allowed with prerequisites","","shellshock > chain-reaction","shellshock > chain-reaction","equal within numerical tolerance","eligibility and base stats only; combat interactions require separate checks"
"2.70.0","shellshock","Shellshock","rewire","Rewire","allowed with prerequisites","","shellshock > fold > rewire","fold > rewire > shellshock","equal within numerical tolerance","eligibility and base stats only; combat interactions require separate checks"
"2.70.0","shellshock","Shellshock","slingshot","Slingshot","allowed with prerequisites","","shellshock > fold > slingshot","fold > slingshot > shellshock","equal within numerical tolerance","eligibility and base stats only; combat interactions require separate checks"
"2.70.0","shellshock","Shellshock","redline","Redline","allowed with prerequisites","","shellshock > kick > redline","kick > redline > shellshock","equal within numerical tolerance","eligibility and base stats only; combat interactions require separate checks"
"2.70.0","shellshock","Shellshock","breach","Breach","allowed with prerequisites","","shellshock > backblast > breach","backblast > breach > shellshock","equal within numerical tolerance","eligibility and base stats only; combat interactions require separate checks"
"2.70.0","shellshock","Shellshock","shatter","Shatter","allowed with prerequisites","","shellshock > split > shatter","split > shatter > shellshock","equal within numerical tolerance","eligibility and base stats only; combat interactions require separate checks"
"2.70.0","shellshock","Shellshock","convergence","Convergence","blocked","different paths: bullet-hell + demolition","shellshock > crossfire > convergence","crossfire > convergence > shellshock","not applicable","eligibility and base stats only; combat interactions require separate checks"
"2.70.0","shellshock","Shellshock","deadlock","Deadlock","blocked","different paths: demolition + precision","shellshock > deadeye > deadlock","deadeye > deadlock > shellshock","not applicable","eligibility and base stats only; combat interactions require separate checks"
"2.70.0","shellshock","Shellshock","shockfront","Shockfront","allowed with prerequisites","","shellshock > aftershock > shockfront","shellshock > aftershock > shockfront","equal within numerical tolerance","eligibility and base stats only; combat interactions require separate checks"
"2.70.0","shellshock","Shellshock","backfire","Backfire","allowed with prerequisites","","shellshock > backblast > backfire","backblast > backfire > shellshock","equal within numerical tolerance","eligibility and base stats only; combat interactions require separate checks"
"2.70.0","shellshock","Shellshock","recall","Recall","allowed with prerequisites","","shellshock > recall","recall > shellshock","equal within numerical tolerance","eligibility and base stats only; combat interactions require separate checks"
"2.70.0","shellshock","Shellshock","homecoming","Homecoming","allowed with prerequisites","","shellshock > recall > homecoming","recall > homecoming > shellshock","equal within numerical tolerance","eligibility and base stats only; combat interactions require separate checks"
"2.70.0","shellshock","Shellshock","capacitor","Capacitor","allowed with prerequisites","","shellshock > capacitor","capacitor > shellshock","equal within numerical tolerance","eligibility and base stats only; combat interactions require separate checks"
"2.70.0","shellshock","Shellshock","reserve-cell","Reserve cell","allowed with prerequisites","","shellshock > capacitor > reserve-cell","capacitor > reserve-cell > shellshock","equal within numerical tolerance","eligibility and base stats only; combat interactions require separate checks"
"2.70.0","shellshock","Shellshock","countershot","Countershot","allowed with prerequisites","","shellshock > countershot","countershot > shellshock","equal within numerical tolerance","eligibility and base stats only; combat interactions require separate checks"
"2.70.0","shellshock","Shellshock","reprisal","Reprisal","allowed with prerequisites","","shellshock > countershot > reprisal","countershot > reprisal > shellshock","equal within numerical tolerance","eligibility and base stats only; combat interactions require separate checks"
"2.70.0","shellshock","Shellshock","rivet","Rivet","blocked","different paths: demolition + precision","shellshock > deadeye > rivet","deadeye > rivet > shellshock","not applicable","eligibility and base stats only; combat interactions require separate checks"
"2.70.0","shellshock","Shellshock","fracture","Fracture","blocked","different paths: demolition + precision","shellshock > deadeye > rivet > fracture","deadeye > rivet > fracture > shellshock","not applicable","eligibility and base stats only; combat interactions require separate checks"
"2.70.0","shellshock","Shellshock","fuse","Fuse","allowed with prerequisites","","shellshock > fuse","shellshock > fuse","equal within numerical tolerance","eligibility and base stats only; combat interactions require separate checks"
"2.70.0","shellshock","Shellshock","linked-fuse","Linked fuse","allowed with prerequisites","","shellshock > fuse > linked-fuse","shellshock > fuse > linked-fuse","equal within numerical tolerance","eligibility and base stats only; combat interactions require separate checks"
"2.70.0","shellshock","Shellshock","afterimage","Afterimage","blocked","different paths: bullet-hell + demolition","shellshock > crossfire > afterimage","crossfire > afterimage > shellshock","not applicable","eligibility and base stats only; combat interactions require separate checks"
"2.70.0","shellshock","Shellshock","parallax","Parallax","blocked","different paths: bullet-hell + demolition","shellshock > crossfire > afterimage > parallax","crossfire > afterimage > parallax > shellshock","not applicable","eligibility and base stats only; combat interactions require separate checks"
"2.70.0","shellshock","Shellshock","rail-spike","Rail spike","blocked","different paths: demolition + precision","shellshock > deadeye > capacitor > rail-spike","deadeye > capacitor > rail-spike > shellshock","not applicable","eligibility and base stats only; combat interactions require separate checks"
"2.70.0","shellshock","Shellshock","tether","Tether rounds","allowed with prerequisites","","shellshock > tether","tether > shellshock","equal within numerical tolerance","eligibility and base stats only; combat interactions require separate checks"
"2.70.0","shellshock","Shellshock","snapback","Snapback","allowed with prerequisites","","shellshock > tether > snapback","tether > snapback > shellshock","equal within numerical tolerance","eligibility and base stats only; combat interactions require separate checks"
"2.70.0","shellshock","Shellshock","orbit","Orbit","blocked","different paths: bullet-hell + demolition","shellshock > crossfire > recall > orbit","crossfire > recall > orbit > shellshock","not applicable","eligibility and base stats only; combat interactions require separate checks"
"2.70.0","shellshock","Shellshock","arc-coil","Arc Coil","allowed with prerequisites","","shellshock > arc-coil","arc-coil > shellshock","equal within numerical tolerance","eligibility and base stats only; combat interactions require separate checks"
"2.70.0","shellshock","Shellshock","daisy-chain","Daisy Chain","allowed with prerequisites","","shellshock > arc-coil > daisy-chain","arc-coil > daisy-chain > shellshock","equal within numerical tolerance","eligibility and base stats only; combat interactions require separate checks"
"2.70.0","shellshock","Shellshock","implosion","Implosion","allowed with prerequisites","","shellshock > fuse > implosion","shellshock > fuse > implosion","equal within numerical tolerance","eligibility and base stats only; combat interactions require separate checks"
"2.70.0","shellshock","Shellshock","ramjet","Ramjet","allowed with prerequisites","","shellshock > ramjet","ramjet > shellshock","equal within numerical tolerance","eligibility and base stats only; combat interactions require separate checks"
"2.70.0","shellshock","Shellshock","cinder","Cinder rounds","allowed with prerequisites","","shellshock > cinder","cinder > shellshock","equal within numerical tolerance","eligibility and base stats only; combat interactions require separate checks"
"2.70.0","shellshock","Shellshock","crosswind","Crosswind","allowed with prerequisites","","shellshock > crosswind","crosswind > shellshock","equal within numerical tolerance","eligibility and base stats only; combat interactions require separate checks"
"2.70.0","shellshock","Shellshock","wrecking-ball","Wrecking Ball","allowed with prerequisites","","shellshock > ramjet > wrecking-ball","ramjet > wrecking-ball > shellshock","equal within numerical tolerance","eligibility and base stats only; combat interactions require separate checks"
"2.70.0","shellshock","Shellshock","flashpoint","Flashpoint","allowed with prerequisites","","shellshock > cinder > flashpoint","cinder > flashpoint > shellshock","equal within numerical tolerance","eligibility and base stats only; combat interactions require separate checks"
"2.70.0","shellshock","Shellshock","slipstream","Slipstream","allowed with prerequisites","","shellshock > crosswind > slipstream","crosswind > slipstream > shellshock","equal within numerical tolerance","eligibility and base stats only; combat interactions require separate checks"
"2.70.0","shellshock","Shellshock","grindshot","Grindshot","allowed with prerequisites","","shellshock > grindshot","grindshot > shellshock","equal within numerical tolerance","eligibility and base stats only; combat interactions require separate checks"
"2.70.0","shellshock","Shellshock","corner-cutter","Corner Cutter","allowed with prerequisites","","shellshock > grindshot > corner-cutter","grindshot > corner-cutter > shellshock","equal within numerical tolerance","eligibility and base stats only; combat interactions require separate checks"
"2.70.0","shellshock","Shellshock","tripwire","Tripwire","allowed with prerequisites","","shellshock > tripwire","tripwire > shellshock","equal within numerical tolerance","eligibility and base stats only; combat interactions require separate checks"
"2.70.0","shellshock","Shellshock","tension","Tension","allowed with prerequisites","","shellshock > tripwire > tension","tripwire > tension > shellshock","equal within numerical tolerance","eligibility and base stats only; combat interactions require separate checks"
"2.70.0","shellshock","Shellshock","cutting-torch","Cutting Torch","blocked","different paths: demolition + precision","shellshock > cutting-torch","cutting-torch > shellshock","not applicable","eligibility and base stats only; combat interactions require separate checks"
"2.70.0","shellshock","Shellshock","thermal-runaway","Thermal Runaway","blocked","different paths: demolition + precision","shellshock > cutting-torch > thermal-runaway","cutting-torch > thermal-runaway > shellshock","not applicable","eligibility and base stats only; combat interactions require separate checks"
"2.70.0","shellshock","Shellshock","vector","Vector rounds","allowed with prerequisites","","shellshock > vector","vector > shellshock","equal within numerical tolerance","eligibility and base stats only; combat interactions require separate checks"
"2.70.0","shellshock","Shellshock","afterburner","Afterburner","allowed with prerequisites","","shellshock > vector > afterburner","vector > afterburner > shellshock","equal within numerical tolerance","eligibility and base stats only; combat interactions require separate checks"
"2.70.0","shellshock","Shellshock","mass-driver","Mass Driver","allowed with prerequisites","","shellshock > mass-driver","mass-driver > shellshock","equal within numerical tolerance","eligibility and base stats only; combat interactions require separate checks"
"2.70.0","shellshock","Shellshock","drop-forge","Drop Forge","allowed with prerequisites","","shellshock > mass-driver > drop-forge","mass-driver > drop-forge > shellshock","equal within numerical tolerance","eligibility and base stats only; combat interactions require separate checks"
"2.70.0","blast-surf","Blast surfing","aftershock","Aftershock","allowed with prerequisites","","shellshock > blast-surf > aftershock","shellshock > aftershock > blast-surf","equal within numerical tolerance","eligibility and base stats only; combat interactions require separate checks"
"2.70.0","blast-surf","Blast surfing","chain-reaction","Chain reaction","allowed with prerequisites","","shellshock > blast-surf > chain-reaction","shellshock > chain-reaction > blast-surf","equal within numerical tolerance","eligibility and base stats only; combat interactions require separate checks"
"2.70.0","blast-surf","Blast surfing","rewire","Rewire","allowed with prerequisites","","shellshock > blast-surf > fold > rewire","fold > rewire > shellshock > blast-surf","equal within numerical tolerance","eligibility and base stats only; combat interactions require separate checks"
"2.70.0","blast-surf","Blast surfing","slingshot","Slingshot","allowed with prerequisites","","shellshock > blast-surf > fold > slingshot","fold > slingshot > shellshock > blast-surf","equal within numerical tolerance","eligibility and base stats only; combat interactions require separate checks"
"2.70.0","blast-surf","Blast surfing","redline","Redline","allowed with prerequisites","","shellshock > blast-surf > kick > redline","kick > redline > shellshock > blast-surf","equal within numerical tolerance","eligibility and base stats only; combat interactions require separate checks"
"2.70.0","blast-surf","Blast surfing","breach","Breach","allowed with prerequisites","","shellshock > blast-surf > backblast > breach","backblast > breach > shellshock > blast-surf","equal within numerical tolerance","eligibility and base stats only; combat interactions require separate checks"
"2.70.0","blast-surf","Blast surfing","shatter","Shatter","allowed with prerequisites","","shellshock > blast-surf > split > shatter","split > shatter > shellshock > blast-surf","equal within numerical tolerance","eligibility and base stats only; combat interactions require separate checks"
"2.70.0","blast-surf","Blast surfing","convergence","Convergence","blocked","different paths: bullet-hell + demolition","shellshock > blast-surf > crossfire > convergence","crossfire > convergence > shellshock > blast-surf","not applicable","eligibility and base stats only; combat interactions require separate checks"
"2.70.0","blast-surf","Blast surfing","deadlock","Deadlock","blocked","different paths: demolition + precision","shellshock > blast-surf > deadeye > deadlock","deadeye > deadlock > shellshock > blast-surf","not applicable","eligibility and base stats only; combat interactions require separate checks"
"2.70.0","blast-surf","Blast surfing","shockfront","Shockfront","allowed with prerequisites","","shellshock > blast-surf > aftershock > shockfront","shellshock > aftershock > shockfront > blast-surf","equal within numerical tolerance","eligibility and base stats only; combat interactions require separate checks"
"2.70.0","blast-surf","Blast surfing","backfire","Backfire","allowed with prerequisites","","shellshock > blast-surf > backblast > backfire","backblast > backfire > shellshock > blast-surf","equal within numerical tolerance","eligibility and base stats only; combat interactions require separate checks"
"2.70.0","blast-surf","Blast surfing","recall","Recall","allowed with prerequisites","","shellshock > blast-surf > recall","recall > shellshock > blast-surf","equal within numerical tolerance","eligibility and base stats only; combat interactions require separate checks"
"2.70.0","blast-surf","Blast surfing","homecoming","Homecoming","allowed with prerequisites","","shellshock > blast-surf > recall > homecoming","recall > homecoming > shellshock > blast-surf","equal within numerical tolerance","eligibility and base stats only; combat interactions require separate checks"
"2.70.0","blast-surf","Blast surfing","capacitor","Capacitor","allowed with prerequisites","","shellshock > blast-surf > capacitor","capacitor > shellshock > blast-surf","equal within numerical tolerance","eligibility and base stats only; combat interactions require separate checks"
"2.70.0","blast-surf","Blast surfing","reserve-cell","Reserve cell","allowed with prerequisites","","shellshock > blast-surf > capacitor > reserve-cell","capacitor > reserve-cell > shellshock > blast-surf","equal within numerical tolerance","eligibility and base stats only; combat interactions require separate checks"
"2.70.0","blast-surf","Blast surfing","countershot","Countershot","allowed with prerequisites","","shellshock > blast-surf > countershot","countershot > shellshock > blast-surf","equal within numerical tolerance","eligibility and base stats only; combat interactions require separate checks"
"2.70.0","blast-surf","Blast surfing","reprisal","Reprisal","allowed with prerequisites","","shellshock > blast-surf > countershot > reprisal","countershot > reprisal > shellshock > blast-surf","equal within numerical tolerance","eligibility and base stats only; combat interactions require separate checks"
"2.70.0","blast-surf","Blast surfing","rivet","Rivet","blocked","different paths: demolition + precision","shellshock > blast-surf > deadeye > rivet","deadeye > rivet > shellshock > blast-surf","not applicable","eligibility and base stats only; combat interactions require separate checks"
"2.70.0","blast-surf","Blast surfing","fracture","Fracture","blocked","different paths: demolition + precision","shellshock > blast-surf > deadeye > rivet > fracture","deadeye > rivet > fracture > shellshock > blast-surf","not applicable","eligibility and base stats only; combat interactions require separate checks"
"2.70.0","blast-surf","Blast surfing","fuse","Fuse","allowed with prerequisites","","shellshock > blast-surf > fuse","shellshock > fuse > blast-surf","equal within numerical tolerance","eligibility and base stats only; combat interactions require separate checks"
"2.70.0","blast-surf","Blast surfing","linked-fuse","Linked fuse","allowed with prerequisites","","shellshock > blast-surf > fuse > linked-fuse","shellshock > fuse > linked-fuse > blast-surf","equal within numerical tolerance","eligibility and base stats only; combat interactions require separate checks"
"2.70.0","blast-surf","Blast surfing","afterimage","Afterimage","blocked","different paths: bullet-hell + demolition","shellshock > blast-surf > crossfire > afterimage","crossfire > afterimage > shellshock > blast-surf","not applicable","eligibility and base stats only; combat interactions require separate checks"
"2.70.0","blast-surf","Blast surfing","parallax","Parallax","blocked","different paths: bullet-hell + demolition","shellshock > blast-surf > crossfire > afterimage > parallax","crossfire > afterimage > parallax > shellshock > blast-surf","not applicable","eligibility and base stats only; combat interactions require separate checks"
"2.70.0","blast-surf","Blast surfing","rail-spike","Rail spike","blocked","different paths: demolition + precision","shellshock > blast-surf > deadeye > capacitor > rail-spike","deadeye > capacitor > rail-spike > shellshock > blast-surf","not applicable","eligibility and base stats only; combat interactions require separate checks"
"2.70.0","blast-surf","Blast surfing","tether","Tether rounds","allowed with prerequisites","","shellshock > blast-surf > tether","tether > shellshock > blast-surf","equal within numerical tolerance","eligibility and base stats only; combat interactions require separate checks"
"2.70.0","blast-surf","Blast surfing","snapback","Snapback","allowed with prerequisites","","shellshock > blast-surf > tether > snapback","tether > snapback > shellshock > blast-surf","equal within numerical tolerance","eligibility and base stats only; combat interactions require separate checks"
"2.70.0","blast-surf","Blast surfing","orbit","Orbit","blocked","different paths: bullet-hell + demolition","shellshock > blast-surf > crossfire > recall > orbit","crossfire > recall > orbit > shellshock > blast-surf","not applicable","eligibility and base stats only; combat interactions require separate checks"
"2.70.0","blast-surf","Blast surfing","arc-coil","Arc Coil","allowed with prerequisites","","shellshock > blast-surf > arc-coil","arc-coil > shellshock > blast-surf","equal within numerical tolerance","eligibility and base stats only; combat interactions require separate checks"
"2.70.0","blast-surf","Blast surfing","daisy-chain","Daisy Chain","allowed with prerequisites","","shellshock > blast-surf > arc-coil > daisy-chain","arc-coil > daisy-chain > shellshock > blast-surf","equal within numerical tolerance","eligibility and base stats only; combat interactions require separate checks"
"2.70.0","blast-surf","Blast surfing","implosion","Implosion","allowed with prerequisites","","shellshock > blast-surf > fuse > implosion","shellshock > fuse > implosion > blast-surf","equal within numerical tolerance","eligibility and base stats only; combat interactions require separate checks"
"2.70.0","blast-surf","Blast surfing","ramjet","Ramjet","allowed with prerequisites","","shellshock > blast-surf > ramjet","ramjet > shellshock > blast-surf","equal within numerical tolerance","eligibility and base stats only; combat interactions require separate checks"
"2.70.0","blast-surf","Blast surfing","cinder","Cinder rounds","allowed with prerequisites","","shellshock > blast-surf > cinder","cinder > shellshock > blast-surf","equal within numerical tolerance","eligibility and base stats only; combat interactions require separate checks"
"2.70.0","blast-surf","Blast surfing","crosswind","Crosswind","allowed with prerequisites","","shellshock > blast-surf > crosswind","crosswind > shellshock > blast-surf","equal within numerical tolerance","eligibility and base stats only; combat interactions require separate checks"
"2.70.0","blast-surf","Blast surfing","wrecking-ball","Wrecking Ball","allowed with prerequisites","","shellshock > blast-surf > ramjet > wrecking-ball","ramjet > wrecking-ball > shellshock > blast-surf","equal within numerical tolerance","eligibility and base stats only; combat interactions require separate checks"
"2.70.0","blast-surf","Blast surfing","flashpoint","Flashpoint","allowed with prerequisites","","shellshock > blast-surf > cinder > flashpoint","cinder > flashpoint > shellshock > blast-surf","equal within numerical tolerance","eligibility and base stats only; combat interactions require separate checks"
"2.70.0","blast-surf","Blast surfing","slipstream","Slipstream","allowed with prerequisites","","shellshock > blast-surf > crosswind > slipstream","crosswind > slipstream > shellshock > blast-surf","equal within numerical tolerance","eligibility and base stats only; combat interactions require separate checks"
"2.70.0","blast-surf","Blast surfing","grindshot","Grindshot","allowed with prerequisites","","shellshock > blast-surf > grindshot","grindshot > shellshock > blast-surf","equal within numerical tolerance","eligibility and base stats only; combat interactions require separate checks"
"2.70.0","blast-surf","Blast surfing","corner-cutter","Corner Cutter","allowed with prerequisites","","shellshock > blast-surf > grindshot > corner-cutter","grindshot > corner-cutter > shellshock > blast-surf","equal within numerical tolerance","eligibility and base stats only; combat interactions require separate checks"
"2.70.0","blast-surf","Blast surfing","tripwire","Tripwire","allowed with prerequisites","","shellshock > blast-surf > tripwire","tripwire > shellshock > blast-surf","equal within numerical tolerance","eligibility and base stats only; combat interactions require separate checks"
"2.70.0","blast-surf","Blast surfing","tension","Tension","allowed with prerequisites","","shellshock > blast-surf > tripwire > tension","tripwire > tension > shellshock > blast-surf","equal within numerical tolerance","eligibility and base stats only; combat interactions require separate checks"
"2.70.0","blast-surf","Blast surfing","cutting-torch","Cutting Torch","blocked","different paths: demolition + precision","shellshock > blast-surf > cutting-torch","cutting-torch > shellshock > blast-surf","not applicable","eligibility and base stats only; combat interactions require separate checks"
"2.70.0","blast-surf","Blast surfing","thermal-runaway","Thermal Runaway","blocked","different paths: demolition + precision","shellshock > blast-surf > cutting-torch > thermal-runaway","cutting-torch > thermal-runaway > shellshock > blast-surf","not applicable","eligibility and base stats only; combat interactions require separate checks"
"2.70.0","blast-surf","Blast surfing","vector","Vector rounds","allowed with prerequisites","","shellshock > blast-surf > vector","vector > shellshock > blast-surf","equal within numerical tolerance","eligibility and base stats only; combat interactions require separate checks"
"2.70.0","blast-surf","Blast surfing","afterburner","Afterburner","allowed with prerequisites","","shellshock > blast-surf > vector > afterburner","vector > afterburner > shellshock > blast-surf","equal within numerical tolerance","eligibility and base stats only; combat interactions require separate checks"
"2.70.0","blast-surf","Blast surfing","mass-driver","Mass Driver","allowed with prerequisites","","shellshock > blast-surf > mass-driver","mass-driver > shellshock > blast-surf","equal within numerical tolerance","eligibility and base stats only; combat interactions require separate checks"
"2.70.0","blast-surf","Blast surfing","drop-forge","Drop Forge","allowed with prerequisites","","shellshock > blast-surf > mass-driver > drop-forge","mass-driver > drop-forge > shellshock > blast-surf","equal within numerical tolerance","eligibility and base stats only; combat interactions require separate checks"
"2.70.0","aftershock","Aftershock","chain-reaction","Chain reaction","allowed with prerequisites","","shellshock > aftershock > chain-reaction","shellshock > chain-reaction > aftershock","equal within numerical tolerance","eligibility and base stats only; combat interactions require separate checks"
"2.70.0","aftershock","Aftershock","rewire","Rewire","allowed with prerequisites","","shellshock > aftershock > fold > rewire","fold > rewire > shellshock > aftershock","equal within numerical tolerance","eligibility and base stats only; combat interactions require separate checks"
"2.70.0","aftershock","Aftershock","slingshot","Slingshot","allowed with prerequisites","","shellshock > aftershock > fold > slingshot","fold > slingshot > shellshock > aftershock","equal within numerical tolerance","eligibility and base stats only; combat interactions require separate checks"
"2.70.0","aftershock","Aftershock","redline","Redline","allowed with prerequisites","","shellshock > aftershock > kick > redline","kick > redline > shellshock > aftershock","equal within numerical tolerance","eligibility and base stats only; combat interactions require separate checks"
"2.70.0","aftershock","Aftershock","breach","Breach","allowed with prerequisites","","shellshock > aftershock > backblast > breach","backblast > breach > shellshock > aftershock","equal within numerical tolerance","eligibility and base stats only; combat interactions require separate checks"
"2.70.0","aftershock","Aftershock","shatter","Shatter","allowed with prerequisites","","shellshock > aftershock > split > shatter","split > shatter > shellshock > aftershock","equal within numerical tolerance","eligibility and base stats only; combat interactions require separate checks"
"2.70.0","aftershock","Aftershock","convergence","Convergence","blocked","different paths: bullet-hell + demolition","shellshock > aftershock > crossfire > convergence","crossfire > convergence > shellshock > aftershock","not applicable","eligibility and base stats only; combat interactions require separate checks"
"2.70.0","aftershock","Aftershock","deadlock","Deadlock","blocked","different paths: demolition + precision","shellshock > aftershock > deadeye > deadlock","deadeye > deadlock > shellshock > aftershock","not applicable","eligibility and base stats only; combat interactions require separate checks"
"2.70.0","aftershock","Aftershock","shockfront","Shockfront","allowed with prerequisites","","shellshock > aftershock > shockfront","shellshock > aftershock > shockfront","equal within numerical tolerance","eligibility and base stats only; combat interactions require separate checks"
"2.70.0","aftershock","Aftershock","backfire","Backfire","allowed with prerequisites","","shellshock > aftershock > backblast > backfire","backblast > backfire > shellshock > aftershock","equal within numerical tolerance","eligibility and base stats only; combat interactions require separate checks"
"2.70.0","aftershock","Aftershock","recall","Recall","allowed with prerequisites","","shellshock > aftershock > recall","recall > shellshock > aftershock","equal within numerical tolerance","eligibility and base stats only; combat interactions require separate checks"
"2.70.0","aftershock","Aftershock","homecoming","Homecoming","allowed with prerequisites","","shellshock > aftershock > recall > homecoming","recall > homecoming > shellshock > aftershock","equal within numerical tolerance","eligibility and base stats only; combat interactions require separate checks"
"2.70.0","aftershock","Aftershock","capacitor","Capacitor","allowed with prerequisites","","shellshock > aftershock > capacitor","capacitor > shellshock > aftershock","equal within numerical tolerance","eligibility and base stats only; combat interactions require separate checks"
"2.70.0","aftershock","Aftershock","reserve-cell","Reserve cell","allowed with prerequisites","","shellshock > aftershock > capacitor > reserve-cell","capacitor > reserve-cell > shellshock > aftershock","equal within numerical tolerance","eligibility and base stats only; combat interactions require separate checks"
"2.70.0","aftershock","Aftershock","countershot","Countershot","allowed with prerequisites","","shellshock > aftershock > countershot","countershot > shellshock > aftershock","equal within numerical tolerance","eligibility and base stats only; combat interactions require separate checks"
"2.70.0","aftershock","Aftershock","reprisal","Reprisal","allowed with prerequisites","","shellshock > aftershock > countershot > reprisal","countershot > reprisal > shellshock > aftershock","equal within numerical tolerance","eligibility and base stats only; combat interactions require separate checks"
"2.70.0","aftershock","Aftershock","rivet","Rivet","blocked","different paths: demolition + precision","shellshock > aftershock > deadeye > rivet","deadeye > rivet > shellshock > aftershock","not applicable","eligibility and base stats only; combat interactions require separate checks"
"2.70.0","aftershock","Aftershock","fracture","Fracture","blocked","different paths: demolition + precision","shellshock > aftershock > deadeye > rivet > fracture","deadeye > rivet > fracture > shellshock > aftershock","not applicable","eligibility and base stats only; combat interactions require separate checks"
"2.70.0","aftershock","Aftershock","fuse","Fuse","allowed with prerequisites","","shellshock > aftershock > fuse","shellshock > fuse > aftershock","equal within numerical tolerance","eligibility and base stats only; combat interactions require separate checks"
"2.70.0","aftershock","Aftershock","linked-fuse","Linked fuse","allowed with prerequisites","","shellshock > aftershock > fuse > linked-fuse","shellshock > fuse > linked-fuse > aftershock","equal within numerical tolerance","eligibility and base stats only; combat interactions require separate checks"
"2.70.0","aftershock","Aftershock","afterimage","Afterimage","blocked","different paths: bullet-hell + demolition","shellshock > aftershock > crossfire > afterimage","crossfire > afterimage > shellshock > aftershock","not applicable","eligibility and base stats only; combat interactions require separate checks"
"2.70.0","aftershock","Aftershock","parallax","Parallax","blocked","different paths: bullet-hell + demolition","shellshock > aftershock > crossfire > afterimage > parallax","crossfire > afterimage > parallax > shellshock > aftershock","not applicable","eligibility and base stats only; combat interactions require separate checks"
"2.70.0","aftershock","Aftershock","rail-spike","Rail spike","blocked","different paths: demolition + precision","shellshock > aftershock > deadeye > capacitor > rail-spike","deadeye > capacitor > rail-spike > shellshock > aftershock","not applicable","eligibility and base stats only; combat interactions require separate checks"
"2.70.0","aftershock","Aftershock","tether","Tether rounds","allowed with prerequisites","","shellshock > aftershock > tether","tether > shellshock > aftershock","equal within numerical tolerance","eligibility and base stats only; combat interactions require separate checks"
"2.70.0","aftershock","Aftershock","snapback","Snapback","allowed with prerequisites","","shellshock > aftershock > tether > snapback","tether > snapback > shellshock > aftershock","equal within numerical tolerance","eligibility and base stats only; combat interactions require separate checks"
"2.70.0","aftershock","Aftershock","orbit","Orbit","blocked","different paths: bullet-hell + demolition","shellshock > aftershock > crossfire > recall > orbit","crossfire > recall > orbit > shellshock > aftershock","not applicable","eligibility and base stats only; combat interactions require separate checks"
"2.70.0","aftershock","Aftershock","arc-coil","Arc Coil","allowed with prerequisites","","shellshock > aftershock > arc-coil","arc-coil > shellshock > aftershock","equal within numerical tolerance","eligibility and base stats only; combat interactions require separate checks"
"2.70.0","aftershock","Aftershock","daisy-chain","Daisy Chain","allowed with prerequisites","","shellshock > aftershock > arc-coil > daisy-chain","arc-coil > daisy-chain > shellshock > aftershock","equal within numerical tolerance","eligibility and base stats only; combat interactions require separate checks"
"2.70.0","aftershock","Aftershock","implosion","Implosion","allowed with prerequisites","","shellshock > aftershock > fuse > implosion","shellshock > fuse > implosion > aftershock","equal within numerical tolerance","eligibility and base stats only; combat interactions require separate checks"
"2.70.0","aftershock","Aftershock","ramjet","Ramjet","allowed with prerequisites","","shellshock > aftershock > ramjet","ramjet > shellshock > aftershock","equal within numerical tolerance","eligibility and base stats only; combat interactions require separate checks"
"2.70.0","aftershock","Aftershock","cinder","Cinder rounds","allowed with prerequisites","","shellshock > aftershock > cinder","cinder > shellshock > aftershock","equal within numerical tolerance","eligibility and base stats only; combat interactions require separate checks"
"2.70.0","aftershock","Aftershock","crosswind","Crosswind","allowed with prerequisites","","shellshock > aftershock > crosswind","crosswind > shellshock > aftershock","equal within numerical tolerance","eligibility and base stats only; combat interactions require separate checks"
"2.70.0","aftershock","Aftershock","wrecking-ball","Wrecking Ball","allowed with prerequisites","","shellshock > aftershock > ramjet > wrecking-ball","ramjet > wrecking-ball > shellshock > aftershock","equal within numerical tolerance","eligibility and base stats only; combat interactions require separate checks"
"2.70.0","aftershock","Aftershock","flashpoint","Flashpoint","allowed with prerequisites","","shellshock > aftershock > cinder > flashpoint","cinder > flashpoint > shellshock > aftershock","equal within numerical tolerance","eligibility and base stats only; combat interactions require separate checks"
"2.70.0","aftershock","Aftershock","slipstream","Slipstream","allowed with prerequisites","","shellshock > aftershock > crosswind > slipstream","crosswind > slipstream > shellshock > aftershock","equal within numerical tolerance","eligibility and base stats only; combat interactions require separate checks"
"2.70.0","aftershock","Aftershock","grindshot","Grindshot","allowed with prerequisites","","shellshock > aftershock > grindshot","grindshot > shellshock > aftershock","equal within numerical tolerance","eligibility and base stats only; combat interactions require separate checks"
"2.70.0","aftershock","Aftershock","corner-cutter","Corner Cutter","allowed with prerequisites","","shellshock > aftershock > grindshot > corner-cutter","grindshot > corner-cutter > shellshock > aftershock","equal within numerical tolerance","eligibility and base stats only; combat interactions require separate checks"
"2.70.0","aftershock","Aftershock","tripwire","Tripwire","allowed with prerequisites","","shellshock > aftershock > tripwire","tripwire > shellshock > aftershock","equal within numerical tolerance","eligibility and base stats only; combat interactions require separate checks"
"2.70.0","aftershock","Aftershock","tension","Tension","allowed with prerequisites","","shellshock > aftershock > tripwire > tension","tripwire > tension > shellshock > aftershock","equal within numerical tolerance","eligibility and base stats only; combat interactions require separate checks"
"2.70.0","aftershock","Aftershock","cutting-torch","Cutting Torch","blocked","different paths: demolition + precision","shellshock > aftershock > cutting-torch","cutting-torch > shellshock > aftershock","not applicable","eligibility and base stats only; combat interactions require separate checks"
"2.70.0","aftershock","Aftershock","thermal-runaway","Thermal Runaway","blocked","different paths: demolition + precision","shellshock > aftershock > cutting-torch > thermal-runaway","cutting-torch > thermal-runaway > shellshock > aftershock","not applicable","eligibility and base stats only; combat interactions require separate checks"
"2.70.0","aftershock","Aftershock","vector","Vector rounds","allowed with prerequisites","","shellshock > aftershock > vector","vector > shellshock > aftershock","equal within numerical tolerance","eligibility and base stats only; combat interactions require separate checks"
"2.70.0","aftershock","Aftershock","afterburner","Afterburner","allowed with prerequisites","","shellshock > aftershock > vector > afterburner","vector > afterburner > shellshock > aftershock","equal within numerical tolerance","eligibility and base stats only; combat interactions require separate checks"
"2.70.0","aftershock","Aftershock","mass-driver","Mass Driver","allowed with prerequisites","","shellshock > aftershock > mass-driver","mass-driver > shellshock > aftershock","equal within numerical tolerance","eligibility and base stats only; combat interactions require separate checks"
"2.70.0","aftershock","Aftershock","drop-forge","Drop Forge","allowed with prerequisites","","shellshock > aftershock > mass-driver > drop-forge","mass-driver > drop-forge > shellshock > aftershock","equal within numerical tolerance","eligibility and base stats only; combat interactions require separate checks"
"2.70.0","chain-reaction","Chain reaction","rewire","Rewire","allowed with prerequisites","","shellshock > chain-reaction > fold > rewire","fold > rewire > shellshock > chain-reaction","equal within numerical tolerance","eligibility and base stats only; combat interactions require separate checks"
"2.70.0","chain-reaction","Chain reaction","slingshot","Slingshot","allowed with prerequisites","","shellshock > chain-reaction > fold > slingshot","fold > slingshot > shellshock > chain-reaction","equal within numerical tolerance","eligibility and base stats only; combat interactions require separate checks"
"2.70.0","chain-reaction","Chain reaction","redline","Redline","allowed with prerequisites","","shellshock > chain-reaction > kick > redline","kick > redline > shellshock > chain-reaction","equal within numerical tolerance","eligibility and base stats only; combat interactions require separate checks"
"2.70.0","chain-reaction","Chain reaction","breach","Breach","allowed with prerequisites","","shellshock > chain-reaction > backblast > breach","backblast > breach > shellshock > chain-reaction","equal within numerical tolerance","eligibility and base stats only; combat interactions require separate checks"
"2.70.0","chain-reaction","Chain reaction","shatter","Shatter","allowed with prerequisites","","shellshock > chain-reaction > split > shatter","split > shatter > shellshock > chain-reaction","equal within numerical tolerance","eligibility and base stats only; combat interactions require separate checks"
"2.70.0","chain-reaction","Chain reaction","convergence","Convergence","blocked","different paths: bullet-hell + demolition","shellshock > chain-reaction > crossfire > convergence","crossfire > convergence > shellshock > chain-reaction","not applicable","eligibility and base stats only; combat interactions require separate checks"
"2.70.0","chain-reaction","Chain reaction","deadlock","Deadlock","blocked","different paths: demolition + precision","shellshock > chain-reaction > deadeye > deadlock","deadeye > deadlock > shellshock > chain-reaction","not applicable","eligibility and base stats only; combat interactions require separate checks"
"2.70.0","chain-reaction","Chain reaction","shockfront","Shockfront","allowed with prerequisites","","shellshock > chain-reaction > aftershock > shockfront","shellshock > aftershock > shockfront > chain-reaction","equal within numerical tolerance","eligibility and base stats only; combat interactions require separate checks"
"2.70.0","chain-reaction","Chain reaction","backfire","Backfire","allowed with prerequisites","","shellshock > chain-reaction > backblast > backfire","backblast > backfire > shellshock > chain-reaction","equal within numerical tolerance","eligibility and base stats only; combat interactions require separate checks"
"2.70.0","chain-reaction","Chain reaction","recall","Recall","allowed with prerequisites","","shellshock > chain-reaction > recall","recall > shellshock > chain-reaction","equal within numerical tolerance","eligibility and base stats only; combat interactions require separate checks"
"2.70.0","chain-reaction","Chain reaction","homecoming","Homecoming","allowed with prerequisites","","shellshock > chain-reaction > recall > homecoming","recall > homecoming > shellshock > chain-reaction","equal within numerical tolerance","eligibility and base stats only; combat interactions require separate checks"
"2.70.0","chain-reaction","Chain reaction","capacitor","Capacitor","allowed with prerequisites","","shellshock > chain-reaction > capacitor","capacitor > shellshock > chain-reaction","equal within numerical tolerance","eligibility and base stats only; combat interactions require separate checks"
"2.70.0","chain-reaction","Chain reaction","reserve-cell","Reserve cell","allowed with prerequisites","","shellshock > chain-reaction > capacitor > reserve-cell","capacitor > reserve-cell > shellshock > chain-reaction","equal within numerical tolerance","eligibility and base stats only; combat interactions require separate checks"
"2.70.0","chain-reaction","Chain reaction","countershot","Countershot","allowed with prerequisites","","shellshock > chain-reaction > countershot","countershot > shellshock > chain-reaction","equal within numerical tolerance","eligibility and base stats only; combat interactions require separate checks"
"2.70.0","chain-reaction","Chain reaction","reprisal","Reprisal","allowed with prerequisites","","shellshock > chain-reaction > countershot > reprisal","countershot > reprisal > shellshock > chain-reaction","equal within numerical tolerance","eligibility and base stats only; combat interactions require separate checks"
"2.70.0","chain-reaction","Chain reaction","rivet","Rivet","blocked","different paths: demolition + precision","shellshock > chain-reaction > deadeye > rivet","deadeye > rivet > shellshock > chain-reaction","not applicable","eligibility and base stats only; combat interactions require separate checks"
"2.70.0","chain-reaction","Chain reaction","fracture","Fracture","blocked","different paths: demolition + precision","shellshock > chain-reaction > deadeye > rivet > fracture","deadeye > rivet > fracture > shellshock > chain-reaction","not applicable","eligibility and base stats only; combat interactions require separate checks"
"2.70.0","chain-reaction","Chain reaction","fuse","Fuse","allowed with prerequisites","","shellshock > chain-reaction > fuse","shellshock > fuse > chain-reaction","equal within numerical tolerance","eligibility and base stats only; combat interactions require separate checks"
"2.70.0","chain-reaction","Chain reaction","linked-fuse","Linked fuse","allowed with prerequisites","","shellshock > chain-reaction > fuse > linked-fuse","shellshock > fuse > linked-fuse > chain-reaction","equal within numerical tolerance","eligibility and base stats only; combat interactions require separate checks"
"2.70.0","chain-reaction","Chain reaction","afterimage","Afterimage","blocked","different paths: bullet-hell + demolition","shellshock > chain-reaction > crossfire > afterimage","crossfire > afterimage > shellshock > chain-reaction","not applicable","eligibility and base stats only; combat interactions require separate checks"
"2.70.0","chain-reaction","Chain reaction","parallax","Parallax","blocked","different paths: bullet-hell + demolition","shellshock > chain-reaction > crossfire > afterimage > parallax","crossfire > afterimage > parallax > shellshock > chain-reaction","not applicable","eligibility and base stats only; combat interactions require separate checks"
"2.70.0","chain-reaction","Chain reaction","rail-spike","Rail spike","blocked","different paths: demolition + precision","shellshock > chain-reaction > deadeye > capacitor > rail-spike","deadeye > capacitor > rail-spike > shellshock > chain-reaction","not applicable","eligibility and base stats only; combat interactions require separate checks"
"2.70.0","chain-reaction","Chain reaction","tether","Tether rounds","allowed with prerequisites","","shellshock > chain-reaction > tether","tether > shellshock > chain-reaction","equal within numerical tolerance","eligibility and base stats only; combat interactions require separate checks"
"2.70.0","chain-reaction","Chain reaction","snapback","Snapback","allowed with prerequisites","","shellshock > chain-reaction > tether > snapback","tether > snapback > shellshock > chain-reaction","equal within numerical tolerance","eligibility and base stats only; combat interactions require separate checks"
"2.70.0","chain-reaction","Chain reaction","orbit","Orbit","blocked","different paths: bullet-hell + demolition","shellshock > chain-reaction > crossfire > recall > orbit","crossfire > recall > orbit > shellshock > chain-reaction","not applicable","eligibility and base stats only; combat interactions require separate checks"
"2.70.0","chain-reaction","Chain reaction","arc-coil","Arc Coil","allowed with prerequisites","","shellshock > chain-reaction > arc-coil","arc-coil > shellshock > chain-reaction","equal within numerical tolerance","eligibility and base stats only; combat interactions require separate checks"
"2.70.0","chain-reaction","Chain reaction","daisy-chain","Daisy Chain","allowed with prerequisites","","shellshock > chain-reaction > arc-coil > daisy-chain","arc-coil > daisy-chain > shellshock > chain-reaction","equal within numerical tolerance","eligibility and base stats only; combat interactions require separate checks"
"2.70.0","chain-reaction","Chain reaction","implosion","Implosion","allowed with prerequisites","","shellshock > chain-reaction > fuse > implosion","shellshock > fuse > implosion > chain-reaction","equal within numerical tolerance","eligibility and base stats only; combat interactions require separate checks"
"2.70.0","chain-reaction","Chain reaction","ramjet","Ramjet","allowed with prerequisites","","shellshock > chain-reaction > ramjet","ramjet > shellshock > chain-reaction","equal within numerical tolerance","eligibility and base stats only; combat interactions require separate checks"
"2.70.0","chain-reaction","Chain reaction","cinder","Cinder rounds","allowed with prerequisites","","shellshock > chain-reaction > cinder","cinder > shellshock > chain-reaction","equal within numerical tolerance","eligibility and base stats only; combat interactions require separate checks"
"2.70.0","chain-reaction","Chain reaction","crosswind","Crosswind","allowed with prerequisites","","shellshock > chain-reaction > crosswind","crosswind > shellshock > chain-reaction","equal within numerical tolerance","eligibility and base stats only; combat interactions require separate checks"
"2.70.0","chain-reaction","Chain reaction","wrecking-ball","Wrecking Ball","allowed with prerequisites","","shellshock > chain-reaction > ramjet > wrecking-ball","ramjet > wrecking-ball > shellshock > chain-reaction","equal within numerical tolerance","eligibility and base stats only; combat interactions require separate checks"
"2.70.0","chain-reaction","Chain reaction","flashpoint","Flashpoint","allowed with prerequisites","","shellshock > chain-reaction > cinder > flashpoint","cinder > flashpoint > shellshock > chain-reaction","equal within numerical tolerance","eligibility and base stats only; combat interactions require separate checks"
"2.70.0","chain-reaction","Chain reaction","slipstream","Slipstream","allowed with prerequisites","","shellshock > chain-reaction > crosswind > slipstream","crosswind > slipstream > shellshock > chain-reaction","equal within numerical tolerance","eligibility and base stats only; combat interactions require separate checks"
"2.70.0","chain-reaction","Chain reaction","grindshot","Grindshot","allowed with prerequisites","","shellshock > chain-reaction > grindshot","grindshot > shellshock > chain-reaction","equal within numerical tolerance","eligibility and base stats only; combat interactions require separate checks"
"2.70.0","chain-reaction","Chain reaction","corner-cutter","Corner Cutter","allowed with prerequisites","","shellshock > chain-reaction > grindshot > corner-cutter","grindshot > corner-cutter > shellshock > chain-reaction","equal within numerical tolerance","eligibility and base stats only; combat interactions require separate checks"
"2.70.0","chain-reaction","Chain reaction","tripwire","Tripwire","allowed with prerequisites","","shellshock > chain-reaction > tripwire","tripwire > shellshock > chain-reaction","equal within numerical tolerance","eligibility and base stats only; combat interactions require separate checks"
"2.70.0","chain-reaction","Chain reaction","tension","Tension","allowed with prerequisites","","shellshock > chain-reaction > tripwire > tension","tripwire > tension > shellshock > chain-reaction","equal within numerical tolerance","eligibility and base stats only; combat interactions require separate checks"
"2.70.0","chain-reaction","Chain reaction","cutting-torch","Cutting Torch","blocked","different paths: demolition + precision","shellshock > chain-reaction > cutting-torch","cutting-torch > shellshock > chain-reaction","not applicable","eligibility and base stats only; combat interactions require separate checks"
"2.70.0","chain-reaction","Chain reaction","thermal-runaway","Thermal Runaway","blocked","different paths: demolition + precision","shellshock > chain-reaction > cutting-torch > thermal-runaway","cutting-torch > thermal-runaway > shellshock > chain-reaction","not applicable","eligibility and base stats only; combat interactions require separate checks"
"2.70.0","chain-reaction","Chain reaction","vector","Vector rounds","allowed with prerequisites","","shellshock > chain-reaction > vector","vector > shellshock > chain-reaction","equal within numerical tolerance","eligibility and base stats only; combat interactions require separate checks"
"2.70.0","chain-reaction","Chain reaction","afterburner","Afterburner","allowed with prerequisites","","shellshock > chain-reaction > vector > afterburner","vector > afterburner > shellshock > chain-reaction","equal within numerical tolerance","eligibility and base stats only; combat interactions require separate checks"
"2.70.0","chain-reaction","Chain reaction","mass-driver","Mass Driver","allowed with prerequisites","","shellshock > chain-reaction > mass-driver","mass-driver > shellshock > chain-reaction","equal within numerical tolerance","eligibility and base stats only; combat interactions require separate checks"
"2.70.0","chain-reaction","Chain reaction","drop-forge","Drop Forge","allowed with prerequisites","","shellshock > chain-reaction > mass-driver > drop-forge","mass-driver > drop-forge > shellshock > chain-reaction","equal within numerical tolerance","eligibility and base stats only; combat interactions require separate checks"
"2.70.0","rewire","Rewire","slingshot","Slingshot","allowed with prerequisites","","fold > rewire > slingshot","fold > slingshot > rewire","equal within numerical tolerance","eligibility and base stats only; combat interactions require separate checks"
"2.70.0","rewire","Rewire","redline","Redline","allowed with prerequisites","","fold > rewire > kick > redline","kick > redline > fold > rewire","equal within numerical tolerance","eligibility and base stats only; combat interactions require separate checks"
"2.70.0","rewire","Rewire","breach","Breach","allowed with prerequisites","","fold > rewire > backblast > breach","backblast > breach > fold > rewire","equal within numerical tolerance","eligibility and base stats only; combat interactions require separate checks"
"2.70.0","rewire","Rewire","shatter","Shatter","allowed with prerequisites","","fold > rewire > split > shatter","split > shatter > fold > rewire","equal within numerical tolerance","eligibility and base stats only; combat interactions require separate checks"
"2.70.0","rewire","Rewire","convergence","Convergence","allowed with prerequisites","","fold > rewire > crossfire > convergence","crossfire > convergence > fold > rewire","equal within numerical tolerance","eligibility and base stats only; combat interactions require separate checks"
"2.70.0","rewire","Rewire","deadlock","Deadlock","allowed with prerequisites","","fold > rewire > deadeye > deadlock","deadeye > deadlock > fold > rewire","equal within numerical tolerance","eligibility and base stats only; combat interactions require separate checks"
"2.70.0","rewire","Rewire","shockfront","Shockfront","allowed with prerequisites","","fold > rewire > shellshock > aftershock > shockfront","shellshock > aftershock > shockfront > fold > rewire","equal within numerical tolerance","eligibility and base stats only; combat interactions require separate checks"
"2.70.0","rewire","Rewire","backfire","Backfire","allowed with prerequisites","","fold > rewire > backblast > backfire","backblast > backfire > fold > rewire","equal within numerical tolerance","eligibility and base stats only; combat interactions require separate checks"
"2.70.0","rewire","Rewire","recall","Recall","allowed with prerequisites","","fold > rewire > recall","recall > fold > rewire","equal within numerical tolerance","eligibility and base stats only; combat interactions require separate checks"
"2.70.0","rewire","Rewire","homecoming","Homecoming","allowed with prerequisites","","fold > rewire > recall > homecoming","recall > homecoming > fold > rewire","equal within numerical tolerance","eligibility and base stats only; combat interactions require separate checks"
"2.70.0","rewire","Rewire","capacitor","Capacitor","allowed with prerequisites","","fold > rewire > capacitor","capacitor > fold > rewire","equal within numerical tolerance","eligibility and base stats only; combat interactions require separate checks"
"2.70.0","rewire","Rewire","reserve-cell","Reserve cell","allowed with prerequisites","","fold > rewire > capacitor > reserve-cell","capacitor > reserve-cell > fold > rewire","equal within numerical tolerance","eligibility and base stats only; combat interactions require separate checks"
"2.70.0","rewire","Rewire","countershot","Countershot","allowed with prerequisites","","fold > rewire > countershot","countershot > fold > rewire","equal within numerical tolerance","eligibility and base stats only; combat interactions require separate checks"
"2.70.0","rewire","Rewire","reprisal","Reprisal","allowed with prerequisites","","fold > rewire > countershot > reprisal","countershot > reprisal > fold > rewire","equal within numerical tolerance","eligibility and base stats only; combat interactions require separate checks"
"2.70.0","rewire","Rewire","rivet","Rivet","allowed with prerequisites","","fold > rewire > deadeye > rivet","deadeye > rivet > fold > rewire","equal within numerical tolerance","eligibility and base stats only; combat interactions require separate checks"
"2.70.0","rewire","Rewire","fracture","Fracture","allowed with prerequisites","","fold > rewire > deadeye > rivet > fracture","deadeye > rivet > fracture > fold > rewire","equal within numerical tolerance","eligibility and base stats only; combat interactions require separate checks"
"2.70.0","rewire","Rewire","fuse","Fuse","allowed with prerequisites","","fold > rewire > shellshock > fuse","shellshock > fuse > fold > rewire","equal within numerical tolerance","eligibility and base stats only; combat interactions require separate checks"
"2.70.0","rewire","Rewire","linked-fuse","Linked fuse","allowed with prerequisites","","fold > rewire > shellshock > fuse > linked-fuse","shellshock > fuse > linked-fuse > fold > rewire","equal within numerical tolerance","eligibility and base stats only; combat interactions require separate checks"
"2.70.0","rewire","Rewire","afterimage","Afterimage","allowed with prerequisites","","fold > rewire > crossfire > afterimage","crossfire > afterimage > fold > rewire","equal within numerical tolerance","eligibility and base stats only; combat interactions require separate checks"
"2.70.0","rewire","Rewire","parallax","Parallax","allowed with prerequisites","","fold > rewire > crossfire > afterimage > parallax","crossfire > afterimage > parallax > fold > rewire","equal within numerical tolerance","eligibility and base stats only; combat interactions require separate checks"
"2.70.0","rewire","Rewire","rail-spike","Rail spike","allowed with prerequisites","","fold > rewire > deadeye > capacitor > rail-spike","deadeye > capacitor > rail-spike > fold > rewire","equal within numerical tolerance","eligibility and base stats only; combat interactions require separate checks"
"2.70.0","rewire","Rewire","tether","Tether rounds","allowed with prerequisites","","fold > rewire > tether","tether > fold > rewire","equal within numerical tolerance","eligibility and base stats only; combat interactions require separate checks"
"2.70.0","rewire","Rewire","snapback","Snapback","allowed with prerequisites","","fold > rewire > tether > snapback","tether > snapback > fold > rewire","equal within numerical tolerance","eligibility and base stats only; combat interactions require separate checks"
"2.70.0","rewire","Rewire","orbit","Orbit","allowed with prerequisites","","fold > rewire > crossfire > recall > orbit","crossfire > recall > orbit > fold > rewire","equal within numerical tolerance","eligibility and base stats only; combat interactions require separate checks"
"2.70.0","rewire","Rewire","arc-coil","Arc Coil","allowed with prerequisites","","fold > rewire > arc-coil","arc-coil > fold > rewire","equal within numerical tolerance","eligibility and base stats only; combat interactions require separate checks"
"2.70.0","rewire","Rewire","daisy-chain","Daisy Chain","allowed with prerequisites","","fold > rewire > arc-coil > daisy-chain","arc-coil > daisy-chain > fold > rewire","equal within numerical tolerance","eligibility and base stats only; combat interactions require separate checks"
"2.70.0","rewire","Rewire","implosion","Implosion","allowed with prerequisites","","fold > rewire > shellshock > fuse > implosion","shellshock > fuse > implosion > fold > rewire","equal within numerical tolerance","eligibility and base stats only; combat interactions require separate checks"
"2.70.0","rewire","Rewire","ramjet","Ramjet","allowed with prerequisites","","fold > rewire > ramjet","ramjet > fold > rewire","equal within numerical tolerance","eligibility and base stats only; combat interactions require separate checks"
"2.70.0","rewire","Rewire","cinder","Cinder rounds","allowed with prerequisites","","fold > rewire > cinder","cinder > fold > rewire","equal within numerical tolerance","eligibility and base stats only; combat interactions require separate checks"
"2.70.0","rewire","Rewire","crosswind","Crosswind","allowed with prerequisites","","fold > rewire > crosswind","crosswind > fold > rewire","equal within numerical tolerance","eligibility and base stats only; combat interactions require separate checks"
"2.70.0","rewire","Rewire","wrecking-ball","Wrecking Ball","allowed with prerequisites","","fold > rewire > ramjet > wrecking-ball","ramjet > wrecking-ball > fold > rewire","equal within numerical tolerance","eligibility and base stats only; combat interactions require separate checks"
"2.70.0","rewire","Rewire","flashpoint","Flashpoint","allowed with prerequisites","","fold > rewire > cinder > flashpoint","cinder > flashpoint > fold > rewire","equal within numerical tolerance","eligibility and base stats only; combat interactions require separate checks"
"2.70.0","rewire","Rewire","slipstream","Slipstream","allowed with prerequisites","","fold > rewire > crosswind > slipstream","crosswind > slipstream > fold > rewire","equal within numerical tolerance","eligibility and base stats only; combat interactions require separate checks"
"2.70.0","rewire","Rewire","grindshot","Grindshot","allowed with prerequisites","","fold > rewire > grindshot","grindshot > fold > rewire","equal within numerical tolerance","eligibility and base stats only; combat interactions require separate checks"
"2.70.0","rewire","Rewire","corner-cutter","Corner Cutter","allowed with prerequisites","","fold > rewire > grindshot > corner-cutter","grindshot > corner-cutter > fold > rewire","equal within numerical tolerance","eligibility and base stats only; combat interactions require separate checks"
"2.70.0","rewire","Rewire","tripwire","Tripwire","allowed with prerequisites","","fold > rewire > tripwire","tripwire > fold > rewire","equal within numerical tolerance","eligibility and base stats only; combat interactions require separate checks"
"2.70.0","rewire","Rewire","tension","Tension","allowed with prerequisites","","fold > rewire > tripwire > tension","tripwire > tension > fold > rewire","equal within numerical tolerance","eligibility and base stats only; combat interactions require separate checks"
"2.70.0","rewire","Rewire","cutting-torch","Cutting Torch","allowed with prerequisites","","fold > rewire > cutting-torch","cutting-torch > fold > rewire","equal within numerical tolerance","eligibility and base stats only; combat interactions require separate checks"
"2.70.0","rewire","Rewire","thermal-runaway","Thermal Runaway","allowed with prerequisites","","fold > rewire > cutting-torch > thermal-runaway","cutting-torch > thermal-runaway > fold > rewire","equal within numerical tolerance","eligibility and base stats only; combat interactions require separate checks"
"2.70.0","rewire","Rewire","vector","Vector rounds","allowed with prerequisites","","fold > rewire > vector","vector > fold > rewire","equal within numerical tolerance","eligibility and base stats only; combat interactions require separate checks"
"2.70.0","rewire","Rewire","afterburner","Afterburner","allowed with prerequisites","","fold > rewire > vector > afterburner","vector > afterburner > fold > rewire","equal within numerical tolerance","eligibility and base stats only; combat interactions require separate checks"
"2.70.0","rewire","Rewire","mass-driver","Mass Driver","allowed with prerequisites","","fold > rewire > mass-driver","mass-driver > fold > rewire","equal within numerical tolerance","eligibility and base stats only; combat interactions require separate checks"
"2.70.0","rewire","Rewire","drop-forge","Drop Forge","allowed with prerequisites","","fold > rewire > mass-driver > drop-forge","mass-driver > drop-forge > fold > rewire","equal within numerical tolerance","eligibility and base stats only; combat interactions require separate checks"
"2.70.0","slingshot","Slingshot","redline","Redline","allowed with prerequisites","","fold > slingshot > kick > redline","kick > redline > fold > slingshot","equal within numerical tolerance","eligibility and base stats only; combat interactions require separate checks"
"2.70.0","slingshot","Slingshot","breach","Breach","allowed with prerequisites","","fold > slingshot > backblast > breach","backblast > breach > fold > slingshot","equal within numerical tolerance","eligibility and base stats only; combat interactions require separate checks"
"2.70.0","slingshot","Slingshot","shatter","Shatter","allowed with prerequisites","","fold > slingshot > split > shatter","split > shatter > fold > slingshot","equal within numerical tolerance","eligibility and base stats only; combat interactions require separate checks"
"2.70.0","slingshot","Slingshot","convergence","Convergence","allowed with prerequisites","","fold > slingshot > crossfire > convergence","crossfire > convergence > fold > slingshot","equal within numerical tolerance","eligibility and base stats only; combat interactions require separate checks"
"2.70.0","slingshot","Slingshot","deadlock","Deadlock","allowed with prerequisites","","fold > slingshot > deadeye > deadlock","deadeye > deadlock > fold > slingshot","equal within numerical tolerance","eligibility and base stats only; combat interactions require separate checks"
"2.70.0","slingshot","Slingshot","shockfront","Shockfront","allowed with prerequisites","","fold > slingshot > shellshock > aftershock > shockfront","shellshock > aftershock > shockfront > fold > slingshot","equal within numerical tolerance","eligibility and base stats only; combat interactions require separate checks"
"2.70.0","slingshot","Slingshot","backfire","Backfire","allowed with prerequisites","","fold > slingshot > backblast > backfire","backblast > backfire > fold > slingshot","equal within numerical tolerance","eligibility and base stats only; combat interactions require separate checks"
"2.70.0","slingshot","Slingshot","recall","Recall","allowed with prerequisites","","fold > slingshot > recall","recall > fold > slingshot","equal within numerical tolerance","eligibility and base stats only; combat interactions require separate checks"
"2.70.0","slingshot","Slingshot","homecoming","Homecoming","allowed with prerequisites","","fold > slingshot > recall > homecoming","recall > homecoming > fold > slingshot","equal within numerical tolerance","eligibility and base stats only; combat interactions require separate checks"
"2.70.0","slingshot","Slingshot","capacitor","Capacitor","allowed with prerequisites","","fold > slingshot > capacitor","capacitor > fold > slingshot","equal within numerical tolerance","eligibility and base stats only; combat interactions require separate checks"
"2.70.0","slingshot","Slingshot","reserve-cell","Reserve cell","allowed with prerequisites","","fold > slingshot > capacitor > reserve-cell","capacitor > reserve-cell > fold > slingshot","equal within numerical tolerance","eligibility and base stats only; combat interactions require separate checks"
"2.70.0","slingshot","Slingshot","countershot","Countershot","allowed with prerequisites","","fold > slingshot > countershot","countershot > fold > slingshot","equal within numerical tolerance","eligibility and base stats only; combat interactions require separate checks"
"2.70.0","slingshot","Slingshot","reprisal","Reprisal","allowed with prerequisites","","fold > slingshot > countershot > reprisal","countershot > reprisal > fold > slingshot","equal within numerical tolerance","eligibility and base stats only; combat interactions require separate checks"
"2.70.0","slingshot","Slingshot","rivet","Rivet","allowed with prerequisites","","fold > slingshot > deadeye > rivet","deadeye > rivet > fold > slingshot","equal within numerical tolerance","eligibility and base stats only; combat interactions require separate checks"
"2.70.0","slingshot","Slingshot","fracture","Fracture","allowed with prerequisites","","fold > slingshot > deadeye > rivet > fracture","deadeye > rivet > fracture > fold > slingshot","equal within numerical tolerance","eligibility and base stats only; combat interactions require separate checks"
"2.70.0","slingshot","Slingshot","fuse","Fuse","allowed with prerequisites","","fold > slingshot > shellshock > fuse","shellshock > fuse > fold > slingshot","equal within numerical tolerance","eligibility and base stats only; combat interactions require separate checks"
"2.70.0","slingshot","Slingshot","linked-fuse","Linked fuse","allowed with prerequisites","","fold > slingshot > shellshock > fuse > linked-fuse","shellshock > fuse > linked-fuse > fold > slingshot","equal within numerical tolerance","eligibility and base stats only; combat interactions require separate checks"
"2.70.0","slingshot","Slingshot","afterimage","Afterimage","allowed with prerequisites","","fold > slingshot > crossfire > afterimage","crossfire > afterimage > fold > slingshot","equal within numerical tolerance","eligibility and base stats only; combat interactions require separate checks"
"2.70.0","slingshot","Slingshot","parallax","Parallax","allowed with prerequisites","","fold > slingshot > crossfire > afterimage > parallax","crossfire > afterimage > parallax > fold > slingshot","equal within numerical tolerance","eligibility and base stats only; combat interactions require separate checks"
"2.70.0","slingshot","Slingshot","rail-spike","Rail spike","allowed with prerequisites","","fold > slingshot > deadeye > capacitor > rail-spike","deadeye > capacitor > rail-spike > fold > slingshot","equal within numerical tolerance","eligibility and base stats only; combat interactions require separate checks"
"2.70.0","slingshot","Slingshot","tether","Tether rounds","allowed with prerequisites","","fold > slingshot > tether","tether > fold > slingshot","equal within numerical tolerance","eligibility and base stats only; combat interactions require separate checks"
"2.70.0","slingshot","Slingshot","snapback","Snapback","allowed with prerequisites","","fold > slingshot > tether > snapback","tether > snapback > fold > slingshot","equal within numerical tolerance","eligibility and base stats only; combat interactions require separate checks"
"2.70.0","slingshot","Slingshot","orbit","Orbit","allowed with prerequisites","","fold > slingshot > crossfire > recall > orbit","crossfire > recall > orbit > fold > slingshot","equal within numerical tolerance","eligibility and base stats only; combat interactions require separate checks"
"2.70.0","slingshot","Slingshot","arc-coil","Arc Coil","allowed with prerequisites","","fold > slingshot > arc-coil","arc-coil > fold > slingshot","equal within numerical tolerance","eligibility and base stats only; combat interactions require separate checks"
"2.70.0","slingshot","Slingshot","daisy-chain","Daisy Chain","allowed with prerequisites","","fold > slingshot > arc-coil > daisy-chain","arc-coil > daisy-chain > fold > slingshot","equal within numerical tolerance","eligibility and base stats only; combat interactions require separate checks"
"2.70.0","slingshot","Slingshot","implosion","Implosion","allowed with prerequisites","","fold > slingshot > shellshock > fuse > implosion","shellshock > fuse > implosion > fold > slingshot","equal within numerical tolerance","eligibility and base stats only; combat interactions require separate checks"
"2.70.0","slingshot","Slingshot","ramjet","Ramjet","allowed with prerequisites","","fold > slingshot > ramjet","ramjet > fold > slingshot","equal within numerical tolerance","eligibility and base stats only; combat interactions require separate checks"
"2.70.0","slingshot","Slingshot","cinder","Cinder rounds","allowed with prerequisites","","fold > slingshot > cinder","cinder > fold > slingshot","equal within numerical tolerance","eligibility and base stats only; combat interactions require separate checks"
"2.70.0","slingshot","Slingshot","crosswind","Crosswind","allowed with prerequisites","","fold > slingshot > crosswind","crosswind > fold > slingshot","equal within numerical tolerance","eligibility and base stats only; combat interactions require separate checks"
"2.70.0","slingshot","Slingshot","wrecking-ball","Wrecking Ball","allowed with prerequisites","","fold > slingshot > ramjet > wrecking-ball","ramjet > wrecking-ball > fold > slingshot","equal within numerical tolerance","eligibility and base stats only; combat interactions require separate checks"
"2.70.0","slingshot","Slingshot","flashpoint","Flashpoint","allowed with prerequisites","","fold > slingshot > cinder > flashpoint","cinder > flashpoint > fold > slingshot","equal within numerical tolerance","eligibility and base stats only; combat interactions require separate checks"
"2.70.0","slingshot","Slingshot","slipstream","Slipstream","allowed with prerequisites","","fold > slingshot > crosswind > slipstream","crosswind > slipstream > fold > slingshot","equal within numerical tolerance","eligibility and base stats only; combat interactions require separate checks"
"2.70.0","slingshot","Slingshot","grindshot","Grindshot","allowed with prerequisites","","fold > slingshot > grindshot","grindshot > fold > slingshot","equal within numerical tolerance","eligibility and base stats only; combat interactions require separate checks"
"2.70.0","slingshot","Slingshot","corner-cutter","Corner Cutter","allowed with prerequisites","","fold > slingshot > grindshot > corner-cutter","grindshot > corner-cutter > fold > slingshot","equal within numerical tolerance","eligibility and base stats only; combat interactions require separate checks"
"2.70.0","slingshot","Slingshot","tripwire","Tripwire","allowed with prerequisites","","fold > slingshot > tripwire","tripwire > fold > slingshot","equal within numerical tolerance","eligibility and base stats only; combat interactions require separate checks"
"2.70.0","slingshot","Slingshot","tension","Tension","allowed with prerequisites","","fold > slingshot > tripwire > tension","tripwire > tension > fold > slingshot","equal within numerical tolerance","eligibility and base stats only; combat interactions require separate checks"
"2.70.0","slingshot","Slingshot","cutting-torch","Cutting Torch","allowed with prerequisites","","fold > slingshot > cutting-torch","cutting-torch > fold > slingshot","equal within numerical tolerance","eligibility and base stats only; combat interactions require separate checks"
"2.70.0","slingshot","Slingshot","thermal-runaway","Thermal Runaway","allowed with prerequisites","","fold > slingshot > cutting-torch > thermal-runaway","cutting-torch > thermal-runaway > fold > slingshot","equal within numerical tolerance","eligibility and base stats only; combat interactions require separate checks"
"2.70.0","slingshot","Slingshot","vector","Vector rounds","allowed with prerequisites","","fold > slingshot > vector","vector > fold > slingshot","equal within numerical tolerance","eligibility and base stats only; combat interactions require separate checks"
"2.70.0","slingshot","Slingshot","afterburner","Afterburner","allowed with prerequisites","","fold > slingshot > vector > afterburner","vector > afterburner > fold > slingshot","equal within numerical tolerance","eligibility and base stats only; combat interactions require separate checks"
"2.70.0","slingshot","Slingshot","mass-driver","Mass Driver","allowed with prerequisites","","fold > slingshot > mass-driver","mass-driver > fold > slingshot","equal within numerical tolerance","eligibility and base stats only; combat interactions require separate checks"
"2.70.0","slingshot","Slingshot","drop-forge","Drop Forge","allowed with prerequisites","","fold > slingshot > mass-driver > drop-forge","mass-driver > drop-forge > fold > slingshot","equal within numerical tolerance","eligibility and base stats only; combat interactions require separate checks"
"2.70.0","redline","Redline","breach","Breach","allowed with prerequisites","","kick > redline > backblast > breach","backblast > breach > kick > redline","equal within numerical tolerance","eligibility and base stats only; combat interactions require separate checks"
"2.70.0","redline","Redline","shatter","Shatter","allowed with prerequisites","","kick > redline > split > shatter","split > shatter > kick > redline","equal within numerical tolerance","eligibility and base stats only; combat interactions require separate checks"
"2.70.0","redline","Redline","convergence","Convergence","allowed with prerequisites","","kick > redline > crossfire > convergence","crossfire > convergence > kick > redline","equal within numerical tolerance","eligibility and base stats only; combat interactions require separate checks"
"2.70.0","redline","Redline","deadlock","Deadlock","allowed with prerequisites","","kick > redline > deadeye > deadlock","deadeye > deadlock > kick > redline","equal within numerical tolerance","eligibility and base stats only; combat interactions require separate checks"
"2.70.0","redline","Redline","shockfront","Shockfront","allowed with prerequisites","","kick > redline > shellshock > aftershock > shockfront","shellshock > aftershock > shockfront > kick > redline","equal within numerical tolerance","eligibility and base stats only; combat interactions require separate checks"
"2.70.0","redline","Redline","backfire","Backfire","allowed with prerequisites","","kick > redline > backblast > backfire","backblast > backfire > kick > redline","equal within numerical tolerance","eligibility and base stats only; combat interactions require separate checks"
"2.70.0","redline","Redline","recall","Recall","allowed with prerequisites","","kick > redline > recall","recall > kick > redline","equal within numerical tolerance","eligibility and base stats only; combat interactions require separate checks"
"2.70.0","redline","Redline","homecoming","Homecoming","allowed with prerequisites","","kick > redline > recall > homecoming","recall > homecoming > kick > redline","equal within numerical tolerance","eligibility and base stats only; combat interactions require separate checks"
"2.70.0","redline","Redline","capacitor","Capacitor","allowed with prerequisites","","kick > redline > capacitor","capacitor > kick > redline","equal within numerical tolerance","eligibility and base stats only; combat interactions require separate checks"
"2.70.0","redline","Redline","reserve-cell","Reserve cell","allowed with prerequisites","","kick > redline > capacitor > reserve-cell","capacitor > reserve-cell > kick > redline","equal within numerical tolerance","eligibility and base stats only; combat interactions require separate checks"
"2.70.0","redline","Redline","countershot","Countershot","allowed with prerequisites","","kick > redline > countershot","countershot > kick > redline","equal within numerical tolerance","eligibility and base stats only; combat interactions require separate checks"
"2.70.0","redline","Redline","reprisal","Reprisal","allowed with prerequisites","","kick > redline > countershot > reprisal","countershot > reprisal > kick > redline","equal within numerical tolerance","eligibility and base stats only; combat interactions require separate checks"
"2.70.0","redline","Redline","rivet","Rivet","allowed with prerequisites","","kick > redline > deadeye > rivet","deadeye > rivet > kick > redline","equal within numerical tolerance","eligibility and base stats only; combat interactions require separate checks"
"2.70.0","redline","Redline","fracture","Fracture","allowed with prerequisites","","kick > redline > deadeye > rivet > fracture","deadeye > rivet > fracture > kick > redline","equal within numerical tolerance","eligibility and base stats only; combat interactions require separate checks"
"2.70.0","redline","Redline","fuse","Fuse","allowed with prerequisites","","kick > redline > shellshock > fuse","shellshock > fuse > kick > redline","equal within numerical tolerance","eligibility and base stats only; combat interactions require separate checks"
"2.70.0","redline","Redline","linked-fuse","Linked fuse","allowed with prerequisites","","kick > redline > shellshock > fuse > linked-fuse","shellshock > fuse > linked-fuse > kick > redline","equal within numerical tolerance","eligibility and base stats only; combat interactions require separate checks"
"2.70.0","redline","Redline","afterimage","Afterimage","allowed with prerequisites","","kick > redline > crossfire > afterimage","crossfire > afterimage > kick > redline","equal within numerical tolerance","eligibility and base stats only; combat interactions require separate checks"
"2.70.0","redline","Redline","parallax","Parallax","allowed with prerequisites","","kick > redline > crossfire > afterimage > parallax","crossfire > afterimage > parallax > kick > redline","equal within numerical tolerance","eligibility and base stats only; combat interactions require separate checks"
"2.70.0","redline","Redline","rail-spike","Rail spike","allowed with prerequisites","","kick > redline > deadeye > capacitor > rail-spike","deadeye > capacitor > rail-spike > kick > redline","equal within numerical tolerance","eligibility and base stats only; combat interactions require separate checks"
"2.70.0","redline","Redline","tether","Tether rounds","allowed with prerequisites","","kick > redline > tether","tether > kick > redline","equal within numerical tolerance","eligibility and base stats only; combat interactions require separate checks"
"2.70.0","redline","Redline","snapback","Snapback","allowed with prerequisites","","kick > redline > tether > snapback","tether > snapback > kick > redline","equal within numerical tolerance","eligibility and base stats only; combat interactions require separate checks"
"2.70.0","redline","Redline","orbit","Orbit","allowed with prerequisites","","kick > redline > crossfire > recall > orbit","crossfire > recall > orbit > kick > redline","equal within numerical tolerance","eligibility and base stats only; combat interactions require separate checks"
"2.70.0","redline","Redline","arc-coil","Arc Coil","allowed with prerequisites","","kick > redline > arc-coil","arc-coil > kick > redline","equal within numerical tolerance","eligibility and base stats only; combat interactions require separate checks"
"2.70.0","redline","Redline","daisy-chain","Daisy Chain","allowed with prerequisites","","kick > redline > arc-coil > daisy-chain","arc-coil > daisy-chain > kick > redline","equal within numerical tolerance","eligibility and base stats only; combat interactions require separate checks"
"2.70.0","redline","Redline","implosion","Implosion","allowed with prerequisites","","kick > redline > shellshock > fuse > implosion","shellshock > fuse > implosion > kick > redline","equal within numerical tolerance","eligibility and base stats only; combat interactions require separate checks"
"2.70.0","redline","Redline","ramjet","Ramjet","allowed with prerequisites","","kick > redline > ramjet","ramjet > kick > redline","equal within numerical tolerance","eligibility and base stats only; combat interactions require separate checks"
"2.70.0","redline","Redline","cinder","Cinder rounds","allowed with prerequisites","","kick > redline > cinder","cinder > kick > redline","equal within numerical tolerance","eligibility and base stats only; combat interactions require separate checks"
"2.70.0","redline","Redline","crosswind","Crosswind","allowed with prerequisites","","kick > redline > crosswind","crosswind > kick > redline","equal within numerical tolerance","eligibility and base stats only; combat interactions require separate checks"
"2.70.0","redline","Redline","wrecking-ball","Wrecking Ball","allowed with prerequisites","","kick > redline > ramjet > wrecking-ball","ramjet > wrecking-ball > kick > redline","equal within numerical tolerance","eligibility and base stats only; combat interactions require separate checks"
"2.70.0","redline","Redline","flashpoint","Flashpoint","allowed with prerequisites","","kick > redline > cinder > flashpoint","cinder > flashpoint > kick > redline","equal within numerical tolerance","eligibility and base stats only; combat interactions require separate checks"
"2.70.0","redline","Redline","slipstream","Slipstream","allowed with prerequisites","","kick > redline > crosswind > slipstream","crosswind > slipstream > kick > redline","equal within numerical tolerance","eligibility and base stats only; combat interactions require separate checks"
"2.70.0","redline","Redline","grindshot","Grindshot","allowed with prerequisites","","kick > redline > grindshot","grindshot > kick > redline","equal within numerical tolerance","eligibility and base stats only; combat interactions require separate checks"
"2.70.0","redline","Redline","corner-cutter","Corner Cutter","allowed with prerequisites","","kick > redline > grindshot > corner-cutter","grindshot > corner-cutter > kick > redline","equal within numerical tolerance","eligibility and base stats only; combat interactions require separate checks"
"2.70.0","redline","Redline","tripwire","Tripwire","allowed with prerequisites","","kick > redline > tripwire","tripwire > kick > redline","equal within numerical tolerance","eligibility and base stats only; combat interactions require separate checks"
"2.70.0","redline","Redline","tension","Tension","allowed with prerequisites","","kick > redline > tripwire > tension","tripwire > tension > kick > redline","equal within numerical tolerance","eligibility and base stats only; combat interactions require separate checks"
"2.70.0","redline","Redline","cutting-torch","Cutting Torch","allowed with prerequisites","","kick > redline > cutting-torch","cutting-torch > kick > redline","equal within numerical tolerance","eligibility and base stats only; combat interactions require separate checks"
"2.70.0","redline","Redline","thermal-runaway","Thermal Runaway","allowed with prerequisites","","kick > redline > cutting-torch > thermal-runaway","cutting-torch > thermal-runaway > kick > redline","equal within numerical tolerance","eligibility and base stats only; combat interactions require separate checks"
"2.70.0","redline","Redline","vector","Vector rounds","allowed with prerequisites","","kick > redline > vector","vector > kick > redline","equal within numerical tolerance","eligibility and base stats only; combat interactions require separate checks"
"2.70.0","redline","Redline","afterburner","Afterburner","allowed with prerequisites","","kick > redline > vector > afterburner","vector > afterburner > kick > redline","equal within numerical tolerance","eligibility and base stats only; combat interactions require separate checks"
"2.70.0","redline","Redline","mass-driver","Mass Driver","allowed with prerequisites","","kick > redline > mass-driver","mass-driver > kick > redline","equal within numerical tolerance","eligibility and base stats only; combat interactions require separate checks"
"2.70.0","redline","Redline","drop-forge","Drop Forge","allowed with prerequisites","","kick > redline > mass-driver > drop-forge","mass-driver > drop-forge > kick > redline","equal within numerical tolerance","eligibility and base stats only; combat interactions require separate checks"
"2.70.0","breach","Breach","shatter","Shatter","allowed with prerequisites","","backblast > breach > split > shatter","split > shatter > backblast > breach","equal within numerical tolerance","eligibility and base stats only; combat interactions require separate checks"
"2.70.0","breach","Breach","convergence","Convergence","allowed with prerequisites","","backblast > breach > crossfire > convergence","crossfire > convergence > backblast > breach","equal within numerical tolerance","eligibility and base stats only; combat interactions require separate checks"
"2.70.0","breach","Breach","deadlock","Deadlock","allowed with prerequisites","","backblast > breach > deadeye > deadlock","deadeye > deadlock > backblast > breach","equal within numerical tolerance","eligibility and base stats only; combat interactions require separate checks"
"2.70.0","breach","Breach","shockfront","Shockfront","allowed with prerequisites","","backblast > breach > shellshock > aftershock > shockfront","shellshock > aftershock > shockfront > backblast > breach","equal within numerical tolerance","eligibility and base stats only; combat interactions require separate checks"
"2.70.0","breach","Breach","backfire","Backfire","allowed with prerequisites","","backblast > breach > backfire","backblast > backfire > breach","equal within numerical tolerance","eligibility and base stats only; combat interactions require separate checks"
"2.70.0","breach","Breach","recall","Recall","allowed with prerequisites","","backblast > breach > recall","recall > backblast > breach","equal within numerical tolerance","eligibility and base stats only; combat interactions require separate checks"
"2.70.0","breach","Breach","homecoming","Homecoming","allowed with prerequisites","","backblast > breach > recall > homecoming","recall > homecoming > backblast > breach","equal within numerical tolerance","eligibility and base stats only; combat interactions require separate checks"
"2.70.0","breach","Breach","capacitor","Capacitor","allowed with prerequisites","","backblast > breach > capacitor","capacitor > backblast > breach","equal within numerical tolerance","eligibility and base stats only; combat interactions require separate checks"
"2.70.0","breach","Breach","reserve-cell","Reserve cell","allowed with prerequisites","","backblast > breach > capacitor > reserve-cell","capacitor > reserve-cell > backblast > breach","equal within numerical tolerance","eligibility and base stats only; combat interactions require separate checks"
"2.70.0","breach","Breach","countershot","Countershot","allowed with prerequisites","","backblast > breach > countershot","countershot > backblast > breach","equal within numerical tolerance","eligibility and base stats only; combat interactions require separate checks"
"2.70.0","breach","Breach","reprisal","Reprisal","allowed with prerequisites","","backblast > breach > countershot > reprisal","countershot > reprisal > backblast > breach","equal within numerical tolerance","eligibility and base stats only; combat interactions require separate checks"
"2.70.0","breach","Breach","rivet","Rivet","allowed with prerequisites","","backblast > breach > deadeye > rivet","deadeye > rivet > backblast > breach","equal within numerical tolerance","eligibility and base stats only; combat interactions require separate checks"
"2.70.0","breach","Breach","fracture","Fracture","allowed with prerequisites","","backblast > breach > deadeye > rivet > fracture","deadeye > rivet > fracture > backblast > breach","equal within numerical tolerance","eligibility and base stats only; combat interactions require separate checks"
"2.70.0","breach","Breach","fuse","Fuse","allowed with prerequisites","","backblast > breach > shellshock > fuse","shellshock > fuse > backblast > breach","equal within numerical tolerance","eligibility and base stats only; combat interactions require separate checks"
"2.70.0","breach","Breach","linked-fuse","Linked fuse","allowed with prerequisites","","backblast > breach > shellshock > fuse > linked-fuse","shellshock > fuse > linked-fuse > backblast > breach","equal within numerical tolerance","eligibility and base stats only; combat interactions require separate checks"
"2.70.0","breach","Breach","afterimage","Afterimage","allowed with prerequisites","","backblast > breach > crossfire > afterimage","crossfire > afterimage > backblast > breach","equal within numerical tolerance","eligibility and base stats only; combat interactions require separate checks"
"2.70.0","breach","Breach","parallax","Parallax","allowed with prerequisites","","backblast > breach > crossfire > afterimage > parallax","crossfire > afterimage > parallax > backblast > breach","equal within numerical tolerance","eligibility and base stats only; combat interactions require separate checks"
"2.70.0","breach","Breach","rail-spike","Rail spike","allowed with prerequisites","","backblast > breach > deadeye > capacitor > rail-spike","deadeye > capacitor > rail-spike > backblast > breach","equal within numerical tolerance","eligibility and base stats only; combat interactions require separate checks"
"2.70.0","breach","Breach","tether","Tether rounds","allowed with prerequisites","","backblast > breach > tether","tether > backblast > breach","equal within numerical tolerance","eligibility and base stats only; combat interactions require separate checks"
"2.70.0","breach","Breach","snapback","Snapback","allowed with prerequisites","","backblast > breach > tether > snapback","tether > snapback > backblast > breach","equal within numerical tolerance","eligibility and base stats only; combat interactions require separate checks"
"2.70.0","breach","Breach","orbit","Orbit","allowed with prerequisites","","backblast > breach > crossfire > recall > orbit","crossfire > recall > orbit > backblast > breach","equal within numerical tolerance","eligibility and base stats only; combat interactions require separate checks"
"2.70.0","breach","Breach","arc-coil","Arc Coil","allowed with prerequisites","","backblast > breach > arc-coil","arc-coil > backblast > breach","equal within numerical tolerance","eligibility and base stats only; combat interactions require separate checks"
"2.70.0","breach","Breach","daisy-chain","Daisy Chain","allowed with prerequisites","","backblast > breach > arc-coil > daisy-chain","arc-coil > daisy-chain > backblast > breach","equal within numerical tolerance","eligibility and base stats only; combat interactions require separate checks"
"2.70.0","breach","Breach","implosion","Implosion","allowed with prerequisites","","backblast > breach > shellshock > fuse > implosion","shellshock > fuse > implosion > backblast > breach","equal within numerical tolerance","eligibility and base stats only; combat interactions require separate checks"
"2.70.0","breach","Breach","ramjet","Ramjet","allowed with prerequisites","","backblast > breach > ramjet","ramjet > backblast > breach","equal within numerical tolerance","eligibility and base stats only; combat interactions require separate checks"
"2.70.0","breach","Breach","cinder","Cinder rounds","allowed with prerequisites","","backblast > breach > cinder","cinder > backblast > breach","equal within numerical tolerance","eligibility and base stats only; combat interactions require separate checks"
"2.70.0","breach","Breach","crosswind","Crosswind","allowed with prerequisites","","backblast > breach > crosswind","crosswind > backblast > breach","equal within numerical tolerance","eligibility and base stats only; combat interactions require separate checks"
"2.70.0","breach","Breach","wrecking-ball","Wrecking Ball","allowed with prerequisites","","backblast > breach > ramjet > wrecking-ball","ramjet > wrecking-ball > backblast > breach","equal within numerical tolerance","eligibility and base stats only; combat interactions require separate checks"
"2.70.0","breach","Breach","flashpoint","Flashpoint","allowed with prerequisites","","backblast > breach > cinder > flashpoint","cinder > flashpoint > backblast > breach","equal within numerical tolerance","eligibility and base stats only; combat interactions require separate checks"
"2.70.0","breach","Breach","slipstream","Slipstream","allowed with prerequisites","","backblast > breach > crosswind > slipstream","crosswind > slipstream > backblast > breach","equal within numerical tolerance","eligibility and base stats only; combat interactions require separate checks"
"2.70.0","breach","Breach","grindshot","Grindshot","allowed with prerequisites","","backblast > breach > grindshot","grindshot > backblast > breach","equal within numerical tolerance","eligibility and base stats only; combat interactions require separate checks"
"2.70.0","breach","Breach","corner-cutter","Corner Cutter","allowed with prerequisites","","backblast > breach > grindshot > corner-cutter","grindshot > corner-cutter > backblast > breach","equal within numerical tolerance","eligibility and base stats only; combat interactions require separate checks"
"2.70.0","breach","Breach","tripwire","Tripwire","allowed with prerequisites","","backblast > breach > tripwire","tripwire > backblast > breach","equal within numerical tolerance","eligibility and base stats only; combat interactions require separate checks"
"2.70.0","breach","Breach","tension","Tension","allowed with prerequisites","","backblast > breach > tripwire > tension","tripwire > tension > backblast > breach","equal within numerical tolerance","eligibility and base stats only; combat interactions require separate checks"
"2.70.0","breach","Breach","cutting-torch","Cutting Torch","allowed with prerequisites","","backblast > breach > cutting-torch","cutting-torch > backblast > breach","equal within numerical tolerance","eligibility and base stats only; combat interactions require separate checks"
"2.70.0","breach","Breach","thermal-runaway","Thermal Runaway","allowed with prerequisites","","backblast > breach > cutting-torch > thermal-runaway","cutting-torch > thermal-runaway > backblast > breach","equal within numerical tolerance","eligibility and base stats only; combat interactions require separate checks"
"2.70.0","breach","Breach","vector","Vector rounds","allowed with prerequisites","","backblast > breach > vector","vector > backblast > breach","equal within numerical tolerance","eligibility and base stats only; combat interactions require separate checks"
"2.70.0","breach","Breach","afterburner","Afterburner","allowed with prerequisites","","backblast > breach > vector > afterburner","vector > afterburner > backblast > breach","equal within numerical tolerance","eligibility and base stats only; combat interactions require separate checks"
"2.70.0","breach","Breach","mass-driver","Mass Driver","allowed with prerequisites","","backblast > breach > mass-driver","mass-driver > backblast > breach","equal within numerical tolerance","eligibility and base stats only; combat interactions require separate checks"
"2.70.0","breach","Breach","drop-forge","Drop Forge","allowed with prerequisites","","backblast > breach > mass-driver > drop-forge","mass-driver > drop-forge > backblast > breach","equal within numerical tolerance","eligibility and base stats only; combat interactions require separate checks"
"2.70.0","shatter","Shatter","convergence","Convergence","allowed with prerequisites","","split > shatter > crossfire > convergence","crossfire > convergence > split > shatter","equal within numerical tolerance","eligibility and base stats only; combat interactions require separate checks"
"2.70.0","shatter","Shatter","deadlock","Deadlock","allowed with prerequisites","","split > shatter > deadeye > deadlock","deadeye > deadlock > split > shatter","equal within numerical tolerance","eligibility and base stats only; combat interactions require separate checks"
"2.70.0","shatter","Shatter","shockfront","Shockfront","allowed with prerequisites","","split > shatter > shellshock > aftershock > shockfront","shellshock > aftershock > shockfront > split > shatter","equal within numerical tolerance","eligibility and base stats only; combat interactions require separate checks"
"2.70.0","shatter","Shatter","backfire","Backfire","allowed with prerequisites","","split > shatter > backblast > backfire","backblast > backfire > split > shatter","equal within numerical tolerance","eligibility and base stats only; combat interactions require separate checks"
"2.70.0","shatter","Shatter","recall","Recall","allowed with prerequisites","","split > shatter > recall","recall > split > shatter","equal within numerical tolerance","eligibility and base stats only; combat interactions require separate checks"
"2.70.0","shatter","Shatter","homecoming","Homecoming","allowed with prerequisites","","split > shatter > recall > homecoming","recall > homecoming > split > shatter","equal within numerical tolerance","eligibility and base stats only; combat interactions require separate checks"
"2.70.0","shatter","Shatter","capacitor","Capacitor","allowed with prerequisites","","split > shatter > capacitor","capacitor > split > shatter","equal within numerical tolerance","eligibility and base stats only; combat interactions require separate checks"
"2.70.0","shatter","Shatter","reserve-cell","Reserve cell","allowed with prerequisites","","split > shatter > capacitor > reserve-cell","capacitor > reserve-cell > split > shatter","equal within numerical tolerance","eligibility and base stats only; combat interactions require separate checks"
"2.70.0","shatter","Shatter","countershot","Countershot","allowed with prerequisites","","split > shatter > countershot","countershot > split > shatter","equal within numerical tolerance","eligibility and base stats only; combat interactions require separate checks"
"2.70.0","shatter","Shatter","reprisal","Reprisal","allowed with prerequisites","","split > shatter > countershot > reprisal","countershot > reprisal > split > shatter","equal within numerical tolerance","eligibility and base stats only; combat interactions require separate checks"
"2.70.0","shatter","Shatter","rivet","Rivet","allowed with prerequisites","","split > shatter > deadeye > rivet","deadeye > rivet > split > shatter","equal within numerical tolerance","eligibility and base stats only; combat interactions require separate checks"
"2.70.0","shatter","Shatter","fracture","Fracture","allowed with prerequisites","","split > shatter > deadeye > rivet > fracture","deadeye > rivet > fracture > split > shatter","equal within numerical tolerance","eligibility and base stats only; combat interactions require separate checks"
"2.70.0","shatter","Shatter","fuse","Fuse","allowed with prerequisites","","split > shatter > shellshock > fuse","shellshock > fuse > split > shatter","equal within numerical tolerance","eligibility and base stats only; combat interactions require separate checks"
"2.70.0","shatter","Shatter","linked-fuse","Linked fuse","allowed with prerequisites","","split > shatter > shellshock > fuse > linked-fuse","shellshock > fuse > linked-fuse > split > shatter","equal within numerical tolerance","eligibility and base stats only; combat interactions require separate checks"
"2.70.0","shatter","Shatter","afterimage","Afterimage","allowed with prerequisites","","split > shatter > crossfire > afterimage","crossfire > afterimage > split > shatter","equal within numerical tolerance","eligibility and base stats only; combat interactions require separate checks"
"2.70.0","shatter","Shatter","parallax","Parallax","allowed with prerequisites","","split > shatter > crossfire > afterimage > parallax","crossfire > afterimage > parallax > split > shatter","equal within numerical tolerance","eligibility and base stats only; combat interactions require separate checks"
"2.70.0","shatter","Shatter","rail-spike","Rail spike","allowed with prerequisites","","split > shatter > deadeye > capacitor > rail-spike","deadeye > capacitor > rail-spike > split > shatter","equal within numerical tolerance","eligibility and base stats only; combat interactions require separate checks"
"2.70.0","shatter","Shatter","tether","Tether rounds","allowed with prerequisites","","split > shatter > tether","tether > split > shatter","equal within numerical tolerance","eligibility and base stats only; combat interactions require separate checks"
"2.70.0","shatter","Shatter","snapback","Snapback","allowed with prerequisites","","split > shatter > tether > snapback","tether > snapback > split > shatter","equal within numerical tolerance","eligibility and base stats only; combat interactions require separate checks"
"2.70.0","shatter","Shatter","orbit","Orbit","allowed with prerequisites","","split > shatter > crossfire > recall > orbit","crossfire > recall > orbit > split > shatter","equal within numerical tolerance","eligibility and base stats only; combat interactions require separate checks"
"2.70.0","shatter","Shatter","arc-coil","Arc Coil","allowed with prerequisites","","split > shatter > arc-coil","arc-coil > split > shatter","equal within numerical tolerance","eligibility and base stats only; combat interactions require separate checks"
"2.70.0","shatter","Shatter","daisy-chain","Daisy Chain","allowed with prerequisites","","split > shatter > arc-coil > daisy-chain","arc-coil > daisy-chain > split > shatter","equal within numerical tolerance","eligibility and base stats only; combat interactions require separate checks"
"2.70.0","shatter","Shatter","implosion","Implosion","allowed with prerequisites","","split > shatter > shellshock > fuse > implosion","shellshock > fuse > implosion > split > shatter","equal within numerical tolerance","eligibility and base stats only; combat interactions require separate checks"
"2.70.0","shatter","Shatter","ramjet","Ramjet","allowed with prerequisites","","split > shatter > ramjet","ramjet > split > shatter","equal within numerical tolerance","eligibility and base stats only; combat interactions require separate checks"
"2.70.0","shatter","Shatter","cinder","Cinder rounds","allowed with prerequisites","","split > shatter > cinder","cinder > split > shatter","equal within numerical tolerance","eligibility and base stats only; combat interactions require separate checks"
"2.70.0","shatter","Shatter","crosswind","Crosswind","allowed with prerequisites","","split > shatter > crosswind","crosswind > split > shatter","equal within numerical tolerance","eligibility and base stats only; combat interactions require separate checks"
"2.70.0","shatter","Shatter","wrecking-ball","Wrecking Ball","allowed with prerequisites","","split > shatter > ramjet > wrecking-ball","ramjet > wrecking-ball > split > shatter","equal within numerical tolerance","eligibility and base stats only; combat interactions require separate checks"
"2.70.0","shatter","Shatter","flashpoint","Flashpoint","allowed with prerequisites","","split > shatter > cinder > flashpoint","cinder > flashpoint > split > shatter","equal within numerical tolerance","eligibility and base stats only; combat interactions require separate checks"
"2.70.0","shatter","Shatter","slipstream","Slipstream","allowed with prerequisites","","split > shatter > crosswind > slipstream","crosswind > slipstream > split > shatter","equal within numerical tolerance","eligibility and base stats only; combat interactions require separate checks"
"2.70.0","shatter","Shatter","grindshot","Grindshot","allowed with prerequisites","","split > shatter > grindshot","grindshot > split > shatter","equal within numerical tolerance","eligibility and base stats only; combat interactions require separate checks"
"2.70.0","shatter","Shatter","corner-cutter","Corner Cutter","allowed with prerequisites","","split > shatter > grindshot > corner-cutter","grindshot > corner-cutter > split > shatter","equal within numerical tolerance","eligibility and base stats only; combat interactions require separate checks"
"2.70.0","shatter","Shatter","tripwire","Tripwire","allowed with prerequisites","","split > shatter > tripwire","tripwire > split > shatter","equal within numerical tolerance","eligibility and base stats only; combat interactions require separate checks"
"2.70.0","shatter","Shatter","tension","Tension","allowed with prerequisites","","split > shatter > tripwire > tension","tripwire > tension > split > shatter","equal within numerical tolerance","eligibility and base stats only; combat interactions require separate checks"
"2.70.0","shatter","Shatter","cutting-torch","Cutting Torch","allowed with prerequisites","","split > shatter > cutting-torch","cutting-torch > split > shatter","equal within numerical tolerance","eligibility and base stats only; combat interactions require separate checks"
"2.70.0","shatter","Shatter","thermal-runaway","Thermal Runaway","allowed with prerequisites","","split > shatter > cutting-torch > thermal-runaway","cutting-torch > thermal-runaway > split > shatter","equal within numerical tolerance","eligibility and base stats only; combat interactions require separate checks"
"2.70.0","shatter","Shatter","vector","Vector rounds","allowed with prerequisites","","split > shatter > vector","vector > split > shatter","equal within numerical tolerance","eligibility and base stats only; combat interactions require separate checks"
"2.70.0","shatter","Shatter","afterburner","Afterburner","allowed with prerequisites","","split > shatter > vector > afterburner","vector > afterburner > split > shatter","equal within numerical tolerance","eligibility and base stats only; combat interactions require separate checks"
"2.70.0","shatter","Shatter","mass-driver","Mass Driver","allowed with prerequisites","","split > shatter > mass-driver","mass-driver > split > shatter","equal within numerical tolerance","eligibility and base stats only; combat interactions require separate checks"
"2.70.0","shatter","Shatter","drop-forge","Drop Forge","allowed with prerequisites","","split > shatter > mass-driver > drop-forge","mass-driver > drop-forge > split > shatter","equal within numerical tolerance","eligibility and base stats only; combat interactions require separate checks"
"2.70.0","convergence","Convergence","deadlock","Deadlock","blocked","different paths: bullet-hell + precision","crossfire > convergence > deadeye > deadlock","deadeye > deadlock > crossfire > convergence","not applicable","eligibility and base stats only; combat interactions require separate checks"
"2.70.0","convergence","Convergence","shockfront","Shockfront","blocked","different paths: bullet-hell + demolition","crossfire > convergence > shellshock > aftershock > shockfront","shellshock > aftershock > shockfront > crossfire > convergence","not applicable","eligibility and base stats only; combat interactions require separate checks"
"2.70.0","convergence","Convergence","backfire","Backfire","allowed with prerequisites","","crossfire > convergence > backblast > backfire","backblast > backfire > crossfire > convergence","equal within numerical tolerance","eligibility and base stats only; combat interactions require separate checks"
"2.70.0","convergence","Convergence","recall","Recall","allowed with prerequisites","","crossfire > convergence > recall","recall > crossfire > convergence","equal within numerical tolerance","eligibility and base stats only; combat interactions require separate checks"
"2.70.0","convergence","Convergence","homecoming","Homecoming","allowed with prerequisites","","crossfire > convergence > recall > homecoming","recall > homecoming > crossfire > convergence","equal within numerical tolerance","eligibility and base stats only; combat interactions require separate checks"
"2.70.0","convergence","Convergence","capacitor","Capacitor","allowed with prerequisites","","crossfire > convergence > capacitor","capacitor > crossfire > convergence","equal within numerical tolerance","eligibility and base stats only; combat interactions require separate checks"
"2.70.0","convergence","Convergence","reserve-cell","Reserve cell","allowed with prerequisites","","crossfire > convergence > capacitor > reserve-cell","capacitor > reserve-cell > crossfire > convergence","equal within numerical tolerance","eligibility and base stats only; combat interactions require separate checks"
"2.70.0","convergence","Convergence","countershot","Countershot","allowed with prerequisites","","crossfire > convergence > countershot","countershot > crossfire > convergence","equal within numerical tolerance","eligibility and base stats only; combat interactions require separate checks"
"2.70.0","convergence","Convergence","reprisal","Reprisal","allowed with prerequisites","","crossfire > convergence > countershot > reprisal","countershot > reprisal > crossfire > convergence","equal within numerical tolerance","eligibility and base stats only; combat interactions require separate checks"
"2.70.0","convergence","Convergence","rivet","Rivet","blocked","different paths: bullet-hell + precision","crossfire > convergence > deadeye > rivet","deadeye > rivet > crossfire > convergence","not applicable","eligibility and base stats only; combat interactions require separate checks"
"2.70.0","convergence","Convergence","fracture","Fracture","blocked","different paths: bullet-hell + precision","crossfire > convergence > deadeye > rivet > fracture","deadeye > rivet > fracture > crossfire > convergence","not applicable","eligibility and base stats only; combat interactions require separate checks"
"2.70.0","convergence","Convergence","fuse","Fuse","blocked","different paths: bullet-hell + demolition","crossfire > convergence > shellshock > fuse","shellshock > fuse > crossfire > convergence","not applicable","eligibility and base stats only; combat interactions require separate checks"
"2.70.0","convergence","Convergence","linked-fuse","Linked fuse","blocked","different paths: bullet-hell + demolition","crossfire > convergence > shellshock > fuse > linked-fuse","shellshock > fuse > linked-fuse > crossfire > convergence","not applicable","eligibility and base stats only; combat interactions require separate checks"
"2.70.0","convergence","Convergence","afterimage","Afterimage","allowed with prerequisites","","crossfire > convergence > afterimage","crossfire > afterimage > convergence","equal within numerical tolerance","eligibility and base stats only; combat interactions require separate checks"
"2.70.0","convergence","Convergence","parallax","Parallax","allowed with prerequisites","","crossfire > convergence > afterimage > parallax","crossfire > afterimage > parallax > convergence","equal within numerical tolerance","eligibility and base stats only; combat interactions require separate checks"
"2.70.0","convergence","Convergence","rail-spike","Rail spike","blocked","different paths: bullet-hell + precision","crossfire > convergence > deadeye > capacitor > rail-spike","deadeye > capacitor > rail-spike > crossfire > convergence","not applicable","eligibility and base stats only; combat interactions require separate checks"
"2.70.0","convergence","Convergence","tether","Tether rounds","allowed with prerequisites","","crossfire > convergence > tether","tether > crossfire > convergence","equal within numerical tolerance","eligibility and base stats only; combat interactions require separate checks"
"2.70.0","convergence","Convergence","snapback","Snapback","allowed with prerequisites","","crossfire > convergence > tether > snapback","tether > snapback > crossfire > convergence","equal within numerical tolerance","eligibility and base stats only; combat interactions require separate checks"
"2.70.0","convergence","Convergence","orbit","Orbit","allowed with prerequisites","","crossfire > convergence > recall > orbit","crossfire > recall > orbit > convergence","equal within numerical tolerance","eligibility and base stats only; combat interactions require separate checks"
"2.70.0","convergence","Convergence","arc-coil","Arc Coil","allowed with prerequisites","","crossfire > convergence > arc-coil","arc-coil > crossfire > convergence","equal within numerical tolerance","eligibility and base stats only; combat interactions require separate checks"
"2.70.0","convergence","Convergence","daisy-chain","Daisy Chain","allowed with prerequisites","","crossfire > convergence > arc-coil > daisy-chain","arc-coil > daisy-chain > crossfire > convergence","equal within numerical tolerance","eligibility and base stats only; combat interactions require separate checks"
"2.70.0","convergence","Convergence","implosion","Implosion","blocked","different paths: bullet-hell + demolition","crossfire > convergence > shellshock > fuse > implosion","shellshock > fuse > implosion > crossfire > convergence","not applicable","eligibility and base stats only; combat interactions require separate checks"
"2.70.0","convergence","Convergence","ramjet","Ramjet","allowed with prerequisites","","crossfire > convergence > ramjet","ramjet > crossfire > convergence","equal within numerical tolerance","eligibility and base stats only; combat interactions require separate checks"
"2.70.0","convergence","Convergence","cinder","Cinder rounds","allowed with prerequisites","","crossfire > convergence > cinder","cinder > crossfire > convergence","equal within numerical tolerance","eligibility and base stats only; combat interactions require separate checks"
"2.70.0","convergence","Convergence","crosswind","Crosswind","allowed with prerequisites","","crossfire > convergence > crosswind","crosswind > crossfire > convergence","equal within numerical tolerance","eligibility and base stats only; combat interactions require separate checks"
"2.70.0","convergence","Convergence","wrecking-ball","Wrecking Ball","allowed with prerequisites","","crossfire > convergence > ramjet > wrecking-ball","ramjet > wrecking-ball > crossfire > convergence","equal within numerical tolerance","eligibility and base stats only; combat interactions require separate checks"
"2.70.0","convergence","Convergence","flashpoint","Flashpoint","allowed with prerequisites","","crossfire > convergence > cinder > flashpoint","cinder > flashpoint > crossfire > convergence","equal within numerical tolerance","eligibility and base stats only; combat interactions require separate checks"
"2.70.0","convergence","Convergence","slipstream","Slipstream","allowed with prerequisites","","crossfire > convergence > crosswind > slipstream","crosswind > slipstream > crossfire > convergence","equal within numerical tolerance","eligibility and base stats only; combat interactions require separate checks"
"2.70.0","convergence","Convergence","grindshot","Grindshot","allowed with prerequisites","","crossfire > convergence > grindshot","grindshot > crossfire > convergence","equal within numerical tolerance","eligibility and base stats only; combat interactions require separate checks"
"2.70.0","convergence","Convergence","corner-cutter","Corner Cutter","allowed with prerequisites","","crossfire > convergence > grindshot > corner-cutter","grindshot > corner-cutter > crossfire > convergence","equal within numerical tolerance","eligibility and base stats only; combat interactions require separate checks"
"2.70.0","convergence","Convergence","tripwire","Tripwire","blocked","different paths: bullet-hell + demolition","crossfire > convergence > tripwire","tripwire > crossfire > convergence","not applicable","eligibility and base stats only; combat interactions require separate checks"
"2.70.0","convergence","Convergence","tension","Tension","blocked","different paths: bullet-hell + demolition","crossfire > convergence > tripwire > tension","tripwire > tension > crossfire > convergence","not applicable","eligibility and base stats only; combat interactions require separate checks"
"2.70.0","convergence","Convergence","cutting-torch","Cutting Torch","blocked","different paths: bullet-hell + precision","crossfire > convergence > cutting-torch","cutting-torch > crossfire > convergence","not applicable","eligibility and base stats only; combat interactions require separate checks"
"2.70.0","convergence","Convergence","thermal-runaway","Thermal Runaway","blocked","different paths: bullet-hell + precision","crossfire > convergence > cutting-torch > thermal-runaway","cutting-torch > thermal-runaway > crossfire > convergence","not applicable","eligibility and base stats only; combat interactions require separate checks"
"2.70.0","convergence","Convergence","vector","Vector rounds","allowed with prerequisites","","crossfire > convergence > vector","vector > crossfire > convergence","equal within numerical tolerance","eligibility and base stats only; combat interactions require separate checks"
"2.70.0","convergence","Convergence","afterburner","Afterburner","allowed with prerequisites","","crossfire > convergence > vector > afterburner","vector > afterburner > crossfire > convergence","equal within numerical tolerance","eligibility and base stats only; combat interactions require separate checks"
"2.70.0","convergence","Convergence","mass-driver","Mass Driver","allowed with prerequisites","","crossfire > convergence > mass-driver","mass-driver > crossfire > convergence","equal within numerical tolerance","eligibility and base stats only; combat interactions require separate checks"
"2.70.0","convergence","Convergence","drop-forge","Drop Forge","allowed with prerequisites","","crossfire > convergence > mass-driver > drop-forge","mass-driver > drop-forge > crossfire > convergence","equal within numerical tolerance","eligibility and base stats only; combat interactions require separate checks"
"2.70.0","deadlock","Deadlock","shockfront","Shockfront","blocked","different paths: demolition + precision","deadeye > deadlock > shellshock > aftershock > shockfront","shellshock > aftershock > shockfront > deadeye > deadlock","not applicable","eligibility and base stats only; combat interactions require separate checks"
"2.70.0","deadlock","Deadlock","backfire","Backfire","allowed with prerequisites","","deadeye > deadlock > backblast > backfire","backblast > backfire > deadeye > deadlock","equal within numerical tolerance","eligibility and base stats only; combat interactions require separate checks"
"2.70.0","deadlock","Deadlock","recall","Recall","allowed with prerequisites","","deadeye > deadlock > recall","recall > deadeye > deadlock","equal within numerical tolerance","eligibility and base stats only; combat interactions require separate checks"
"2.70.0","deadlock","Deadlock","homecoming","Homecoming","allowed with prerequisites","","deadeye > deadlock > recall > homecoming","recall > homecoming > deadeye > deadlock","equal within numerical tolerance","eligibility and base stats only; combat interactions require separate checks"
"2.70.0","deadlock","Deadlock","capacitor","Capacitor","allowed with prerequisites","","deadeye > deadlock > capacitor","capacitor > deadeye > deadlock","equal within numerical tolerance","eligibility and base stats only; combat interactions require separate checks"
"2.70.0","deadlock","Deadlock","reserve-cell","Reserve cell","allowed with prerequisites","","deadeye > deadlock > capacitor > reserve-cell","capacitor > reserve-cell > deadeye > deadlock","equal within numerical tolerance","eligibility and base stats only; combat interactions require separate checks"
"2.70.0","deadlock","Deadlock","countershot","Countershot","allowed with prerequisites","","deadeye > deadlock > countershot","countershot > deadeye > deadlock","equal within numerical tolerance","eligibility and base stats only; combat interactions require separate checks"
"2.70.0","deadlock","Deadlock","reprisal","Reprisal","allowed with prerequisites","","deadeye > deadlock > countershot > reprisal","countershot > reprisal > deadeye > deadlock","equal within numerical tolerance","eligibility and base stats only; combat interactions require separate checks"
"2.70.0","deadlock","Deadlock","rivet","Rivet","allowed with prerequisites","","deadeye > deadlock > rivet","deadeye > rivet > deadlock","equal within numerical tolerance","eligibility and base stats only; combat interactions require separate checks"
"2.70.0","deadlock","Deadlock","fracture","Fracture","allowed with prerequisites","","deadeye > deadlock > rivet > fracture","deadeye > rivet > fracture > deadlock","equal within numerical tolerance","eligibility and base stats only; combat interactions require separate checks"
"2.70.0","deadlock","Deadlock","fuse","Fuse","blocked","different paths: demolition + precision","deadeye > deadlock > shellshock > fuse","shellshock > fuse > deadeye > deadlock","not applicable","eligibility and base stats only; combat interactions require separate checks"
"2.70.0","deadlock","Deadlock","linked-fuse","Linked fuse","blocked","different paths: demolition + precision","deadeye > deadlock > shellshock > fuse > linked-fuse","shellshock > fuse > linked-fuse > deadeye > deadlock","not applicable","eligibility and base stats only; combat interactions require separate checks"
"2.70.0","deadlock","Deadlock","afterimage","Afterimage","blocked","different paths: bullet-hell + precision","deadeye > deadlock > crossfire > afterimage","crossfire > afterimage > deadeye > deadlock","not applicable","eligibility and base stats only; combat interactions require separate checks"
"2.70.0","deadlock","Deadlock","parallax","Parallax","blocked","different paths: bullet-hell + precision","deadeye > deadlock > crossfire > afterimage > parallax","crossfire > afterimage > parallax > deadeye > deadlock","not applicable","eligibility and base stats only; combat interactions require separate checks"
"2.70.0","deadlock","Deadlock","rail-spike","Rail spike","allowed with prerequisites","","deadeye > deadlock > capacitor > rail-spike","deadeye > capacitor > rail-spike > deadlock","equal within numerical tolerance","eligibility and base stats only; combat interactions require separate checks"
"2.70.0","deadlock","Deadlock","tether","Tether rounds","allowed with prerequisites","","deadeye > deadlock > tether","tether > deadeye > deadlock","equal within numerical tolerance","eligibility and base stats only; combat interactions require separate checks"
"2.70.0","deadlock","Deadlock","snapback","Snapback","allowed with prerequisites","","deadeye > deadlock > tether > snapback","tether > snapback > deadeye > deadlock","equal within numerical tolerance","eligibility and base stats only; combat interactions require separate checks"
"2.70.0","deadlock","Deadlock","orbit","Orbit","blocked","different paths: bullet-hell + precision","deadeye > deadlock > crossfire > recall > orbit","crossfire > recall > orbit > deadeye > deadlock","not applicable","eligibility and base stats only; combat interactions require separate checks"
"2.70.0","deadlock","Deadlock","arc-coil","Arc Coil","allowed with prerequisites","","deadeye > deadlock > arc-coil","arc-coil > deadeye > deadlock","equal within numerical tolerance","eligibility and base stats only; combat interactions require separate checks"
"2.70.0","deadlock","Deadlock","daisy-chain","Daisy Chain","allowed with prerequisites","","deadeye > deadlock > arc-coil > daisy-chain","arc-coil > daisy-chain > deadeye > deadlock","equal within numerical tolerance","eligibility and base stats only; combat interactions require separate checks"
"2.70.0","deadlock","Deadlock","implosion","Implosion","blocked","different paths: demolition + precision","deadeye > deadlock > shellshock > fuse > implosion","shellshock > fuse > implosion > deadeye > deadlock","not applicable","eligibility and base stats only; combat interactions require separate checks"
"2.70.0","deadlock","Deadlock","ramjet","Ramjet","allowed with prerequisites","","deadeye > deadlock > ramjet","ramjet > deadeye > deadlock","equal within numerical tolerance","eligibility and base stats only; combat interactions require separate checks"
"2.70.0","deadlock","Deadlock","cinder","Cinder rounds","allowed with prerequisites","","deadeye > deadlock > cinder","cinder > deadeye > deadlock","equal within numerical tolerance","eligibility and base stats only; combat interactions require separate checks"
"2.70.0","deadlock","Deadlock","crosswind","Crosswind","allowed with prerequisites","","deadeye > deadlock > crosswind","crosswind > deadeye > deadlock","equal within numerical tolerance","eligibility and base stats only; combat interactions require separate checks"
"2.70.0","deadlock","Deadlock","wrecking-ball","Wrecking Ball","allowed with prerequisites","","deadeye > deadlock > ramjet > wrecking-ball","ramjet > wrecking-ball > deadeye > deadlock","equal within numerical tolerance","eligibility and base stats only; combat interactions require separate checks"
"2.70.0","deadlock","Deadlock","flashpoint","Flashpoint","allowed with prerequisites","","deadeye > deadlock > cinder > flashpoint","cinder > flashpoint > deadeye > deadlock","equal within numerical tolerance","eligibility and base stats only; combat interactions require separate checks"
"2.70.0","deadlock","Deadlock","slipstream","Slipstream","allowed with prerequisites","","deadeye > deadlock > crosswind > slipstream","crosswind > slipstream > deadeye > deadlock","equal within numerical tolerance","eligibility and base stats only; combat interactions require separate checks"
"2.70.0","deadlock","Deadlock","grindshot","Grindshot","allowed with prerequisites","","deadeye > deadlock > grindshot","grindshot > deadeye > deadlock","equal within numerical tolerance","eligibility and base stats only; combat interactions require separate checks"
"2.70.0","deadlock","Deadlock","corner-cutter","Corner Cutter","allowed with prerequisites","","deadeye > deadlock > grindshot > corner-cutter","grindshot > corner-cutter > deadeye > deadlock","equal within numerical tolerance","eligibility and base stats only; combat interactions require separate checks"
"2.70.0","deadlock","Deadlock","tripwire","Tripwire","blocked","different paths: demolition + precision","deadeye > deadlock > tripwire","tripwire > deadeye > deadlock","not applicable","eligibility and base stats only; combat interactions require separate checks"
"2.70.0","deadlock","Deadlock","tension","Tension","blocked","different paths: demolition + precision","deadeye > deadlock > tripwire > tension","tripwire > tension > deadeye > deadlock","not applicable","eligibility and base stats only; combat interactions require separate checks"
"2.70.0","deadlock","Deadlock","cutting-torch","Cutting Torch","allowed with prerequisites","","deadeye > deadlock > cutting-torch","cutting-torch > deadeye > deadlock","equal within numerical tolerance","eligibility and base stats only; combat interactions require separate checks"
"2.70.0","deadlock","Deadlock","thermal-runaway","Thermal Runaway","allowed with prerequisites","","deadeye > deadlock > cutting-torch > thermal-runaway","cutting-torch > thermal-runaway > deadeye > deadlock","equal within numerical tolerance","eligibility and base stats only; combat interactions require separate checks"
"2.70.0","deadlock","Deadlock","vector","Vector rounds","allowed with prerequisites","","deadeye > deadlock > vector","vector > deadeye > deadlock","equal within numerical tolerance","eligibility and base stats only; combat interactions require separate checks"
"2.70.0","deadlock","Deadlock","afterburner","Afterburner","allowed with prerequisites","","deadeye > deadlock > vector > afterburner","vector > afterburner > deadeye > deadlock","equal within numerical tolerance","eligibility and base stats only; combat interactions require separate checks"
"2.70.0","deadlock","Deadlock","mass-driver","Mass Driver","allowed with prerequisites","","deadeye > deadlock > mass-driver","mass-driver > deadeye > deadlock","equal within numerical tolerance","eligibility and base stats only; combat interactions require separate checks"
"2.70.0","deadlock","Deadlock","drop-forge","Drop Forge","allowed with prerequisites","","deadeye > deadlock > mass-driver > drop-forge","mass-driver > drop-forge > deadeye > deadlock","equal within numerical tolerance","eligibility and base stats only; combat interactions require separate checks"
"2.70.0","shockfront","Shockfront","backfire","Backfire","allowed with prerequisites","","shellshock > aftershock > shockfront > backblast > backfire","backblast > backfire > shellshock > aftershock > shockfront","equal within numerical tolerance","eligibility and base stats only; combat interactions require separate checks"
"2.70.0","shockfront","Shockfront","recall","Recall","allowed with prerequisites","","shellshock > aftershock > shockfront > recall","recall > shellshock > aftershock > shockfront","equal within numerical tolerance","eligibility and base stats only; combat interactions require separate checks"
"2.70.0","shockfront","Shockfront","homecoming","Homecoming","allowed with prerequisites","","shellshock > aftershock > shockfront > recall > homecoming","recall > homecoming > shellshock > aftershock > shockfront","equal within numerical tolerance","eligibility and base stats only; combat interactions require separate checks"
"2.70.0","shockfront","Shockfront","capacitor","Capacitor","allowed with prerequisites","","shellshock > aftershock > shockfront > capacitor","capacitor > shellshock > aftershock > shockfront","equal within numerical tolerance","eligibility and base stats only; combat interactions require separate checks"
"2.70.0","shockfront","Shockfront","reserve-cell","Reserve cell","allowed with prerequisites","","shellshock > aftershock > shockfront > capacitor > reserve-cell","capacitor > reserve-cell > shellshock > aftershock > shockfront","equal within numerical tolerance","eligibility and base stats only; combat interactions require separate checks"
"2.70.0","shockfront","Shockfront","countershot","Countershot","allowed with prerequisites","","shellshock > aftershock > shockfront > countershot","countershot > shellshock > aftershock > shockfront","equal within numerical tolerance","eligibility and base stats only; combat interactions require separate checks"
"2.70.0","shockfront","Shockfront","reprisal","Reprisal","allowed with prerequisites","","shellshock > aftershock > shockfront > countershot > reprisal","countershot > reprisal > shellshock > aftershock > shockfront","equal within numerical tolerance","eligibility and base stats only; combat interactions require separate checks"
"2.70.0","shockfront","Shockfront","rivet","Rivet","blocked","different paths: demolition + precision","shellshock > aftershock > shockfront > deadeye > rivet","deadeye > rivet > shellshock > aftershock > shockfront","not applicable","eligibility and base stats only; combat interactions require separate checks"
"2.70.0","shockfront","Shockfront","fracture","Fracture","blocked","different paths: demolition + precision","shellshock > aftershock > shockfront > deadeye > rivet > fracture","deadeye > rivet > fracture > shellshock > aftershock > shockfront","not applicable","eligibility and base stats only; combat interactions require separate checks"
"2.70.0","shockfront","Shockfront","fuse","Fuse","allowed with prerequisites","","shellshock > aftershock > shockfront > fuse","shellshock > fuse > aftershock > shockfront","equal within numerical tolerance","eligibility and base stats only; combat interactions require separate checks"
"2.70.0","shockfront","Shockfront","linked-fuse","Linked fuse","allowed with prerequisites","","shellshock > aftershock > shockfront > fuse > linked-fuse","shellshock > fuse > linked-fuse > aftershock > shockfront","equal within numerical tolerance","eligibility and base stats only; combat interactions require separate checks"
"2.70.0","shockfront","Shockfront","afterimage","Afterimage","blocked","different paths: bullet-hell + demolition","shellshock > aftershock > shockfront > crossfire > afterimage","crossfire > afterimage > shellshock > aftershock > shockfront","not applicable","eligibility and base stats only; combat interactions require separate checks"
"2.70.0","shockfront","Shockfront","parallax","Parallax","blocked","different paths: bullet-hell + demolition","shellshock > aftershock > shockfront > crossfire > afterimage > parallax","crossfire > afterimage > parallax > shellshock > aftershock > shockfront","not applicable","eligibility and base stats only; combat interactions require separate checks"
"2.70.0","shockfront","Shockfront","rail-spike","Rail spike","blocked","different paths: demolition + precision","shellshock > aftershock > shockfront > deadeye > capacitor > rail-spike","deadeye > capacitor > rail-spike > shellshock > aftershock > shockfront","not applicable","eligibility and base stats only; combat interactions require separate checks"
"2.70.0","shockfront","Shockfront","tether","Tether rounds","allowed with prerequisites","","shellshock > aftershock > shockfront > tether","tether > shellshock > aftershock > shockfront","equal within numerical tolerance","eligibility and base stats only; combat interactions require separate checks"
"2.70.0","shockfront","Shockfront","snapback","Snapback","allowed with prerequisites","","shellshock > aftershock > shockfront > tether > snapback","tether > snapback > shellshock > aftershock > shockfront","equal within numerical tolerance","eligibility and base stats only; combat interactions require separate checks"
"2.70.0","shockfront","Shockfront","orbit","Orbit","blocked","different paths: bullet-hell + demolition","shellshock > aftershock > shockfront > crossfire > recall > orbit","crossfire > recall > orbit > shellshock > aftershock > shockfront","not applicable","eligibility and base stats only; combat interactions require separate checks"
"2.70.0","shockfront","Shockfront","arc-coil","Arc Coil","allowed with prerequisites","","shellshock > aftershock > shockfront > arc-coil","arc-coil > shellshock > aftershock > shockfront","equal within numerical tolerance","eligibility and base stats only; combat interactions require separate checks"
"2.70.0","shockfront","Shockfront","daisy-chain","Daisy Chain","allowed with prerequisites","","shellshock > aftershock > shockfront > arc-coil > daisy-chain","arc-coil > daisy-chain > shellshock > aftershock > shockfront","equal within numerical tolerance","eligibility and base stats only; combat interactions require separate checks"
"2.70.0","shockfront","Shockfront","implosion","Implosion","allowed with prerequisites","","shellshock > aftershock > shockfront > fuse > implosion","shellshock > fuse > implosion > aftershock > shockfront","equal within numerical tolerance","eligibility and base stats only; combat interactions require separate checks"
"2.70.0","shockfront","Shockfront","ramjet","Ramjet","allowed with prerequisites","","shellshock > aftershock > shockfront > ramjet","ramjet > shellshock > aftershock > shockfront","equal within numerical tolerance","eligibility and base stats only; combat interactions require separate checks"
"2.70.0","shockfront","Shockfront","cinder","Cinder rounds","allowed with prerequisites","","shellshock > aftershock > shockfront > cinder","cinder > shellshock > aftershock > shockfront","equal within numerical tolerance","eligibility and base stats only; combat interactions require separate checks"
"2.70.0","shockfront","Shockfront","crosswind","Crosswind","allowed with prerequisites","","shellshock > aftershock > shockfront > crosswind","crosswind > shellshock > aftershock > shockfront","equal within numerical tolerance","eligibility and base stats only; combat interactions require separate checks"
"2.70.0","shockfront","Shockfront","wrecking-ball","Wrecking Ball","allowed with prerequisites","","shellshock > aftershock > shockfront > ramjet > wrecking-ball","ramjet > wrecking-ball > shellshock > aftershock > shockfront","equal within numerical tolerance","eligibility and base stats only; combat interactions require separate checks"
"2.70.0","shockfront","Shockfront","flashpoint","Flashpoint","allowed with prerequisites","","shellshock > aftershock > shockfront > cinder > flashpoint","cinder > flashpoint > shellshock > aftershock > shockfront","equal within numerical tolerance","eligibility and base stats only; combat interactions require separate checks"
"2.70.0","shockfront","Shockfront","slipstream","Slipstream","allowed with prerequisites","","shellshock > aftershock > shockfront > crosswind > slipstream","crosswind > slipstream > shellshock > aftershock > shockfront","equal within numerical tolerance","eligibility and base stats only; combat interactions require separate checks"
"2.70.0","shockfront","Shockfront","grindshot","Grindshot","allowed with prerequisites","","shellshock > aftershock > shockfront > grindshot","grindshot > shellshock > aftershock > shockfront","equal within numerical tolerance","eligibility and base stats only; combat interactions require separate checks"
"2.70.0","shockfront","Shockfront","corner-cutter","Corner Cutter","allowed with prerequisites","","shellshock > aftershock > shockfront > grindshot > corner-cutter","grindshot > corner-cutter > shellshock > aftershock > shockfront","equal within numerical tolerance","eligibility and base stats only; combat interactions require separate checks"
"2.70.0","shockfront","Shockfront","tripwire","Tripwire","allowed with prerequisites","","shellshock > aftershock > shockfront > tripwire","tripwire > shellshock > aftershock > shockfront","equal within numerical tolerance","eligibility and base stats only; combat interactions require separate checks"
"2.70.0","shockfront","Shockfront","tension","Tension","allowed with prerequisites","","shellshock > aftershock > shockfront > tripwire > tension","tripwire > tension > shellshock > aftershock > shockfront","equal within numerical tolerance","eligibility and base stats only; combat interactions require separate checks"
"2.70.0","shockfront","Shockfront","cutting-torch","Cutting Torch","blocked","different paths: demolition + precision","shellshock > aftershock > shockfront > cutting-torch","cutting-torch > shellshock > aftershock > shockfront","not applicable","eligibility and base stats only; combat interactions require separate checks"
"2.70.0","shockfront","Shockfront","thermal-runaway","Thermal Runaway","blocked","different paths: demolition + precision","shellshock > aftershock > shockfront > cutting-torch > thermal-runaway","cutting-torch > thermal-runaway > shellshock > aftershock > shockfront","not applicable","eligibility and base stats only; combat interactions require separate checks"
"2.70.0","shockfront","Shockfront","vector","Vector rounds","allowed with prerequisites","","shellshock > aftershock > shockfront > vector","vector > shellshock > aftershock > shockfront","equal within numerical tolerance","eligibility and base stats only; combat interactions require separate checks"
"2.70.0","shockfront","Shockfront","afterburner","Afterburner","allowed with prerequisites","","shellshock > aftershock > shockfront > vector > afterburner","vector > afterburner > shellshock > aftershock > shockfront","equal within numerical tolerance","eligibility and base stats only; combat interactions require separate checks"
"2.70.0","shockfront","Shockfront","mass-driver","Mass Driver","allowed with prerequisites","","shellshock > aftershock > shockfront > mass-driver","mass-driver > shellshock > aftershock > shockfront","equal within numerical tolerance","eligibility and base stats only; combat interactions require separate checks"
"2.70.0","shockfront","Shockfront","drop-forge","Drop Forge","allowed with prerequisites","","shellshock > aftershock > shockfront > mass-driver > drop-forge","mass-driver > drop-forge > shellshock > aftershock > shockfront","equal within numerical tolerance","eligibility and base stats only; combat interactions require separate checks"
"2.70.0","backfire","Backfire","recall","Recall","allowed with prerequisites","","backblast > backfire > recall","recall > backblast > backfire","equal within numerical tolerance","eligibility and base stats only; combat interactions require separate checks"
"2.70.0","backfire","Backfire","homecoming","Homecoming","allowed with prerequisites","","backblast > backfire > recall > homecoming","recall > homecoming > backblast > backfire","equal within numerical tolerance","eligibility and base stats only; combat interactions require separate checks"
"2.70.0","backfire","Backfire","capacitor","Capacitor","allowed with prerequisites","","backblast > backfire > capacitor","capacitor > backblast > backfire","equal within numerical tolerance","eligibility and base stats only; combat interactions require separate checks"
"2.70.0","backfire","Backfire","reserve-cell","Reserve cell","allowed with prerequisites","","backblast > backfire > capacitor > reserve-cell","capacitor > reserve-cell > backblast > backfire","equal within numerical tolerance","eligibility and base stats only; combat interactions require separate checks"
"2.70.0","backfire","Backfire","countershot","Countershot","allowed with prerequisites","","backblast > backfire > countershot","countershot > backblast > backfire","equal within numerical tolerance","eligibility and base stats only; combat interactions require separate checks"
"2.70.0","backfire","Backfire","reprisal","Reprisal","allowed with prerequisites","","backblast > backfire > countershot > reprisal","countershot > reprisal > backblast > backfire","equal within numerical tolerance","eligibility and base stats only; combat interactions require separate checks"
"2.70.0","backfire","Backfire","rivet","Rivet","allowed with prerequisites","","backblast > backfire > deadeye > rivet","deadeye > rivet > backblast > backfire","equal within numerical tolerance","eligibility and base stats only; combat interactions require separate checks"
"2.70.0","backfire","Backfire","fracture","Fracture","allowed with prerequisites","","backblast > backfire > deadeye > rivet > fracture","deadeye > rivet > fracture > backblast > backfire","equal within numerical tolerance","eligibility and base stats only; combat interactions require separate checks"
"2.70.0","backfire","Backfire","fuse","Fuse","allowed with prerequisites","","backblast > backfire > shellshock > fuse","shellshock > fuse > backblast > backfire","equal within numerical tolerance","eligibility and base stats only; combat interactions require separate checks"
"2.70.0","backfire","Backfire","linked-fuse","Linked fuse","allowed with prerequisites","","backblast > backfire > shellshock > fuse > linked-fuse","shellshock > fuse > linked-fuse > backblast > backfire","equal within numerical tolerance","eligibility and base stats only; combat interactions require separate checks"
"2.70.0","backfire","Backfire","afterimage","Afterimage","allowed with prerequisites","","backblast > backfire > crossfire > afterimage","crossfire > afterimage > backblast > backfire","equal within numerical tolerance","eligibility and base stats only; combat interactions require separate checks"
"2.70.0","backfire","Backfire","parallax","Parallax","allowed with prerequisites","","backblast > backfire > crossfire > afterimage > parallax","crossfire > afterimage > parallax > backblast > backfire","equal within numerical tolerance","eligibility and base stats only; combat interactions require separate checks"
"2.70.0","backfire","Backfire","rail-spike","Rail spike","allowed with prerequisites","","backblast > backfire > deadeye > capacitor > rail-spike","deadeye > capacitor > rail-spike > backblast > backfire","equal within numerical tolerance","eligibility and base stats only; combat interactions require separate checks"
"2.70.0","backfire","Backfire","tether","Tether rounds","allowed with prerequisites","","backblast > backfire > tether","tether > backblast > backfire","equal within numerical tolerance","eligibility and base stats only; combat interactions require separate checks"
"2.70.0","backfire","Backfire","snapback","Snapback","allowed with prerequisites","","backblast > backfire > tether > snapback","tether > snapback > backblast > backfire","equal within numerical tolerance","eligibility and base stats only; combat interactions require separate checks"
"2.70.0","backfire","Backfire","orbit","Orbit","allowed with prerequisites","","backblast > backfire > crossfire > recall > orbit","crossfire > recall > orbit > backblast > backfire","equal within numerical tolerance","eligibility and base stats only; combat interactions require separate checks"
"2.70.0","backfire","Backfire","arc-coil","Arc Coil","allowed with prerequisites","","backblast > backfire > arc-coil","arc-coil > backblast > backfire","equal within numerical tolerance","eligibility and base stats only; combat interactions require separate checks"
"2.70.0","backfire","Backfire","daisy-chain","Daisy Chain","allowed with prerequisites","","backblast > backfire > arc-coil > daisy-chain","arc-coil > daisy-chain > backblast > backfire","equal within numerical tolerance","eligibility and base stats only; combat interactions require separate checks"
"2.70.0","backfire","Backfire","implosion","Implosion","allowed with prerequisites","","backblast > backfire > shellshock > fuse > implosion","shellshock > fuse > implosion > backblast > backfire","equal within numerical tolerance","eligibility and base stats only; combat interactions require separate checks"
"2.70.0","backfire","Backfire","ramjet","Ramjet","allowed with prerequisites","","backblast > backfire > ramjet","ramjet > backblast > backfire","equal within numerical tolerance","eligibility and base stats only; combat interactions require separate checks"
"2.70.0","backfire","Backfire","cinder","Cinder rounds","allowed with prerequisites","","backblast > backfire > cinder","cinder > backblast > backfire","equal within numerical tolerance","eligibility and base stats only; combat interactions require separate checks"
"2.70.0","backfire","Backfire","crosswind","Crosswind","allowed with prerequisites","","backblast > backfire > crosswind","crosswind > backblast > backfire","equal within numerical tolerance","eligibility and base stats only; combat interactions require separate checks"
"2.70.0","backfire","Backfire","wrecking-ball","Wrecking Ball","allowed with prerequisites","","backblast > backfire > ramjet > wrecking-ball","ramjet > wrecking-ball > backblast > backfire","equal within numerical tolerance","eligibility and base stats only; combat interactions require separate checks"
"2.70.0","backfire","Backfire","flashpoint","Flashpoint","allowed with prerequisites","","backblast > backfire > cinder > flashpoint","cinder > flashpoint > backblast > backfire","equal within numerical tolerance","eligibility and base stats only; combat interactions require separate checks"
"2.70.0","backfire","Backfire","slipstream","Slipstream","allowed with prerequisites","","backblast > backfire > crosswind > slipstream","crosswind > slipstream > backblast > backfire","equal within numerical tolerance","eligibility and base stats only; combat interactions require separate checks"
"2.70.0","backfire","Backfire","grindshot","Grindshot","allowed with prerequisites","","backblast > backfire > grindshot","grindshot > backblast > backfire","equal within numerical tolerance","eligibility and base stats only; combat interactions require separate checks"
"2.70.0","backfire","Backfire","corner-cutter","Corner Cutter","allowed with prerequisites","","backblast > backfire > grindshot > corner-cutter","grindshot > corner-cutter > backblast > backfire","equal within numerical tolerance","eligibility and base stats only; combat interactions require separate checks"
"2.70.0","backfire","Backfire","tripwire","Tripwire","allowed with prerequisites","","backblast > backfire > tripwire","tripwire > backblast > backfire","equal within numerical tolerance","eligibility and base stats only; combat interactions require separate checks"
"2.70.0","backfire","Backfire","tension","Tension","allowed with prerequisites","","backblast > backfire > tripwire > tension","tripwire > tension > backblast > backfire","equal within numerical tolerance","eligibility and base stats only; combat interactions require separate checks"
"2.70.0","backfire","Backfire","cutting-torch","Cutting Torch","allowed with prerequisites","","backblast > backfire > cutting-torch","cutting-torch > backblast > backfire","equal within numerical tolerance","eligibility and base stats only; combat interactions require separate checks"
"2.70.0","backfire","Backfire","thermal-runaway","Thermal Runaway","allowed with prerequisites","","backblast > backfire > cutting-torch > thermal-runaway","cutting-torch > thermal-runaway > backblast > backfire","equal within numerical tolerance","eligibility and base stats only; combat interactions require separate checks"
"2.70.0","backfire","Backfire","vector","Vector rounds","allowed with prerequisites","","backblast > backfire > vector","vector > backblast > backfire","equal within numerical tolerance","eligibility and base stats only; combat interactions require separate checks"
"2.70.0","backfire","Backfire","afterburner","Afterburner","allowed with prerequisites","","backblast > backfire > vector > afterburner","vector > afterburner > backblast > backfire","equal within numerical tolerance","eligibility and base stats only; combat interactions require separate checks"
"2.70.0","backfire","Backfire","mass-driver","Mass Driver","allowed with prerequisites","","backblast > backfire > mass-driver","mass-driver > backblast > backfire","equal within numerical tolerance","eligibility and base stats only; combat interactions require separate checks"
"2.70.0","backfire","Backfire","drop-forge","Drop Forge","allowed with prerequisites","","backblast > backfire > mass-driver > drop-forge","mass-driver > drop-forge > backblast > backfire","equal within numerical tolerance","eligibility and base stats only; combat interactions require separate checks"
"2.70.0","recall","Recall","homecoming","Homecoming","allowed with prerequisites","","recall > homecoming","recall > homecoming","equal within numerical tolerance","eligibility and base stats only; combat interactions require separate checks"
"2.70.0","recall","Recall","capacitor","Capacitor","allowed with prerequisites","","recall > capacitor","capacitor > recall","equal within numerical tolerance","eligibility and base stats only; combat interactions require separate checks"
"2.70.0","recall","Recall","reserve-cell","Reserve cell","allowed with prerequisites","","recall > capacitor > reserve-cell","capacitor > reserve-cell > recall","equal within numerical tolerance","eligibility and base stats only; combat interactions require separate checks"
"2.70.0","recall","Recall","countershot","Countershot","allowed with prerequisites","","recall > countershot","countershot > recall","equal within numerical tolerance","eligibility and base stats only; combat interactions require separate checks"
"2.70.0","recall","Recall","reprisal","Reprisal","allowed with prerequisites","","recall > countershot > reprisal","countershot > reprisal > recall","equal within numerical tolerance","eligibility and base stats only; combat interactions require separate checks"
"2.70.0","recall","Recall","rivet","Rivet","allowed with prerequisites","","recall > deadeye > rivet","deadeye > rivet > recall","equal within numerical tolerance","eligibility and base stats only; combat interactions require separate checks"
"2.70.0","recall","Recall","fracture","Fracture","allowed with prerequisites","","recall > deadeye > rivet > fracture","deadeye > rivet > fracture > recall","equal within numerical tolerance","eligibility and base stats only; combat interactions require separate checks"
"2.70.0","recall","Recall","fuse","Fuse","allowed with prerequisites","","recall > shellshock > fuse","shellshock > fuse > recall","equal within numerical tolerance","eligibility and base stats only; combat interactions require separate checks"
"2.70.0","recall","Recall","linked-fuse","Linked fuse","allowed with prerequisites","","recall > shellshock > fuse > linked-fuse","shellshock > fuse > linked-fuse > recall","equal within numerical tolerance","eligibility and base stats only; combat interactions require separate checks"
"2.70.0","recall","Recall","afterimage","Afterimage","allowed with prerequisites","","recall > crossfire > afterimage","crossfire > afterimage > recall","equal within numerical tolerance","eligibility and base stats only; combat interactions require separate checks"
"2.70.0","recall","Recall","parallax","Parallax","allowed with prerequisites","","recall > crossfire > afterimage > parallax","crossfire > afterimage > parallax > recall","equal within numerical tolerance","eligibility and base stats only; combat interactions require separate checks"
"2.70.0","recall","Recall","rail-spike","Rail spike","allowed with prerequisites","","recall > deadeye > capacitor > rail-spike","deadeye > capacitor > rail-spike > recall","equal within numerical tolerance","eligibility and base stats only; combat interactions require separate checks"
"2.70.0","recall","Recall","tether","Tether rounds","allowed with prerequisites","","recall > tether","tether > recall","equal within numerical tolerance","eligibility and base stats only; combat interactions require separate checks"
"2.70.0","recall","Recall","snapback","Snapback","allowed with prerequisites","","recall > tether > snapback","tether > snapback > recall","equal within numerical tolerance","eligibility and base stats only; combat interactions require separate checks"
"2.70.0","recall","Recall","orbit","Orbit","allowed with prerequisites","","recall > crossfire > orbit","crossfire > recall > orbit","equal within numerical tolerance","eligibility and base stats only; combat interactions require separate checks"
"2.70.0","recall","Recall","arc-coil","Arc Coil","allowed with prerequisites","","recall > arc-coil","arc-coil > recall","equal within numerical tolerance","eligibility and base stats only; combat interactions require separate checks"
"2.70.0","recall","Recall","daisy-chain","Daisy Chain","allowed with prerequisites","","recall > arc-coil > daisy-chain","arc-coil > daisy-chain > recall","equal within numerical tolerance","eligibility and base stats only; combat interactions require separate checks"
"2.70.0","recall","Recall","implosion","Implosion","allowed with prerequisites","","recall > shellshock > fuse > implosion","shellshock > fuse > implosion > recall","equal within numerical tolerance","eligibility and base stats only; combat interactions require separate checks"
"2.70.0","recall","Recall","ramjet","Ramjet","allowed with prerequisites","","recall > ramjet","ramjet > recall","equal within numerical tolerance","eligibility and base stats only; combat interactions require separate checks"
"2.70.0","recall","Recall","cinder","Cinder rounds","allowed with prerequisites","","recall > cinder","cinder > recall","equal within numerical tolerance","eligibility and base stats only; combat interactions require separate checks"
"2.70.0","recall","Recall","crosswind","Crosswind","allowed with prerequisites","","recall > crosswind","crosswind > recall","equal within numerical tolerance","eligibility and base stats only; combat interactions require separate checks"
"2.70.0","recall","Recall","wrecking-ball","Wrecking Ball","allowed with prerequisites","","recall > ramjet > wrecking-ball","ramjet > wrecking-ball > recall","equal within numerical tolerance","eligibility and base stats only; combat interactions require separate checks"
"2.70.0","recall","Recall","flashpoint","Flashpoint","allowed with prerequisites","","recall > cinder > flashpoint","cinder > flashpoint > recall","equal within numerical tolerance","eligibility and base stats only; combat interactions require separate checks"
"2.70.0","recall","Recall","slipstream","Slipstream","allowed with prerequisites","","recall > crosswind > slipstream","crosswind > slipstream > recall","equal within numerical tolerance","eligibility and base stats only; combat interactions require separate checks"
"2.70.0","recall","Recall","grindshot","Grindshot","allowed with prerequisites","","recall > grindshot","grindshot > recall","equal within numerical tolerance","eligibility and base stats only; combat interactions require separate checks"
"2.70.0","recall","Recall","corner-cutter","Corner Cutter","allowed with prerequisites","","recall > grindshot > corner-cutter","grindshot > corner-cutter > recall","equal within numerical tolerance","eligibility and base stats only; combat interactions require separate checks"
"2.70.0","recall","Recall","tripwire","Tripwire","allowed with prerequisites","","recall > tripwire","tripwire > recall","equal within numerical tolerance","eligibility and base stats only; combat interactions require separate checks"
"2.70.0","recall","Recall","tension","Tension","allowed with prerequisites","","recall > tripwire > tension","tripwire > tension > recall","equal within numerical tolerance","eligibility and base stats only; combat interactions require separate checks"
"2.70.0","recall","Recall","cutting-torch","Cutting Torch","blocked","conversion exclusion: cutting-torch + recall","recall > cutting-torch","cutting-torch > recall","not applicable","eligibility and base stats only; combat interactions require separate checks"
"2.70.0","recall","Recall","thermal-runaway","Thermal Runaway","blocked","conversion exclusion: cutting-torch + recall","recall > cutting-torch > thermal-runaway","cutting-torch > thermal-runaway > recall","not applicable","eligibility and base stats only; combat interactions require separate checks"
"2.70.0","recall","Recall","vector","Vector rounds","allowed with prerequisites","","recall > vector","vector > recall","equal within numerical tolerance","eligibility and base stats only; combat interactions require separate checks"
"2.70.0","recall","Recall","afterburner","Afterburner","allowed with prerequisites","","recall > vector > afterburner","vector > afterburner > recall","equal within numerical tolerance","eligibility and base stats only; combat interactions require separate checks"
"2.70.0","recall","Recall","mass-driver","Mass Driver","allowed with prerequisites","","recall > mass-driver","mass-driver > recall","equal within numerical tolerance","eligibility and base stats only; combat interactions require separate checks"
"2.70.0","recall","Recall","drop-forge","Drop Forge","allowed with prerequisites","","recall > mass-driver > drop-forge","mass-driver > drop-forge > recall","equal within numerical tolerance","eligibility and base stats only; combat interactions require separate checks"
"2.70.0","homecoming","Homecoming","capacitor","Capacitor","allowed with prerequisites","","recall > homecoming > capacitor","capacitor > recall > homecoming","equal within numerical tolerance","eligibility and base stats only; combat interactions require separate checks"
"2.70.0","homecoming","Homecoming","reserve-cell","Reserve cell","allowed with prerequisites","","recall > homecoming > capacitor > reserve-cell","capacitor > reserve-cell > recall > homecoming","equal within numerical tolerance","eligibility and base stats only; combat interactions require separate checks"
"2.70.0","homecoming","Homecoming","countershot","Countershot","allowed with prerequisites","","recall > homecoming > countershot","countershot > recall > homecoming","equal within numerical tolerance","eligibility and base stats only; combat interactions require separate checks"
"2.70.0","homecoming","Homecoming","reprisal","Reprisal","allowed with prerequisites","","recall > homecoming > countershot > reprisal","countershot > reprisal > recall > homecoming","equal within numerical tolerance","eligibility and base stats only; combat interactions require separate checks"
"2.70.0","homecoming","Homecoming","rivet","Rivet","allowed with prerequisites","","recall > homecoming > deadeye > rivet","deadeye > rivet > recall > homecoming","equal within numerical tolerance","eligibility and base stats only; combat interactions require separate checks"
"2.70.0","homecoming","Homecoming","fracture","Fracture","allowed with prerequisites","","recall > homecoming > deadeye > rivet > fracture","deadeye > rivet > fracture > recall > homecoming","equal within numerical tolerance","eligibility and base stats only; combat interactions require separate checks"
"2.70.0","homecoming","Homecoming","fuse","Fuse","allowed with prerequisites","","recall > homecoming > shellshock > fuse","shellshock > fuse > recall > homecoming","equal within numerical tolerance","eligibility and base stats only; combat interactions require separate checks"
"2.70.0","homecoming","Homecoming","linked-fuse","Linked fuse","allowed with prerequisites","","recall > homecoming > shellshock > fuse > linked-fuse","shellshock > fuse > linked-fuse > recall > homecoming","equal within numerical tolerance","eligibility and base stats only; combat interactions require separate checks"
"2.70.0","homecoming","Homecoming","afterimage","Afterimage","allowed with prerequisites","","recall > homecoming > crossfire > afterimage","crossfire > afterimage > recall > homecoming","equal within numerical tolerance","eligibility and base stats only; combat interactions require separate checks"
"2.70.0","homecoming","Homecoming","parallax","Parallax","allowed with prerequisites","","recall > homecoming > crossfire > afterimage > parallax","crossfire > afterimage > parallax > recall > homecoming","equal within numerical tolerance","eligibility and base stats only; combat interactions require separate checks"
"2.70.0","homecoming","Homecoming","rail-spike","Rail spike","allowed with prerequisites","","recall > homecoming > deadeye > capacitor > rail-spike","deadeye > capacitor > rail-spike > recall > homecoming","equal within numerical tolerance","eligibility and base stats only; combat interactions require separate checks"
"2.70.0","homecoming","Homecoming","tether","Tether rounds","allowed with prerequisites","","recall > homecoming > tether","tether > recall > homecoming","equal within numerical tolerance","eligibility and base stats only; combat interactions require separate checks"
"2.70.0","homecoming","Homecoming","snapback","Snapback","allowed with prerequisites","","recall > homecoming > tether > snapback","tether > snapback > recall > homecoming","equal within numerical tolerance","eligibility and base stats only; combat interactions require separate checks"
"2.70.0","homecoming","Homecoming","orbit","Orbit","allowed with prerequisites","","recall > homecoming > crossfire > orbit","crossfire > recall > orbit > homecoming","equal within numerical tolerance","eligibility and base stats only; combat interactions require separate checks"
"2.70.0","homecoming","Homecoming","arc-coil","Arc Coil","allowed with prerequisites","","recall > homecoming > arc-coil","arc-coil > recall > homecoming","equal within numerical tolerance","eligibility and base stats only; combat interactions require separate checks"
"2.70.0","homecoming","Homecoming","daisy-chain","Daisy Chain","allowed with prerequisites","","recall > homecoming > arc-coil > daisy-chain","arc-coil > daisy-chain > recall > homecoming","equal within numerical tolerance","eligibility and base stats only; combat interactions require separate checks"
"2.70.0","homecoming","Homecoming","implosion","Implosion","allowed with prerequisites","","recall > homecoming > shellshock > fuse > implosion","shellshock > fuse > implosion > recall > homecoming","equal within numerical tolerance","eligibility and base stats only; combat interactions require separate checks"
"2.70.0","homecoming","Homecoming","ramjet","Ramjet","allowed with prerequisites","","recall > homecoming > ramjet","ramjet > recall > homecoming","equal within numerical tolerance","eligibility and base stats only; combat interactions require separate checks"
"2.70.0","homecoming","Homecoming","cinder","Cinder rounds","allowed with prerequisites","","recall > homecoming > cinder","cinder > recall > homecoming","equal within numerical tolerance","eligibility and base stats only; combat interactions require separate checks"
"2.70.0","homecoming","Homecoming","crosswind","Crosswind","allowed with prerequisites","","recall > homecoming > crosswind","crosswind > recall > homecoming","equal within numerical tolerance","eligibility and base stats only; combat interactions require separate checks"
"2.70.0","homecoming","Homecoming","wrecking-ball","Wrecking Ball","allowed with prerequisites","","recall > homecoming > ramjet > wrecking-ball","ramjet > wrecking-ball > recall > homecoming","equal within numerical tolerance","eligibility and base stats only; combat interactions require separate checks"
"2.70.0","homecoming","Homecoming","flashpoint","Flashpoint","allowed with prerequisites","","recall > homecoming > cinder > flashpoint","cinder > flashpoint > recall > homecoming","equal within numerical tolerance","eligibility and base stats only; combat interactions require separate checks"
"2.70.0","homecoming","Homecoming","slipstream","Slipstream","allowed with prerequisites","","recall > homecoming > crosswind > slipstream","crosswind > slipstream > recall > homecoming","equal within numerical tolerance","eligibility and base stats only; combat interactions require separate checks"
"2.70.0","homecoming","Homecoming","grindshot","Grindshot","allowed with prerequisites","","recall > homecoming > grindshot","grindshot > recall > homecoming","equal within numerical tolerance","eligibility and base stats only; combat interactions require separate checks"
"2.70.0","homecoming","Homecoming","corner-cutter","Corner Cutter","allowed with prerequisites","","recall > homecoming > grindshot > corner-cutter","grindshot > corner-cutter > recall > homecoming","equal within numerical tolerance","eligibility and base stats only; combat interactions require separate checks"
"2.70.0","homecoming","Homecoming","tripwire","Tripwire","allowed with prerequisites","","recall > homecoming > tripwire","tripwire > recall > homecoming","equal within numerical tolerance","eligibility and base stats only; combat interactions require separate checks"
"2.70.0","homecoming","Homecoming","tension","Tension","allowed with prerequisites","","recall > homecoming > tripwire > tension","tripwire > tension > recall > homecoming","equal within numerical tolerance","eligibility and base stats only; combat interactions require separate checks"
"2.70.0","homecoming","Homecoming","cutting-torch","Cutting Torch","blocked","conversion exclusion: cutting-torch + recall","recall > homecoming > cutting-torch","cutting-torch > recall > homecoming","not applicable","eligibility and base stats only; combat interactions require separate checks"
"2.70.0","homecoming","Homecoming","thermal-runaway","Thermal Runaway","blocked","conversion exclusion: cutting-torch + recall","recall > homecoming > cutting-torch > thermal-runaway","cutting-torch > thermal-runaway > recall > homecoming","not applicable","eligibility and base stats only; combat interactions require separate checks"
"2.70.0","homecoming","Homecoming","vector","Vector rounds","allowed with prerequisites","","recall > homecoming > vector","vector > recall > homecoming","equal within numerical tolerance","eligibility and base stats only; combat interactions require separate checks"
"2.70.0","homecoming","Homecoming","afterburner","Afterburner","allowed with prerequisites","","recall > homecoming > vector > afterburner","vector > afterburner > recall > homecoming","equal within numerical tolerance","eligibility and base stats only; combat interactions require separate checks"
"2.70.0","homecoming","Homecoming","mass-driver","Mass Driver","allowed with prerequisites","","recall > homecoming > mass-driver","mass-driver > recall > homecoming","equal within numerical tolerance","eligibility and base stats only; combat interactions require separate checks"
"2.70.0","homecoming","Homecoming","drop-forge","Drop Forge","allowed with prerequisites","","recall > homecoming > mass-driver > drop-forge","mass-driver > drop-forge > recall > homecoming","equal within numerical tolerance","eligibility and base stats only; combat interactions require separate checks"
"2.70.0","capacitor","Capacitor","reserve-cell","Reserve cell","allowed with prerequisites","","capacitor > reserve-cell","capacitor > reserve-cell","equal within numerical tolerance","eligibility and base stats only; combat interactions require separate checks"
"2.70.0","capacitor","Capacitor","countershot","Countershot","allowed with prerequisites","","capacitor > countershot","countershot > capacitor","equal within numerical tolerance","eligibility and base stats only; combat interactions require separate checks"
"2.70.0","capacitor","Capacitor","reprisal","Reprisal","allowed with prerequisites","","capacitor > countershot > reprisal","countershot > reprisal > capacitor","equal within numerical tolerance","eligibility and base stats only; combat interactions require separate checks"
"2.70.0","capacitor","Capacitor","rivet","Rivet","allowed with prerequisites","","capacitor > deadeye > rivet","deadeye > rivet > capacitor","equal within numerical tolerance","eligibility and base stats only; combat interactions require separate checks"
"2.70.0","capacitor","Capacitor","fracture","Fracture","allowed with prerequisites","","capacitor > deadeye > rivet > fracture","deadeye > rivet > fracture > capacitor","equal within numerical tolerance","eligibility and base stats only; combat interactions require separate checks"
"2.70.0","capacitor","Capacitor","fuse","Fuse","allowed with prerequisites","","capacitor > shellshock > fuse","shellshock > fuse > capacitor","equal within numerical tolerance","eligibility and base stats only; combat interactions require separate checks"
"2.70.0","capacitor","Capacitor","linked-fuse","Linked fuse","allowed with prerequisites","","capacitor > shellshock > fuse > linked-fuse","shellshock > fuse > linked-fuse > capacitor","equal within numerical tolerance","eligibility and base stats only; combat interactions require separate checks"
"2.70.0","capacitor","Capacitor","afterimage","Afterimage","allowed with prerequisites","","capacitor > crossfire > afterimage","crossfire > afterimage > capacitor","equal within numerical tolerance","eligibility and base stats only; combat interactions require separate checks"
"2.70.0","capacitor","Capacitor","parallax","Parallax","allowed with prerequisites","","capacitor > crossfire > afterimage > parallax","crossfire > afterimage > parallax > capacitor","equal within numerical tolerance","eligibility and base stats only; combat interactions require separate checks"
"2.70.0","capacitor","Capacitor","rail-spike","Rail spike","allowed with prerequisites","","capacitor > deadeye > rail-spike","deadeye > capacitor > rail-spike","equal within numerical tolerance","eligibility and base stats only; combat interactions require separate checks"
"2.70.0","capacitor","Capacitor","tether","Tether rounds","allowed with prerequisites","","capacitor > tether","tether > capacitor","equal within numerical tolerance","eligibility and base stats only; combat interactions require separate checks"
"2.70.0","capacitor","Capacitor","snapback","Snapback","allowed with prerequisites","","capacitor > tether > snapback","tether > snapback > capacitor","equal within numerical tolerance","eligibility and base stats only; combat interactions require separate checks"
"2.70.0","capacitor","Capacitor","orbit","Orbit","allowed with prerequisites","","capacitor > crossfire > recall > orbit","crossfire > recall > orbit > capacitor","equal within numerical tolerance","eligibility and base stats only; combat interactions require separate checks"
"2.70.0","capacitor","Capacitor","arc-coil","Arc Coil","allowed with prerequisites","","capacitor > arc-coil","arc-coil > capacitor","equal within numerical tolerance","eligibility and base stats only; combat interactions require separate checks"
"2.70.0","capacitor","Capacitor","daisy-chain","Daisy Chain","allowed with prerequisites","","capacitor > arc-coil > daisy-chain","arc-coil > daisy-chain > capacitor","equal within numerical tolerance","eligibility and base stats only; combat interactions require separate checks"
"2.70.0","capacitor","Capacitor","implosion","Implosion","allowed with prerequisites","","capacitor > shellshock > fuse > implosion","shellshock > fuse > implosion > capacitor","equal within numerical tolerance","eligibility and base stats only; combat interactions require separate checks"
"2.70.0","capacitor","Capacitor","ramjet","Ramjet","allowed with prerequisites","","capacitor > ramjet","ramjet > capacitor","equal within numerical tolerance","eligibility and base stats only; combat interactions require separate checks"
"2.70.0","capacitor","Capacitor","cinder","Cinder rounds","allowed with prerequisites","","capacitor > cinder","cinder > capacitor","equal within numerical tolerance","eligibility and base stats only; combat interactions require separate checks"
"2.70.0","capacitor","Capacitor","crosswind","Crosswind","allowed with prerequisites","","capacitor > crosswind","crosswind > capacitor","equal within numerical tolerance","eligibility and base stats only; combat interactions require separate checks"
"2.70.0","capacitor","Capacitor","wrecking-ball","Wrecking Ball","allowed with prerequisites","","capacitor > ramjet > wrecking-ball","ramjet > wrecking-ball > capacitor","equal within numerical tolerance","eligibility and base stats only; combat interactions require separate checks"
"2.70.0","capacitor","Capacitor","flashpoint","Flashpoint","allowed with prerequisites","","capacitor > cinder > flashpoint","cinder > flashpoint > capacitor","equal within numerical tolerance","eligibility and base stats only; combat interactions require separate checks"
"2.70.0","capacitor","Capacitor","slipstream","Slipstream","allowed with prerequisites","","capacitor > crosswind > slipstream","crosswind > slipstream > capacitor","equal within numerical tolerance","eligibility and base stats only; combat interactions require separate checks"
"2.70.0","capacitor","Capacitor","grindshot","Grindshot","allowed with prerequisites","","capacitor > grindshot","grindshot > capacitor","equal within numerical tolerance","eligibility and base stats only; combat interactions require separate checks"
"2.70.0","capacitor","Capacitor","corner-cutter","Corner Cutter","allowed with prerequisites","","capacitor > grindshot > corner-cutter","grindshot > corner-cutter > capacitor","equal within numerical tolerance","eligibility and base stats only; combat interactions require separate checks"
"2.70.0","capacitor","Capacitor","tripwire","Tripwire","allowed with prerequisites","","capacitor > tripwire","tripwire > capacitor","equal within numerical tolerance","eligibility and base stats only; combat interactions require separate checks"
"2.70.0","capacitor","Capacitor","tension","Tension","allowed with prerequisites","","capacitor > tripwire > tension","tripwire > tension > capacitor","equal within numerical tolerance","eligibility and base stats only; combat interactions require separate checks"
"2.70.0","capacitor","Capacitor","cutting-torch","Cutting Torch","allowed with prerequisites","","capacitor > cutting-torch","cutting-torch > capacitor","equal within numerical tolerance","eligibility and base stats only; combat interactions require separate checks"
"2.70.0","capacitor","Capacitor","thermal-runaway","Thermal Runaway","allowed with prerequisites","","capacitor > cutting-torch > thermal-runaway","cutting-torch > thermal-runaway > capacitor","equal within numerical tolerance","eligibility and base stats only; combat interactions require separate checks"
"2.70.0","capacitor","Capacitor","vector","Vector rounds","allowed with prerequisites","","capacitor > vector","vector > capacitor","equal within numerical tolerance","eligibility and base stats only; combat interactions require separate checks"
"2.70.0","capacitor","Capacitor","afterburner","Afterburner","allowed with prerequisites","","capacitor > vector > afterburner","vector > afterburner > capacitor","equal within numerical tolerance","eligibility and base stats only; combat interactions require separate checks"
"2.70.0","capacitor","Capacitor","mass-driver","Mass Driver","allowed with prerequisites","","capacitor > mass-driver","mass-driver > capacitor","equal within numerical tolerance","eligibility and base stats only; combat interactions require separate checks"
"2.70.0","capacitor","Capacitor","drop-forge","Drop Forge","allowed with prerequisites","","capacitor > mass-driver > drop-forge","mass-driver > drop-forge > capacitor","equal within numerical tolerance","eligibility and base stats only; combat interactions require separate checks"
"2.70.0","reserve-cell","Reserve cell","countershot","Countershot","allowed with prerequisites","","capacitor > reserve-cell > countershot","countershot > capacitor > reserve-cell","equal within numerical tolerance","eligibility and base stats only; combat interactions require separate checks"
"2.70.0","reserve-cell","Reserve cell","reprisal","Reprisal","allowed with prerequisites","","capacitor > reserve-cell > countershot > reprisal","countershot > reprisal > capacitor > reserve-cell","equal within numerical tolerance","eligibility and base stats only; combat interactions require separate checks"
"2.70.0","reserve-cell","Reserve cell","rivet","Rivet","allowed with prerequisites","","capacitor > reserve-cell > deadeye > rivet","deadeye > rivet > capacitor > reserve-cell","equal within numerical tolerance","eligibility and base stats only; combat interactions require separate checks"
"2.70.0","reserve-cell","Reserve cell","fracture","Fracture","allowed with prerequisites","","capacitor > reserve-cell > deadeye > rivet > fracture","deadeye > rivet > fracture > capacitor > reserve-cell","equal within numerical tolerance","eligibility and base stats only; combat interactions require separate checks"
"2.70.0","reserve-cell","Reserve cell","fuse","Fuse","allowed with prerequisites","","capacitor > reserve-cell > shellshock > fuse","shellshock > fuse > capacitor > reserve-cell","equal within numerical tolerance","eligibility and base stats only; combat interactions require separate checks"
"2.70.0","reserve-cell","Reserve cell","linked-fuse","Linked fuse","allowed with prerequisites","","capacitor > reserve-cell > shellshock > fuse > linked-fuse","shellshock > fuse > linked-fuse > capacitor > reserve-cell","equal within numerical tolerance","eligibility and base stats only; combat interactions require separate checks"
"2.70.0","reserve-cell","Reserve cell","afterimage","Afterimage","allowed with prerequisites","","capacitor > reserve-cell > crossfire > afterimage","crossfire > afterimage > capacitor > reserve-cell","equal within numerical tolerance","eligibility and base stats only; combat interactions require separate checks"
"2.70.0","reserve-cell","Reserve cell","parallax","Parallax","allowed with prerequisites","","capacitor > reserve-cell > crossfire > afterimage > parallax","crossfire > afterimage > parallax > capacitor > reserve-cell","equal within numerical tolerance","eligibility and base stats only; combat interactions require separate checks"
"2.70.0","reserve-cell","Reserve cell","rail-spike","Rail spike","allowed with prerequisites","","capacitor > reserve-cell > deadeye > rail-spike","deadeye > capacitor > rail-spike > reserve-cell","equal within numerical tolerance","eligibility and base stats only; combat interactions require separate checks"
"2.70.0","reserve-cell","Reserve cell","tether","Tether rounds","allowed with prerequisites","","capacitor > reserve-cell > tether","tether > capacitor > reserve-cell","equal within numerical tolerance","eligibility and base stats only; combat interactions require separate checks"
"2.70.0","reserve-cell","Reserve cell","snapback","Snapback","allowed with prerequisites","","capacitor > reserve-cell > tether > snapback","tether > snapback > capacitor > reserve-cell","equal within numerical tolerance","eligibility and base stats only; combat interactions require separate checks"
"2.70.0","reserve-cell","Reserve cell","orbit","Orbit","allowed with prerequisites","","capacitor > reserve-cell > crossfire > recall > orbit","crossfire > recall > orbit > capacitor > reserve-cell","equal within numerical tolerance","eligibility and base stats only; combat interactions require separate checks"
"2.70.0","reserve-cell","Reserve cell","arc-coil","Arc Coil","allowed with prerequisites","","capacitor > reserve-cell > arc-coil","arc-coil > capacitor > reserve-cell","equal within numerical tolerance","eligibility and base stats only; combat interactions require separate checks"
"2.70.0","reserve-cell","Reserve cell","daisy-chain","Daisy Chain","allowed with prerequisites","","capacitor > reserve-cell > arc-coil > daisy-chain","arc-coil > daisy-chain > capacitor > reserve-cell","equal within numerical tolerance","eligibility and base stats only; combat interactions require separate checks"
"2.70.0","reserve-cell","Reserve cell","implosion","Implosion","allowed with prerequisites","","capacitor > reserve-cell > shellshock > fuse > implosion","shellshock > fuse > implosion > capacitor > reserve-cell","equal within numerical tolerance","eligibility and base stats only; combat interactions require separate checks"
"2.70.0","reserve-cell","Reserve cell","ramjet","Ramjet","allowed with prerequisites","","capacitor > reserve-cell > ramjet","ramjet > capacitor > reserve-cell","equal within numerical tolerance","eligibility and base stats only; combat interactions require separate checks"
"2.70.0","reserve-cell","Reserve cell","cinder","Cinder rounds","allowed with prerequisites","","capacitor > reserve-cell > cinder","cinder > capacitor > reserve-cell","equal within numerical tolerance","eligibility and base stats only; combat interactions require separate checks"
"2.70.0","reserve-cell","Reserve cell","crosswind","Crosswind","allowed with prerequisites","","capacitor > reserve-cell > crosswind","crosswind > capacitor > reserve-cell","equal within numerical tolerance","eligibility and base stats only; combat interactions require separate checks"
"2.70.0","reserve-cell","Reserve cell","wrecking-ball","Wrecking Ball","allowed with prerequisites","","capacitor > reserve-cell > ramjet > wrecking-ball","ramjet > wrecking-ball > capacitor > reserve-cell","equal within numerical tolerance","eligibility and base stats only; combat interactions require separate checks"
"2.70.0","reserve-cell","Reserve cell","flashpoint","Flashpoint","allowed with prerequisites","","capacitor > reserve-cell > cinder > flashpoint","cinder > flashpoint > capacitor > reserve-cell","equal within numerical tolerance","eligibility and base stats only; combat interactions require separate checks"
"2.70.0","reserve-cell","Reserve cell","slipstream","Slipstream","allowed with prerequisites","","capacitor > reserve-cell > crosswind > slipstream","crosswind > slipstream > capacitor > reserve-cell","equal within numerical tolerance","eligibility and base stats only; combat interactions require separate checks"
"2.70.0","reserve-cell","Reserve cell","grindshot","Grindshot","allowed with prerequisites","","capacitor > reserve-cell > grindshot","grindshot > capacitor > reserve-cell","equal within numerical tolerance","eligibility and base stats only; combat interactions require separate checks"
"2.70.0","reserve-cell","Reserve cell","corner-cutter","Corner Cutter","allowed with prerequisites","","capacitor > reserve-cell > grindshot > corner-cutter","grindshot > corner-cutter > capacitor > reserve-cell","equal within numerical tolerance","eligibility and base stats only; combat interactions require separate checks"
"2.70.0","reserve-cell","Reserve cell","tripwire","Tripwire","allowed with prerequisites","","capacitor > reserve-cell > tripwire","tripwire > capacitor > reserve-cell","equal within numerical tolerance","eligibility and base stats only; combat interactions require separate checks"
"2.70.0","reserve-cell","Reserve cell","tension","Tension","allowed with prerequisites","","capacitor > reserve-cell > tripwire > tension","tripwire > tension > capacitor > reserve-cell","equal within numerical tolerance","eligibility and base stats only; combat interactions require separate checks"
"2.70.0","reserve-cell","Reserve cell","cutting-torch","Cutting Torch","allowed with prerequisites","","capacitor > reserve-cell > cutting-torch","cutting-torch > capacitor > reserve-cell","equal within numerical tolerance","eligibility and base stats only; combat interactions require separate checks"
"2.70.0","reserve-cell","Reserve cell","thermal-runaway","Thermal Runaway","allowed with prerequisites","","capacitor > reserve-cell > cutting-torch > thermal-runaway","cutting-torch > thermal-runaway > capacitor > reserve-cell","equal within numerical tolerance","eligibility and base stats only; combat interactions require separate checks"
"2.70.0","reserve-cell","Reserve cell","vector","Vector rounds","allowed with prerequisites","","capacitor > reserve-cell > vector","vector > capacitor > reserve-cell","equal within numerical tolerance","eligibility and base stats only; combat interactions require separate checks"
"2.70.0","reserve-cell","Reserve cell","afterburner","Afterburner","allowed with prerequisites","","capacitor > reserve-cell > vector > afterburner","vector > afterburner > capacitor > reserve-cell","equal within numerical tolerance","eligibility and base stats only; combat interactions require separate checks"
"2.70.0","reserve-cell","Reserve cell","mass-driver","Mass Driver","allowed with prerequisites","","capacitor > reserve-cell > mass-driver","mass-driver > capacitor > reserve-cell","equal within numerical tolerance","eligibility and base stats only; combat interactions require separate checks"
"2.70.0","reserve-cell","Reserve cell","drop-forge","Drop Forge","allowed with prerequisites","","capacitor > reserve-cell > mass-driver > drop-forge","mass-driver > drop-forge > capacitor > reserve-cell","equal within numerical tolerance","eligibility and base stats only; combat interactions require separate checks"
"2.70.0","countershot","Countershot","reprisal","Reprisal","allowed with prerequisites","","countershot > reprisal","countershot > reprisal","equal within numerical tolerance","eligibility and base stats only; combat interactions require separate checks"
"2.70.0","countershot","Countershot","rivet","Rivet","allowed with prerequisites","","countershot > deadeye > rivet","deadeye > rivet > countershot","equal within numerical tolerance","eligibility and base stats only; combat interactions require separate checks"
"2.70.0","countershot","Countershot","fracture","Fracture","allowed with prerequisites","","countershot > deadeye > rivet > fracture","deadeye > rivet > fracture > countershot","equal within numerical tolerance","eligibility and base stats only; combat interactions require separate checks"
"2.70.0","countershot","Countershot","fuse","Fuse","allowed with prerequisites","","countershot > shellshock > fuse","shellshock > fuse > countershot","equal within numerical tolerance","eligibility and base stats only; combat interactions require separate checks"
"2.70.0","countershot","Countershot","linked-fuse","Linked fuse","allowed with prerequisites","","countershot > shellshock > fuse > linked-fuse","shellshock > fuse > linked-fuse > countershot","equal within numerical tolerance","eligibility and base stats only; combat interactions require separate checks"
"2.70.0","countershot","Countershot","afterimage","Afterimage","allowed with prerequisites","","countershot > crossfire > afterimage","crossfire > afterimage > countershot","equal within numerical tolerance","eligibility and base stats only; combat interactions require separate checks"
"2.70.0","countershot","Countershot","parallax","Parallax","allowed with prerequisites","","countershot > crossfire > afterimage > parallax","crossfire > afterimage > parallax > countershot","equal within numerical tolerance","eligibility and base stats only; combat interactions require separate checks"
"2.70.0","countershot","Countershot","rail-spike","Rail spike","allowed with prerequisites","","countershot > deadeye > capacitor > rail-spike","deadeye > capacitor > rail-spike > countershot","equal within numerical tolerance","eligibility and base stats only; combat interactions require separate checks"
"2.70.0","countershot","Countershot","tether","Tether rounds","allowed with prerequisites","","countershot > tether","tether > countershot","equal within numerical tolerance","eligibility and base stats only; combat interactions require separate checks"
"2.70.0","countershot","Countershot","snapback","Snapback","allowed with prerequisites","","countershot > tether > snapback","tether > snapback > countershot","equal within numerical tolerance","eligibility and base stats only; combat interactions require separate checks"
"2.70.0","countershot","Countershot","orbit","Orbit","allowed with prerequisites","","countershot > crossfire > recall > orbit","crossfire > recall > orbit > countershot","equal within numerical tolerance","eligibility and base stats only; combat interactions require separate checks"
"2.70.0","countershot","Countershot","arc-coil","Arc Coil","allowed with prerequisites","","countershot > arc-coil","arc-coil > countershot","equal within numerical tolerance","eligibility and base stats only; combat interactions require separate checks"
"2.70.0","countershot","Countershot","daisy-chain","Daisy Chain","allowed with prerequisites","","countershot > arc-coil > daisy-chain","arc-coil > daisy-chain > countershot","equal within numerical tolerance","eligibility and base stats only; combat interactions require separate checks"
"2.70.0","countershot","Countershot","implosion","Implosion","allowed with prerequisites","","countershot > shellshock > fuse > implosion","shellshock > fuse > implosion > countershot","equal within numerical tolerance","eligibility and base stats only; combat interactions require separate checks"
"2.70.0","countershot","Countershot","ramjet","Ramjet","allowed with prerequisites","","countershot > ramjet","ramjet > countershot","equal within numerical tolerance","eligibility and base stats only; combat interactions require separate checks"
"2.70.0","countershot","Countershot","cinder","Cinder rounds","allowed with prerequisites","","countershot > cinder","cinder > countershot","equal within numerical tolerance","eligibility and base stats only; combat interactions require separate checks"
"2.70.0","countershot","Countershot","crosswind","Crosswind","allowed with prerequisites","","countershot > crosswind","crosswind > countershot","equal within numerical tolerance","eligibility and base stats only; combat interactions require separate checks"
"2.70.0","countershot","Countershot","wrecking-ball","Wrecking Ball","allowed with prerequisites","","countershot > ramjet > wrecking-ball","ramjet > wrecking-ball > countershot","equal within numerical tolerance","eligibility and base stats only; combat interactions require separate checks"
"2.70.0","countershot","Countershot","flashpoint","Flashpoint","allowed with prerequisites","","countershot > cinder > flashpoint","cinder > flashpoint > countershot","equal within numerical tolerance","eligibility and base stats only; combat interactions require separate checks"
"2.70.0","countershot","Countershot","slipstream","Slipstream","allowed with prerequisites","","countershot > crosswind > slipstream","crosswind > slipstream > countershot","equal within numerical tolerance","eligibility and base stats only; combat interactions require separate checks"
"2.70.0","countershot","Countershot","grindshot","Grindshot","allowed with prerequisites","","countershot > grindshot","grindshot > countershot","equal within numerical tolerance","eligibility and base stats only; combat interactions require separate checks"
"2.70.0","countershot","Countershot","corner-cutter","Corner Cutter","allowed with prerequisites","","countershot > grindshot > corner-cutter","grindshot > corner-cutter > countershot","equal within numerical tolerance","eligibility and base stats only; combat interactions require separate checks"
"2.70.0","countershot","Countershot","tripwire","Tripwire","allowed with prerequisites","","countershot > tripwire","tripwire > countershot","equal within numerical tolerance","eligibility and base stats only; combat interactions require separate checks"
"2.70.0","countershot","Countershot","tension","Tension","allowed with prerequisites","","countershot > tripwire > tension","tripwire > tension > countershot","equal within numerical tolerance","eligibility and base stats only; combat interactions require separate checks"
"2.70.0","countershot","Countershot","cutting-torch","Cutting Torch","allowed with prerequisites","","countershot > cutting-torch","cutting-torch > countershot","equal within numerical tolerance","eligibility and base stats only; combat interactions require separate checks"
"2.70.0","countershot","Countershot","thermal-runaway","Thermal Runaway","allowed with prerequisites","","countershot > cutting-torch > thermal-runaway","cutting-torch > thermal-runaway > countershot","equal within numerical tolerance","eligibility and base stats only; combat interactions require separate checks"
"2.70.0","countershot","Countershot","vector","Vector rounds","allowed with prerequisites","","countershot > vector","vector > countershot","equal within numerical tolerance","eligibility and base stats only; combat interactions require separate checks"
"2.70.0","countershot","Countershot","afterburner","Afterburner","allowed with prerequisites","","countershot > vector > afterburner","vector > afterburner > countershot","equal within numerical tolerance","eligibility and base stats only; combat interactions require separate checks"
"2.70.0","countershot","Countershot","mass-driver","Mass Driver","allowed with prerequisites","","countershot > mass-driver","mass-driver > countershot","equal within numerical tolerance","eligibility and base stats only; combat interactions require separate checks"
"2.70.0","countershot","Countershot","drop-forge","Drop Forge","allowed with prerequisites","","countershot > mass-driver > drop-forge","mass-driver > drop-forge > countershot","equal within numerical tolerance","eligibility and base stats only; combat interactions require separate checks"
"2.70.0","reprisal","Reprisal","rivet","Rivet","allowed with prerequisites","","countershot > reprisal > deadeye > rivet","deadeye > rivet > countershot > reprisal","equal within numerical tolerance","eligibility and base stats only; combat interactions require separate checks"
"2.70.0","reprisal","Reprisal","fracture","Fracture","allowed with prerequisites","","countershot > reprisal > deadeye > rivet > fracture","deadeye > rivet > fracture > countershot > reprisal","equal within numerical tolerance","eligibility and base stats only; combat interactions require separate checks"
"2.70.0","reprisal","Reprisal","fuse","Fuse","allowed with prerequisites","","countershot > reprisal > shellshock > fuse","shellshock > fuse > countershot > reprisal","equal within numerical tolerance","eligibility and base stats only; combat interactions require separate checks"
"2.70.0","reprisal","Reprisal","linked-fuse","Linked fuse","allowed with prerequisites","","countershot > reprisal > shellshock > fuse > linked-fuse","shellshock > fuse > linked-fuse > countershot > reprisal","equal within numerical tolerance","eligibility and base stats only; combat interactions require separate checks"
"2.70.0","reprisal","Reprisal","afterimage","Afterimage","allowed with prerequisites","","countershot > reprisal > crossfire > afterimage","crossfire > afterimage > countershot > reprisal","equal within numerical tolerance","eligibility and base stats only; combat interactions require separate checks"
"2.70.0","reprisal","Reprisal","parallax","Parallax","allowed with prerequisites","","countershot > reprisal > crossfire > afterimage > parallax","crossfire > afterimage > parallax > countershot > reprisal","equal within numerical tolerance","eligibility and base stats only; combat interactions require separate checks"
"2.70.0","reprisal","Reprisal","rail-spike","Rail spike","allowed with prerequisites","","countershot > reprisal > deadeye > capacitor > rail-spike","deadeye > capacitor > rail-spike > countershot > reprisal","equal within numerical tolerance","eligibility and base stats only; combat interactions require separate checks"
"2.70.0","reprisal","Reprisal","tether","Tether rounds","allowed with prerequisites","","countershot > reprisal > tether","tether > countershot > reprisal","equal within numerical tolerance","eligibility and base stats only; combat interactions require separate checks"
"2.70.0","reprisal","Reprisal","snapback","Snapback","allowed with prerequisites","","countershot > reprisal > tether > snapback","tether > snapback > countershot > reprisal","equal within numerical tolerance","eligibility and base stats only; combat interactions require separate checks"
"2.70.0","reprisal","Reprisal","orbit","Orbit","allowed with prerequisites","","countershot > reprisal > crossfire > recall > orbit","crossfire > recall > orbit > countershot > reprisal","equal within numerical tolerance","eligibility and base stats only; combat interactions require separate checks"
"2.70.0","reprisal","Reprisal","arc-coil","Arc Coil","allowed with prerequisites","","countershot > reprisal > arc-coil","arc-coil > countershot > reprisal","equal within numerical tolerance","eligibility and base stats only; combat interactions require separate checks"
"2.70.0","reprisal","Reprisal","daisy-chain","Daisy Chain","allowed with prerequisites","","countershot > reprisal > arc-coil > daisy-chain","arc-coil > daisy-chain > countershot > reprisal","equal within numerical tolerance","eligibility and base stats only; combat interactions require separate checks"
"2.70.0","reprisal","Reprisal","implosion","Implosion","allowed with prerequisites","","countershot > reprisal > shellshock > fuse > implosion","shellshock > fuse > implosion > countershot > reprisal","equal within numerical tolerance","eligibility and base stats only; combat interactions require separate checks"
"2.70.0","reprisal","Reprisal","ramjet","Ramjet","allowed with prerequisites","","countershot > reprisal > ramjet","ramjet > countershot > reprisal","equal within numerical tolerance","eligibility and base stats only; combat interactions require separate checks"
"2.70.0","reprisal","Reprisal","cinder","Cinder rounds","allowed with prerequisites","","countershot > reprisal > cinder","cinder > countershot > reprisal","equal within numerical tolerance","eligibility and base stats only; combat interactions require separate checks"
"2.70.0","reprisal","Reprisal","crosswind","Crosswind","allowed with prerequisites","","countershot > reprisal > crosswind","crosswind > countershot > reprisal","equal within numerical tolerance","eligibility and base stats only; combat interactions require separate checks"
"2.70.0","reprisal","Reprisal","wrecking-ball","Wrecking Ball","allowed with prerequisites","","countershot > reprisal > ramjet > wrecking-ball","ramjet > wrecking-ball > countershot > reprisal","equal within numerical tolerance","eligibility and base stats only; combat interactions require separate checks"
"2.70.0","reprisal","Reprisal","flashpoint","Flashpoint","allowed with prerequisites","","countershot > reprisal > cinder > flashpoint","cinder > flashpoint > countershot > reprisal","equal within numerical tolerance","eligibility and base stats only; combat interactions require separate checks"
"2.70.0","reprisal","Reprisal","slipstream","Slipstream","allowed with prerequisites","","countershot > reprisal > crosswind > slipstream","crosswind > slipstream > countershot > reprisal","equal within numerical tolerance","eligibility and base stats only; combat interactions require separate checks"
"2.70.0","reprisal","Reprisal","grindshot","Grindshot","allowed with prerequisites","","countershot > reprisal > grindshot","grindshot > countershot > reprisal","equal within numerical tolerance","eligibility and base stats only; combat interactions require separate checks"
"2.70.0","reprisal","Reprisal","corner-cutter","Corner Cutter","allowed with prerequisites","","countershot > reprisal > grindshot > corner-cutter","grindshot > corner-cutter > countershot > reprisal","equal within numerical tolerance","eligibility and base stats only; combat interactions require separate checks"
"2.70.0","reprisal","Reprisal","tripwire","Tripwire","allowed with prerequisites","","countershot > reprisal > tripwire","tripwire > countershot > reprisal","equal within numerical tolerance","eligibility and base stats only; combat interactions require separate checks"
"2.70.0","reprisal","Reprisal","tension","Tension","allowed with prerequisites","","countershot > reprisal > tripwire > tension","tripwire > tension > countershot > reprisal","equal within numerical tolerance","eligibility and base stats only; combat interactions require separate checks"
"2.70.0","reprisal","Reprisal","cutting-torch","Cutting Torch","allowed with prerequisites","","countershot > reprisal > cutting-torch","cutting-torch > countershot > reprisal","equal within numerical tolerance","eligibility and base stats only; combat interactions require separate checks"
"2.70.0","reprisal","Reprisal","thermal-runaway","Thermal Runaway","allowed with prerequisites","","countershot > reprisal > cutting-torch > thermal-runaway","cutting-torch > thermal-runaway > countershot > reprisal","equal within numerical tolerance","eligibility and base stats only; combat interactions require separate checks"
"2.70.0","reprisal","Reprisal","vector","Vector rounds","allowed with prerequisites","","countershot > reprisal > vector","vector > countershot > reprisal","equal within numerical tolerance","eligibility and base stats only; combat interactions require separate checks"
"2.70.0","reprisal","Reprisal","afterburner","Afterburner","allowed with prerequisites","","countershot > reprisal > vector > afterburner","vector > afterburner > countershot > reprisal","equal within numerical tolerance","eligibility and base stats only; combat interactions require separate checks"
"2.70.0","reprisal","Reprisal","mass-driver","Mass Driver","allowed with prerequisites","","countershot > reprisal > mass-driver","mass-driver > countershot > reprisal","equal within numerical tolerance","eligibility and base stats only; combat interactions require separate checks"
"2.70.0","reprisal","Reprisal","drop-forge","Drop Forge","allowed with prerequisites","","countershot > reprisal > mass-driver > drop-forge","mass-driver > drop-forge > countershot > reprisal","equal within numerical tolerance","eligibility and base stats only; combat interactions require separate checks"
"2.70.0","rivet","Rivet","fracture","Fracture","allowed with prerequisites","","deadeye > rivet > fracture","deadeye > rivet > fracture","equal within numerical tolerance","eligibility and base stats only; combat interactions require separate checks"
"2.70.0","rivet","Rivet","fuse","Fuse","blocked","different paths: demolition + precision","deadeye > rivet > shellshock > fuse","shellshock > fuse > deadeye > rivet","not applicable","eligibility and base stats only; combat interactions require separate checks"
"2.70.0","rivet","Rivet","linked-fuse","Linked fuse","blocked","different paths: demolition + precision","deadeye > rivet > shellshock > fuse > linked-fuse","shellshock > fuse > linked-fuse > deadeye > rivet","not applicable","eligibility and base stats only; combat interactions require separate checks"
"2.70.0","rivet","Rivet","afterimage","Afterimage","blocked","different paths: bullet-hell + precision","deadeye > rivet > crossfire > afterimage","crossfire > afterimage > deadeye > rivet","not applicable","eligibility and base stats only; combat interactions require separate checks"
"2.70.0","rivet","Rivet","parallax","Parallax","blocked","different paths: bullet-hell + precision","deadeye > rivet > crossfire > afterimage > parallax","crossfire > afterimage > parallax > deadeye > rivet","not applicable","eligibility and base stats only; combat interactions require separate checks"
"2.70.0","rivet","Rivet","rail-spike","Rail spike","allowed with prerequisites","","deadeye > rivet > capacitor > rail-spike","deadeye > capacitor > rail-spike > rivet","equal within numerical tolerance","eligibility and base stats only; combat interactions require separate checks"
"2.70.0","rivet","Rivet","tether","Tether rounds","allowed with prerequisites","","deadeye > rivet > tether","tether > deadeye > rivet","equal within numerical tolerance","eligibility and base stats only; combat interactions require separate checks"
"2.70.0","rivet","Rivet","snapback","Snapback","allowed with prerequisites","","deadeye > rivet > tether > snapback","tether > snapback > deadeye > rivet","equal within numerical tolerance","eligibility and base stats only; combat interactions require separate checks"
"2.70.0","rivet","Rivet","orbit","Orbit","blocked","different paths: bullet-hell + precision","deadeye > rivet > crossfire > recall > orbit","crossfire > recall > orbit > deadeye > rivet","not applicable","eligibility and base stats only; combat interactions require separate checks"
"2.70.0","rivet","Rivet","arc-coil","Arc Coil","allowed with prerequisites","","deadeye > rivet > arc-coil","arc-coil > deadeye > rivet","equal within numerical tolerance","eligibility and base stats only; combat interactions require separate checks"
"2.70.0","rivet","Rivet","daisy-chain","Daisy Chain","allowed with prerequisites","","deadeye > rivet > arc-coil > daisy-chain","arc-coil > daisy-chain > deadeye > rivet","equal within numerical tolerance","eligibility and base stats only; combat interactions require separate checks"
"2.70.0","rivet","Rivet","implosion","Implosion","blocked","different paths: demolition + precision","deadeye > rivet > shellshock > fuse > implosion","shellshock > fuse > implosion > deadeye > rivet","not applicable","eligibility and base stats only; combat interactions require separate checks"
"2.70.0","rivet","Rivet","ramjet","Ramjet","allowed with prerequisites","","deadeye > rivet > ramjet","ramjet > deadeye > rivet","equal within numerical tolerance","eligibility and base stats only; combat interactions require separate checks"
"2.70.0","rivet","Rivet","cinder","Cinder rounds","allowed with prerequisites","","deadeye > rivet > cinder","cinder > deadeye > rivet","equal within numerical tolerance","eligibility and base stats only; combat interactions require separate checks"
"2.70.0","rivet","Rivet","crosswind","Crosswind","allowed with prerequisites","","deadeye > rivet > crosswind","crosswind > deadeye > rivet","equal within numerical tolerance","eligibility and base stats only; combat interactions require separate checks"
"2.70.0","rivet","Rivet","wrecking-ball","Wrecking Ball","allowed with prerequisites","","deadeye > rivet > ramjet > wrecking-ball","ramjet > wrecking-ball > deadeye > rivet","equal within numerical tolerance","eligibility and base stats only; combat interactions require separate checks"
"2.70.0","rivet","Rivet","flashpoint","Flashpoint","allowed with prerequisites","","deadeye > rivet > cinder > flashpoint","cinder > flashpoint > deadeye > rivet","equal within numerical tolerance","eligibility and base stats only; combat interactions require separate checks"
"2.70.0","rivet","Rivet","slipstream","Slipstream","allowed with prerequisites","","deadeye > rivet > crosswind > slipstream","crosswind > slipstream > deadeye > rivet","equal within numerical tolerance","eligibility and base stats only; combat interactions require separate checks"
"2.70.0","rivet","Rivet","grindshot","Grindshot","allowed with prerequisites","","deadeye > rivet > grindshot","grindshot > deadeye > rivet","equal within numerical tolerance","eligibility and base stats only; combat interactions require separate checks"
"2.70.0","rivet","Rivet","corner-cutter","Corner Cutter","allowed with prerequisites","","deadeye > rivet > grindshot > corner-cutter","grindshot > corner-cutter > deadeye > rivet","equal within numerical tolerance","eligibility and base stats only; combat interactions require separate checks"
"2.70.0","rivet","Rivet","tripwire","Tripwire","blocked","different paths: demolition + precision","deadeye > rivet > tripwire","tripwire > deadeye > rivet","not applicable","eligibility and base stats only; combat interactions require separate checks"
"2.70.0","rivet","Rivet","tension","Tension","blocked","different paths: demolition + precision","deadeye > rivet > tripwire > tension","tripwire > tension > deadeye > rivet","not applicable","eligibility and base stats only; combat interactions require separate checks"
"2.70.0","rivet","Rivet","cutting-torch","Cutting Torch","allowed with prerequisites","","deadeye > rivet > cutting-torch","cutting-torch > deadeye > rivet","equal within numerical tolerance","eligibility and base stats only; combat interactions require separate checks"
"2.70.0","rivet","Rivet","thermal-runaway","Thermal Runaway","allowed with prerequisites","","deadeye > rivet > cutting-torch > thermal-runaway","cutting-torch > thermal-runaway > deadeye > rivet","equal within numerical tolerance","eligibility and base stats only; combat interactions require separate checks"
"2.70.0","rivet","Rivet","vector","Vector rounds","allowed with prerequisites","","deadeye > rivet > vector","vector > deadeye > rivet","equal within numerical tolerance","eligibility and base stats only; combat interactions require separate checks"
"2.70.0","rivet","Rivet","afterburner","Afterburner","allowed with prerequisites","","deadeye > rivet > vector > afterburner","vector > afterburner > deadeye > rivet","equal within numerical tolerance","eligibility and base stats only; combat interactions require separate checks"
"2.70.0","rivet","Rivet","mass-driver","Mass Driver","allowed with prerequisites","","deadeye > rivet > mass-driver","mass-driver > deadeye > rivet","equal within numerical tolerance","eligibility and base stats only; combat interactions require separate checks"
"2.70.0","rivet","Rivet","drop-forge","Drop Forge","allowed with prerequisites","","deadeye > rivet > mass-driver > drop-forge","mass-driver > drop-forge > deadeye > rivet","equal within numerical tolerance","eligibility and base stats only; combat interactions require separate checks"
"2.70.0","fracture","Fracture","fuse","Fuse","blocked","different paths: demolition + precision","deadeye > rivet > fracture > shellshock > fuse","shellshock > fuse > deadeye > rivet > fracture","not applicable","eligibility and base stats only; combat interactions require separate checks"
"2.70.0","fracture","Fracture","linked-fuse","Linked fuse","blocked","different paths: demolition + precision","deadeye > rivet > fracture > shellshock > fuse > linked-fuse","shellshock > fuse > linked-fuse > deadeye > rivet > fracture","not applicable","eligibility and base stats only; combat interactions require separate checks"
"2.70.0","fracture","Fracture","afterimage","Afterimage","blocked","different paths: bullet-hell + precision","deadeye > rivet > fracture > crossfire > afterimage","crossfire > afterimage > deadeye > rivet > fracture","not applicable","eligibility and base stats only; combat interactions require separate checks"
"2.70.0","fracture","Fracture","parallax","Parallax","blocked","different paths: bullet-hell + precision","deadeye > rivet > fracture > crossfire > afterimage > parallax","crossfire > afterimage > parallax > deadeye > rivet > fracture","not applicable","eligibility and base stats only; combat interactions require separate checks"
"2.70.0","fracture","Fracture","rail-spike","Rail spike","allowed with prerequisites","","deadeye > rivet > fracture > capacitor > rail-spike","deadeye > capacitor > rail-spike > rivet > fracture","equal within numerical tolerance","eligibility and base stats only; combat interactions require separate checks"
"2.70.0","fracture","Fracture","tether","Tether rounds","allowed with prerequisites","","deadeye > rivet > fracture > tether","tether > deadeye > rivet > fracture","equal within numerical tolerance","eligibility and base stats only; combat interactions require separate checks"
"2.70.0","fracture","Fracture","snapback","Snapback","allowed with prerequisites","","deadeye > rivet > fracture > tether > snapback","tether > snapback > deadeye > rivet > fracture","equal within numerical tolerance","eligibility and base stats only; combat interactions require separate checks"
"2.70.0","fracture","Fracture","orbit","Orbit","blocked","different paths: bullet-hell + precision","deadeye > rivet > fracture > crossfire > recall > orbit","crossfire > recall > orbit > deadeye > rivet > fracture","not applicable","eligibility and base stats only; combat interactions require separate checks"
"2.70.0","fracture","Fracture","arc-coil","Arc Coil","allowed with prerequisites","","deadeye > rivet > fracture > arc-coil","arc-coil > deadeye > rivet > fracture","equal within numerical tolerance","eligibility and base stats only; combat interactions require separate checks"
"2.70.0","fracture","Fracture","daisy-chain","Daisy Chain","allowed with prerequisites","","deadeye > rivet > fracture > arc-coil > daisy-chain","arc-coil > daisy-chain > deadeye > rivet > fracture","equal within numerical tolerance","eligibility and base stats only; combat interactions require separate checks"
"2.70.0","fracture","Fracture","implosion","Implosion","blocked","different paths: demolition + precision","deadeye > rivet > fracture > shellshock > fuse > implosion","shellshock > fuse > implosion > deadeye > rivet > fracture","not applicable","eligibility and base stats only; combat interactions require separate checks"
"2.70.0","fracture","Fracture","ramjet","Ramjet","allowed with prerequisites","","deadeye > rivet > fracture > ramjet","ramjet > deadeye > rivet > fracture","equal within numerical tolerance","eligibility and base stats only; combat interactions require separate checks"
"2.70.0","fracture","Fracture","cinder","Cinder rounds","allowed with prerequisites","","deadeye > rivet > fracture > cinder","cinder > deadeye > rivet > fracture","equal within numerical tolerance","eligibility and base stats only; combat interactions require separate checks"
"2.70.0","fracture","Fracture","crosswind","Crosswind","allowed with prerequisites","","deadeye > rivet > fracture > crosswind","crosswind > deadeye > rivet > fracture","equal within numerical tolerance","eligibility and base stats only; combat interactions require separate checks"
"2.70.0","fracture","Fracture","wrecking-ball","Wrecking Ball","allowed with prerequisites","","deadeye > rivet > fracture > ramjet > wrecking-ball","ramjet > wrecking-ball > deadeye > rivet > fracture","equal within numerical tolerance","eligibility and base stats only; combat interactions require separate checks"
"2.70.0","fracture","Fracture","flashpoint","Flashpoint","allowed with prerequisites","","deadeye > rivet > fracture > cinder > flashpoint","cinder > flashpoint > deadeye > rivet > fracture","equal within numerical tolerance","eligibility and base stats only; combat interactions require separate checks"
"2.70.0","fracture","Fracture","slipstream","Slipstream","allowed with prerequisites","","deadeye > rivet > fracture > crosswind > slipstream","crosswind > slipstream > deadeye > rivet > fracture","equal within numerical tolerance","eligibility and base stats only; combat interactions require separate checks"
"2.70.0","fracture","Fracture","grindshot","Grindshot","allowed with prerequisites","","deadeye > rivet > fracture > grindshot","grindshot > deadeye > rivet > fracture","equal within numerical tolerance","eligibility and base stats only; combat interactions require separate checks"
"2.70.0","fracture","Fracture","corner-cutter","Corner Cutter","allowed with prerequisites","","deadeye > rivet > fracture > grindshot > corner-cutter","grindshot > corner-cutter > deadeye > rivet > fracture","equal within numerical tolerance","eligibility and base stats only; combat interactions require separate checks"
"2.70.0","fracture","Fracture","tripwire","Tripwire","blocked","different paths: demolition + precision","deadeye > rivet > fracture > tripwire","tripwire > deadeye > rivet > fracture","not applicable","eligibility and base stats only; combat interactions require separate checks"
"2.70.0","fracture","Fracture","tension","Tension","blocked","different paths: demolition + precision","deadeye > rivet > fracture > tripwire > tension","tripwire > tension > deadeye > rivet > fracture","not applicable","eligibility and base stats only; combat interactions require separate checks"
"2.70.0","fracture","Fracture","cutting-torch","Cutting Torch","allowed with prerequisites","","deadeye > rivet > fracture > cutting-torch","cutting-torch > deadeye > rivet > fracture","equal within numerical tolerance","eligibility and base stats only; combat interactions require separate checks"
"2.70.0","fracture","Fracture","thermal-runaway","Thermal Runaway","allowed with prerequisites","","deadeye > rivet > fracture > cutting-torch > thermal-runaway","cutting-torch > thermal-runaway > deadeye > rivet > fracture","equal within numerical tolerance","eligibility and base stats only; combat interactions require separate checks"
"2.70.0","fracture","Fracture","vector","Vector rounds","allowed with prerequisites","","deadeye > rivet > fracture > vector","vector > deadeye > rivet > fracture","equal within numerical tolerance","eligibility and base stats only; combat interactions require separate checks"
"2.70.0","fracture","Fracture","afterburner","Afterburner","allowed with prerequisites","","deadeye > rivet > fracture > vector > afterburner","vector > afterburner > deadeye > rivet > fracture","equal within numerical tolerance","eligibility and base stats only; combat interactions require separate checks"
"2.70.0","fracture","Fracture","mass-driver","Mass Driver","allowed with prerequisites","","deadeye > rivet > fracture > mass-driver","mass-driver > deadeye > rivet > fracture","equal within numerical tolerance","eligibility and base stats only; combat interactions require separate checks"
"2.70.0","fracture","Fracture","drop-forge","Drop Forge","allowed with prerequisites","","deadeye > rivet > fracture > mass-driver > drop-forge","mass-driver > drop-forge > deadeye > rivet > fracture","equal within numerical tolerance","eligibility and base stats only; combat interactions require separate checks"
"2.70.0","fuse","Fuse","linked-fuse","Linked fuse","allowed with prerequisites","","shellshock > fuse > linked-fuse","shellshock > fuse > linked-fuse","equal within numerical tolerance","eligibility and base stats only; combat interactions require separate checks"
"2.70.0","fuse","Fuse","afterimage","Afterimage","blocked","different paths: bullet-hell + demolition","shellshock > fuse > crossfire > afterimage","crossfire > afterimage > shellshock > fuse","not applicable","eligibility and base stats only; combat interactions require separate checks"
"2.70.0","fuse","Fuse","parallax","Parallax","blocked","different paths: bullet-hell + demolition","shellshock > fuse > crossfire > afterimage > parallax","crossfire > afterimage > parallax > shellshock > fuse","not applicable","eligibility and base stats only; combat interactions require separate checks"
"2.70.0","fuse","Fuse","rail-spike","Rail spike","blocked","different paths: demolition + precision","shellshock > fuse > deadeye > capacitor > rail-spike","deadeye > capacitor > rail-spike > shellshock > fuse","not applicable","eligibility and base stats only; combat interactions require separate checks"
"2.70.0","fuse","Fuse","tether","Tether rounds","allowed with prerequisites","","shellshock > fuse > tether","tether > shellshock > fuse","equal within numerical tolerance","eligibility and base stats only; combat interactions require separate checks"
"2.70.0","fuse","Fuse","snapback","Snapback","allowed with prerequisites","","shellshock > fuse > tether > snapback","tether > snapback > shellshock > fuse","equal within numerical tolerance","eligibility and base stats only; combat interactions require separate checks"
"2.70.0","fuse","Fuse","orbit","Orbit","blocked","different paths: bullet-hell + demolition","shellshock > fuse > crossfire > recall > orbit","crossfire > recall > orbit > shellshock > fuse","not applicable","eligibility and base stats only; combat interactions require separate checks"
"2.70.0","fuse","Fuse","arc-coil","Arc Coil","allowed with prerequisites","","shellshock > fuse > arc-coil","arc-coil > shellshock > fuse","equal within numerical tolerance","eligibility and base stats only; combat interactions require separate checks"
"2.70.0","fuse","Fuse","daisy-chain","Daisy Chain","allowed with prerequisites","","shellshock > fuse > arc-coil > daisy-chain","arc-coil > daisy-chain > shellshock > fuse","equal within numerical tolerance","eligibility and base stats only; combat interactions require separate checks"
"2.70.0","fuse","Fuse","implosion","Implosion","allowed with prerequisites","","shellshock > fuse > implosion","shellshock > fuse > implosion","equal within numerical tolerance","eligibility and base stats only; combat interactions require separate checks"
"2.70.0","fuse","Fuse","ramjet","Ramjet","allowed with prerequisites","","shellshock > fuse > ramjet","ramjet > shellshock > fuse","equal within numerical tolerance","eligibility and base stats only; combat interactions require separate checks"
"2.70.0","fuse","Fuse","cinder","Cinder rounds","allowed with prerequisites","","shellshock > fuse > cinder","cinder > shellshock > fuse","equal within numerical tolerance","eligibility and base stats only; combat interactions require separate checks"
"2.70.0","fuse","Fuse","crosswind","Crosswind","allowed with prerequisites","","shellshock > fuse > crosswind","crosswind > shellshock > fuse","equal within numerical tolerance","eligibility and base stats only; combat interactions require separate checks"
"2.70.0","fuse","Fuse","wrecking-ball","Wrecking Ball","allowed with prerequisites","","shellshock > fuse > ramjet > wrecking-ball","ramjet > wrecking-ball > shellshock > fuse","equal within numerical tolerance","eligibility and base stats only; combat interactions require separate checks"
"2.70.0","fuse","Fuse","flashpoint","Flashpoint","allowed with prerequisites","","shellshock > fuse > cinder > flashpoint","cinder > flashpoint > shellshock > fuse","equal within numerical tolerance","eligibility and base stats only; combat interactions require separate checks"
"2.70.0","fuse","Fuse","slipstream","Slipstream","allowed with prerequisites","","shellshock > fuse > crosswind > slipstream","crosswind > slipstream > shellshock > fuse","equal within numerical tolerance","eligibility and base stats only; combat interactions require separate checks"
"2.70.0","fuse","Fuse","grindshot","Grindshot","allowed with prerequisites","","shellshock > fuse > grindshot","grindshot > shellshock > fuse","equal within numerical tolerance","eligibility and base stats only; combat interactions require separate checks"
"2.70.0","fuse","Fuse","corner-cutter","Corner Cutter","allowed with prerequisites","","shellshock > fuse > grindshot > corner-cutter","grindshot > corner-cutter > shellshock > fuse","equal within numerical tolerance","eligibility and base stats only; combat interactions require separate checks"
"2.70.0","fuse","Fuse","tripwire","Tripwire","allowed with prerequisites","","shellshock > fuse > tripwire","tripwire > shellshock > fuse","equal within numerical tolerance","eligibility and base stats only; combat interactions require separate checks"
"2.70.0","fuse","Fuse","tension","Tension","allowed with prerequisites","","shellshock > fuse > tripwire > tension","tripwire > tension > shellshock > fuse","equal within numerical tolerance","eligibility and base stats only; combat interactions require separate checks"
"2.70.0","fuse","Fuse","cutting-torch","Cutting Torch","blocked","different paths: demolition + precision","shellshock > fuse > cutting-torch","cutting-torch > shellshock > fuse","not applicable","eligibility and base stats only; combat interactions require separate checks"
"2.70.0","fuse","Fuse","thermal-runaway","Thermal Runaway","blocked","different paths: demolition + precision","shellshock > fuse > cutting-torch > thermal-runaway","cutting-torch > thermal-runaway > shellshock > fuse","not applicable","eligibility and base stats only; combat interactions require separate checks"
"2.70.0","fuse","Fuse","vector","Vector rounds","allowed with prerequisites","","shellshock > fuse > vector","vector > shellshock > fuse","equal within numerical tolerance","eligibility and base stats only; combat interactions require separate checks"
"2.70.0","fuse","Fuse","afterburner","Afterburner","allowed with prerequisites","","shellshock > fuse > vector > afterburner","vector > afterburner > shellshock > fuse","equal within numerical tolerance","eligibility and base stats only; combat interactions require separate checks"
"2.70.0","fuse","Fuse","mass-driver","Mass Driver","allowed with prerequisites","","shellshock > fuse > mass-driver","mass-driver > shellshock > fuse","equal within numerical tolerance","eligibility and base stats only; combat interactions require separate checks"
"2.70.0","fuse","Fuse","drop-forge","Drop Forge","allowed with prerequisites","","shellshock > fuse > mass-driver > drop-forge","mass-driver > drop-forge > shellshock > fuse","equal within numerical tolerance","eligibility and base stats only; combat interactions require separate checks"
"2.70.0","linked-fuse","Linked fuse","afterimage","Afterimage","blocked","different paths: bullet-hell + demolition","shellshock > fuse > linked-fuse > crossfire > afterimage","crossfire > afterimage > shellshock > fuse > linked-fuse","not applicable","eligibility and base stats only; combat interactions require separate checks"
"2.70.0","linked-fuse","Linked fuse","parallax","Parallax","blocked","different paths: bullet-hell + demolition","shellshock > fuse > linked-fuse > crossfire > afterimage > parallax","crossfire > afterimage > parallax > shellshock > fuse > linked-fuse","not applicable","eligibility and base stats only; combat interactions require separate checks"
"2.70.0","linked-fuse","Linked fuse","rail-spike","Rail spike","blocked","different paths: demolition + precision","shellshock > fuse > linked-fuse > deadeye > capacitor > rail-spike","deadeye > capacitor > rail-spike > shellshock > fuse > linked-fuse","not applicable","eligibility and base stats only; combat interactions require separate checks"
"2.70.0","linked-fuse","Linked fuse","tether","Tether rounds","allowed with prerequisites","","shellshock > fuse > linked-fuse > tether","tether > shellshock > fuse > linked-fuse","equal within numerical tolerance","eligibility and base stats only; combat interactions require separate checks"
"2.70.0","linked-fuse","Linked fuse","snapback","Snapback","allowed with prerequisites","","shellshock > fuse > linked-fuse > tether > snapback","tether > snapback > shellshock > fuse > linked-fuse","equal within numerical tolerance","eligibility and base stats only; combat interactions require separate checks"
"2.70.0","linked-fuse","Linked fuse","orbit","Orbit","blocked","different paths: bullet-hell + demolition","shellshock > fuse > linked-fuse > crossfire > recall > orbit","crossfire > recall > orbit > shellshock > fuse > linked-fuse","not applicable","eligibility and base stats only; combat interactions require separate checks"
"2.70.0","linked-fuse","Linked fuse","arc-coil","Arc Coil","allowed with prerequisites","","shellshock > fuse > linked-fuse > arc-coil","arc-coil > shellshock > fuse > linked-fuse","equal within numerical tolerance","eligibility and base stats only; combat interactions require separate checks"
"2.70.0","linked-fuse","Linked fuse","daisy-chain","Daisy Chain","allowed with prerequisites","","shellshock > fuse > linked-fuse > arc-coil > daisy-chain","arc-coil > daisy-chain > shellshock > fuse > linked-fuse","equal within numerical tolerance","eligibility and base stats only; combat interactions require separate checks"
"2.70.0","linked-fuse","Linked fuse","implosion","Implosion","allowed with prerequisites","","shellshock > fuse > linked-fuse > implosion","shellshock > fuse > implosion > linked-fuse","equal within numerical tolerance","eligibility and base stats only; combat interactions require separate checks"
"2.70.0","linked-fuse","Linked fuse","ramjet","Ramjet","allowed with prerequisites","","shellshock > fuse > linked-fuse > ramjet","ramjet > shellshock > fuse > linked-fuse","equal within numerical tolerance","eligibility and base stats only; combat interactions require separate checks"
"2.70.0","linked-fuse","Linked fuse","cinder","Cinder rounds","allowed with prerequisites","","shellshock > fuse > linked-fuse > cinder","cinder > shellshock > fuse > linked-fuse","equal within numerical tolerance","eligibility and base stats only; combat interactions require separate checks"
"2.70.0","linked-fuse","Linked fuse","crosswind","Crosswind","allowed with prerequisites","","shellshock > fuse > linked-fuse > crosswind","crosswind > shellshock > fuse > linked-fuse","equal within numerical tolerance","eligibility and base stats only; combat interactions require separate checks"
"2.70.0","linked-fuse","Linked fuse","wrecking-ball","Wrecking Ball","allowed with prerequisites","","shellshock > fuse > linked-fuse > ramjet > wrecking-ball","ramjet > wrecking-ball > shellshock > fuse > linked-fuse","equal within numerical tolerance","eligibility and base stats only; combat interactions require separate checks"
"2.70.0","linked-fuse","Linked fuse","flashpoint","Flashpoint","allowed with prerequisites","","shellshock > fuse > linked-fuse > cinder > flashpoint","cinder > flashpoint > shellshock > fuse > linked-fuse","equal within numerical tolerance","eligibility and base stats only; combat interactions require separate checks"
"2.70.0","linked-fuse","Linked fuse","slipstream","Slipstream","allowed with prerequisites","","shellshock > fuse > linked-fuse > crosswind > slipstream","crosswind > slipstream > shellshock > fuse > linked-fuse","equal within numerical tolerance","eligibility and base stats only; combat interactions require separate checks"
"2.70.0","linked-fuse","Linked fuse","grindshot","Grindshot","allowed with prerequisites","","shellshock > fuse > linked-fuse > grindshot","grindshot > shellshock > fuse > linked-fuse","equal within numerical tolerance","eligibility and base stats only; combat interactions require separate checks"
"2.70.0","linked-fuse","Linked fuse","corner-cutter","Corner Cutter","allowed with prerequisites","","shellshock > fuse > linked-fuse > grindshot > corner-cutter","grindshot > corner-cutter > shellshock > fuse > linked-fuse","equal within numerical tolerance","eligibility and base stats only; combat interactions require separate checks"
"2.70.0","linked-fuse","Linked fuse","tripwire","Tripwire","allowed with prerequisites","","shellshock > fuse > linked-fuse > tripwire","tripwire > shellshock > fuse > linked-fuse","equal within numerical tolerance","eligibility and base stats only; combat interactions require separate checks"
"2.70.0","linked-fuse","Linked fuse","tension","Tension","allowed with prerequisites","","shellshock > fuse > linked-fuse > tripwire > tension","tripwire > tension > shellshock > fuse > linked-fuse","equal within numerical tolerance","eligibility and base stats only; combat interactions require separate checks"
"2.70.0","linked-fuse","Linked fuse","cutting-torch","Cutting Torch","blocked","different paths: demolition + precision","shellshock > fuse > linked-fuse > cutting-torch","cutting-torch > shellshock > fuse > linked-fuse","not applicable","eligibility and base stats only; combat interactions require separate checks"
"2.70.0","linked-fuse","Linked fuse","thermal-runaway","Thermal Runaway","blocked","different paths: demolition + precision","shellshock > fuse > linked-fuse > cutting-torch > thermal-runaway","cutting-torch > thermal-runaway > shellshock > fuse > linked-fuse","not applicable","eligibility and base stats only; combat interactions require separate checks"
"2.70.0","linked-fuse","Linked fuse","vector","Vector rounds","allowed with prerequisites","","shellshock > fuse > linked-fuse > vector","vector > shellshock > fuse > linked-fuse","equal within numerical tolerance","eligibility and base stats only; combat interactions require separate checks"
"2.70.0","linked-fuse","Linked fuse","afterburner","Afterburner","allowed with prerequisites","","shellshock > fuse > linked-fuse > vector > afterburner","vector > afterburner > shellshock > fuse > linked-fuse","equal within numerical tolerance","eligibility and base stats only; combat interactions require separate checks"
"2.70.0","linked-fuse","Linked fuse","mass-driver","Mass Driver","allowed with prerequisites","","shellshock > fuse > linked-fuse > mass-driver","mass-driver > shellshock > fuse > linked-fuse","equal within numerical tolerance","eligibility and base stats only; combat interactions require separate checks"
"2.70.0","linked-fuse","Linked fuse","drop-forge","Drop Forge","allowed with prerequisites","","shellshock > fuse > linked-fuse > mass-driver > drop-forge","mass-driver > drop-forge > shellshock > fuse > linked-fuse","equal within numerical tolerance","eligibility and base stats only; combat interactions require separate checks"
"2.70.0","afterimage","Afterimage","parallax","Parallax","allowed with prerequisites","","crossfire > afterimage > parallax","crossfire > afterimage > parallax","equal within numerical tolerance","eligibility and base stats only; combat interactions require separate checks"
"2.70.0","afterimage","Afterimage","rail-spike","Rail spike","blocked","different paths: bullet-hell + precision","crossfire > afterimage > deadeye > capacitor > rail-spike","deadeye > capacitor > rail-spike > crossfire > afterimage","not applicable","eligibility and base stats only; combat interactions require separate checks"
"2.70.0","afterimage","Afterimage","tether","Tether rounds","allowed with prerequisites","","crossfire > afterimage > tether","tether > crossfire > afterimage","equal within numerical tolerance","eligibility and base stats only; combat interactions require separate checks"
"2.70.0","afterimage","Afterimage","snapback","Snapback","allowed with prerequisites","","crossfire > afterimage > tether > snapback","tether > snapback > crossfire > afterimage","equal within numerical tolerance","eligibility and base stats only; combat interactions require separate checks"
"2.70.0","afterimage","Afterimage","orbit","Orbit","allowed with prerequisites","","crossfire > afterimage > recall > orbit","crossfire > recall > orbit > afterimage","equal within numerical tolerance","eligibility and base stats only; combat interactions require separate checks"
"2.70.0","afterimage","Afterimage","arc-coil","Arc Coil","allowed with prerequisites","","crossfire > afterimage > arc-coil","arc-coil > crossfire > afterimage","equal within numerical tolerance","eligibility and base stats only; combat interactions require separate checks"
"2.70.0","afterimage","Afterimage","daisy-chain","Daisy Chain","allowed with prerequisites","","crossfire > afterimage > arc-coil > daisy-chain","arc-coil > daisy-chain > crossfire > afterimage","equal within numerical tolerance","eligibility and base stats only; combat interactions require separate checks"
"2.70.0","afterimage","Afterimage","implosion","Implosion","blocked","different paths: bullet-hell + demolition","crossfire > afterimage > shellshock > fuse > implosion","shellshock > fuse > implosion > crossfire > afterimage","not applicable","eligibility and base stats only; combat interactions require separate checks"
"2.70.0","afterimage","Afterimage","ramjet","Ramjet","allowed with prerequisites","","crossfire > afterimage > ramjet","ramjet > crossfire > afterimage","equal within numerical tolerance","eligibility and base stats only; combat interactions require separate checks"
"2.70.0","afterimage","Afterimage","cinder","Cinder rounds","allowed with prerequisites","","crossfire > afterimage > cinder","cinder > crossfire > afterimage","equal within numerical tolerance","eligibility and base stats only; combat interactions require separate checks"
"2.70.0","afterimage","Afterimage","crosswind","Crosswind","allowed with prerequisites","","crossfire > afterimage > crosswind","crosswind > crossfire > afterimage","equal within numerical tolerance","eligibility and base stats only; combat interactions require separate checks"
"2.70.0","afterimage","Afterimage","wrecking-ball","Wrecking Ball","allowed with prerequisites","","crossfire > afterimage > ramjet > wrecking-ball","ramjet > wrecking-ball > crossfire > afterimage","equal within numerical tolerance","eligibility and base stats only; combat interactions require separate checks"
"2.70.0","afterimage","Afterimage","flashpoint","Flashpoint","allowed with prerequisites","","crossfire > afterimage > cinder > flashpoint","cinder > flashpoint > crossfire > afterimage","equal within numerical tolerance","eligibility and base stats only; combat interactions require separate checks"
"2.70.0","afterimage","Afterimage","slipstream","Slipstream","allowed with prerequisites","","crossfire > afterimage > crosswind > slipstream","crosswind > slipstream > crossfire > afterimage","equal within numerical tolerance","eligibility and base stats only; combat interactions require separate checks"
"2.70.0","afterimage","Afterimage","grindshot","Grindshot","allowed with prerequisites","","crossfire > afterimage > grindshot","grindshot > crossfire > afterimage","equal within numerical tolerance","eligibility and base stats only; combat interactions require separate checks"
"2.70.0","afterimage","Afterimage","corner-cutter","Corner Cutter","allowed with prerequisites","","crossfire > afterimage > grindshot > corner-cutter","grindshot > corner-cutter > crossfire > afterimage","equal within numerical tolerance","eligibility and base stats only; combat interactions require separate checks"
"2.70.0","afterimage","Afterimage","tripwire","Tripwire","blocked","different paths: bullet-hell + demolition","crossfire > afterimage > tripwire","tripwire > crossfire > afterimage","not applicable","eligibility and base stats only; combat interactions require separate checks"
"2.70.0","afterimage","Afterimage","tension","Tension","blocked","different paths: bullet-hell + demolition","crossfire > afterimage > tripwire > tension","tripwire > tension > crossfire > afterimage","not applicable","eligibility and base stats only; combat interactions require separate checks"
"2.70.0","afterimage","Afterimage","cutting-torch","Cutting Torch","blocked","different paths: bullet-hell + precision","crossfire > afterimage > cutting-torch","cutting-torch > crossfire > afterimage","not applicable","eligibility and base stats only; combat interactions require separate checks"
"2.70.0","afterimage","Afterimage","thermal-runaway","Thermal Runaway","blocked","different paths: bullet-hell + precision","crossfire > afterimage > cutting-torch > thermal-runaway","cutting-torch > thermal-runaway > crossfire > afterimage","not applicable","eligibility and base stats only; combat interactions require separate checks"
"2.70.0","afterimage","Afterimage","vector","Vector rounds","allowed with prerequisites","","crossfire > afterimage > vector","vector > crossfire > afterimage","equal within numerical tolerance","eligibility and base stats only; combat interactions require separate checks"
"2.70.0","afterimage","Afterimage","afterburner","Afterburner","allowed with prerequisites","","crossfire > afterimage > vector > afterburner","vector > afterburner > crossfire > afterimage","equal within numerical tolerance","eligibility and base stats only; combat interactions require separate checks"
"2.70.0","afterimage","Afterimage","mass-driver","Mass Driver","allowed with prerequisites","","crossfire > afterimage > mass-driver","mass-driver > crossfire > afterimage","equal within numerical tolerance","eligibility and base stats only; combat interactions require separate checks"
"2.70.0","afterimage","Afterimage","drop-forge","Drop Forge","allowed with prerequisites","","crossfire > afterimage > mass-driver > drop-forge","mass-driver > drop-forge > crossfire > afterimage","equal within numerical tolerance","eligibility and base stats only; combat interactions require separate checks"
"2.70.0","parallax","Parallax","rail-spike","Rail spike","blocked","different paths: bullet-hell + precision","crossfire > afterimage > parallax > deadeye > capacitor > rail-spike","deadeye > capacitor > rail-spike > crossfire > afterimage > parallax","not applicable","eligibility and base stats only; combat interactions require separate checks"
"2.70.0","parallax","Parallax","tether","Tether rounds","allowed with prerequisites","","crossfire > afterimage > parallax > tether","tether > crossfire > afterimage > parallax","equal within numerical tolerance","eligibility and base stats only; combat interactions require separate checks"
"2.70.0","parallax","Parallax","snapback","Snapback","allowed with prerequisites","","crossfire > afterimage > parallax > tether > snapback","tether > snapback > crossfire > afterimage > parallax","equal within numerical tolerance","eligibility and base stats only; combat interactions require separate checks"
"2.70.0","parallax","Parallax","orbit","Orbit","allowed with prerequisites","","crossfire > afterimage > parallax > recall > orbit","crossfire > recall > orbit > afterimage > parallax","equal within numerical tolerance","eligibility and base stats only; combat interactions require separate checks"
"2.70.0","parallax","Parallax","arc-coil","Arc Coil","allowed with prerequisites","","crossfire > afterimage > parallax > arc-coil","arc-coil > crossfire > afterimage > parallax","equal within numerical tolerance","eligibility and base stats only; combat interactions require separate checks"
"2.70.0","parallax","Parallax","daisy-chain","Daisy Chain","allowed with prerequisites","","crossfire > afterimage > parallax > arc-coil > daisy-chain","arc-coil > daisy-chain > crossfire > afterimage > parallax","equal within numerical tolerance","eligibility and base stats only; combat interactions require separate checks"
"2.70.0","parallax","Parallax","implosion","Implosion","blocked","different paths: bullet-hell + demolition","crossfire > afterimage > parallax > shellshock > fuse > implosion","shellshock > fuse > implosion > crossfire > afterimage > parallax","not applicable","eligibility and base stats only; combat interactions require separate checks"
"2.70.0","parallax","Parallax","ramjet","Ramjet","allowed with prerequisites","","crossfire > afterimage > parallax > ramjet","ramjet > crossfire > afterimage > parallax","equal within numerical tolerance","eligibility and base stats only; combat interactions require separate checks"
"2.70.0","parallax","Parallax","cinder","Cinder rounds","allowed with prerequisites","","crossfire > afterimage > parallax > cinder","cinder > crossfire > afterimage > parallax","equal within numerical tolerance","eligibility and base stats only; combat interactions require separate checks"
"2.70.0","parallax","Parallax","crosswind","Crosswind","allowed with prerequisites","","crossfire > afterimage > parallax > crosswind","crosswind > crossfire > afterimage > parallax","equal within numerical tolerance","eligibility and base stats only; combat interactions require separate checks"
"2.70.0","parallax","Parallax","wrecking-ball","Wrecking Ball","allowed with prerequisites","","crossfire > afterimage > parallax > ramjet > wrecking-ball","ramjet > wrecking-ball > crossfire > afterimage > parallax","equal within numerical tolerance","eligibility and base stats only; combat interactions require separate checks"
"2.70.0","parallax","Parallax","flashpoint","Flashpoint","allowed with prerequisites","","crossfire > afterimage > parallax > cinder > flashpoint","cinder > flashpoint > crossfire > afterimage > parallax","equal within numerical tolerance","eligibility and base stats only; combat interactions require separate checks"
"2.70.0","parallax","Parallax","slipstream","Slipstream","allowed with prerequisites","","crossfire > afterimage > parallax > crosswind > slipstream","crosswind > slipstream > crossfire > afterimage > parallax","equal within numerical tolerance","eligibility and base stats only; combat interactions require separate checks"
"2.70.0","parallax","Parallax","grindshot","Grindshot","allowed with prerequisites","","crossfire > afterimage > parallax > grindshot","grindshot > crossfire > afterimage > parallax","equal within numerical tolerance","eligibility and base stats only; combat interactions require separate checks"
"2.70.0","parallax","Parallax","corner-cutter","Corner Cutter","allowed with prerequisites","","crossfire > afterimage > parallax > grindshot > corner-cutter","grindshot > corner-cutter > crossfire > afterimage > parallax","equal within numerical tolerance","eligibility and base stats only; combat interactions require separate checks"
"2.70.0","parallax","Parallax","tripwire","Tripwire","blocked","different paths: bullet-hell + demolition","crossfire > afterimage > parallax > tripwire","tripwire > crossfire > afterimage > parallax","not applicable","eligibility and base stats only; combat interactions require separate checks"
"2.70.0","parallax","Parallax","tension","Tension","blocked","different paths: bullet-hell + demolition","crossfire > afterimage > parallax > tripwire > tension","tripwire > tension > crossfire > afterimage > parallax","not applicable","eligibility and base stats only; combat interactions require separate checks"
"2.70.0","parallax","Parallax","cutting-torch","Cutting Torch","blocked","different paths: bullet-hell + precision","crossfire > afterimage > parallax > cutting-torch","cutting-torch > crossfire > afterimage > parallax","not applicable","eligibility and base stats only; combat interactions require separate checks"
"2.70.0","parallax","Parallax","thermal-runaway","Thermal Runaway","blocked","different paths: bullet-hell + precision","crossfire > afterimage > parallax > cutting-torch > thermal-runaway","cutting-torch > thermal-runaway > crossfire > afterimage > parallax","not applicable","eligibility and base stats only; combat interactions require separate checks"
"2.70.0","parallax","Parallax","vector","Vector rounds","allowed with prerequisites","","crossfire > afterimage > parallax > vector","vector > crossfire > afterimage > parallax","equal within numerical tolerance","eligibility and base stats only; combat interactions require separate checks"
"2.70.0","parallax","Parallax","afterburner","Afterburner","allowed with prerequisites","","crossfire > afterimage > parallax > vector > afterburner","vector > afterburner > crossfire > afterimage > parallax","equal within numerical tolerance","eligibility and base stats only; combat interactions require separate checks"
"2.70.0","parallax","Parallax","mass-driver","Mass Driver","allowed with prerequisites","","crossfire > afterimage > parallax > mass-driver","mass-driver > crossfire > afterimage > parallax","equal within numerical tolerance","eligibility and base stats only; combat interactions require separate checks"
"2.70.0","parallax","Parallax","drop-forge","Drop Forge","allowed with prerequisites","","crossfire > afterimage > parallax > mass-driver > drop-forge","mass-driver > drop-forge > crossfire > afterimage > parallax","equal within numerical tolerance","eligibility and base stats only; combat interactions require separate checks"
"2.70.0","rail-spike","Rail spike","tether","Tether rounds","allowed with prerequisites","","deadeye > capacitor > rail-spike > tether","tether > deadeye > capacitor > rail-spike","equal within numerical tolerance","eligibility and base stats only; combat interactions require separate checks"
"2.70.0","rail-spike","Rail spike","snapback","Snapback","allowed with prerequisites","","deadeye > capacitor > rail-spike > tether > snapback","tether > snapback > deadeye > capacitor > rail-spike","equal within numerical tolerance","eligibility and base stats only; combat interactions require separate checks"
"2.70.0","rail-spike","Rail spike","orbit","Orbit","blocked","different paths: bullet-hell + precision; one fusion per build","deadeye > capacitor > rail-spike > crossfire > recall > orbit","crossfire > recall > orbit > deadeye > capacitor > rail-spike","not applicable","eligibility and base stats only; combat interactions require separate checks"
"2.70.0","rail-spike","Rail spike","arc-coil","Arc Coil","allowed with prerequisites","","deadeye > capacitor > rail-spike > arc-coil","arc-coil > deadeye > capacitor > rail-spike","equal within numerical tolerance","eligibility and base stats only; combat interactions require separate checks"
"2.70.0","rail-spike","Rail spike","daisy-chain","Daisy Chain","allowed with prerequisites","","deadeye > capacitor > rail-spike > arc-coil > daisy-chain","arc-coil > daisy-chain > deadeye > capacitor > rail-spike","equal within numerical tolerance","eligibility and base stats only; combat interactions require separate checks"
"2.70.0","rail-spike","Rail spike","implosion","Implosion","blocked","different paths: demolition + precision; one fusion per build","deadeye > capacitor > rail-spike > shellshock > fuse > implosion","shellshock > fuse > implosion > deadeye > capacitor > rail-spike","not applicable","eligibility and base stats only; combat interactions require separate checks"
"2.70.0","rail-spike","Rail spike","ramjet","Ramjet","allowed with prerequisites","","deadeye > capacitor > rail-spike > ramjet","ramjet > deadeye > capacitor > rail-spike","equal within numerical tolerance","eligibility and base stats only; combat interactions require separate checks"
"2.70.0","rail-spike","Rail spike","cinder","Cinder rounds","allowed with prerequisites","","deadeye > capacitor > rail-spike > cinder","cinder > deadeye > capacitor > rail-spike","equal within numerical tolerance","eligibility and base stats only; combat interactions require separate checks"
"2.70.0","rail-spike","Rail spike","crosswind","Crosswind","allowed with prerequisites","","deadeye > capacitor > rail-spike > crosswind","crosswind > deadeye > capacitor > rail-spike","equal within numerical tolerance","eligibility and base stats only; combat interactions require separate checks"
"2.70.0","rail-spike","Rail spike","wrecking-ball","Wrecking Ball","allowed with prerequisites","","deadeye > capacitor > rail-spike > ramjet > wrecking-ball","ramjet > wrecking-ball > deadeye > capacitor > rail-spike","equal within numerical tolerance","eligibility and base stats only; combat interactions require separate checks"
"2.70.0","rail-spike","Rail spike","flashpoint","Flashpoint","allowed with prerequisites","","deadeye > capacitor > rail-spike > cinder > flashpoint","cinder > flashpoint > deadeye > capacitor > rail-spike","equal within numerical tolerance","eligibility and base stats only; combat interactions require separate checks"
"2.70.0","rail-spike","Rail spike","slipstream","Slipstream","allowed with prerequisites","","deadeye > capacitor > rail-spike > crosswind > slipstream","crosswind > slipstream > deadeye > capacitor > rail-spike","equal within numerical tolerance","eligibility and base stats only; combat interactions require separate checks"
"2.70.0","rail-spike","Rail spike","grindshot","Grindshot","allowed with prerequisites","","deadeye > capacitor > rail-spike > grindshot","grindshot > deadeye > capacitor > rail-spike","equal within numerical tolerance","eligibility and base stats only; combat interactions require separate checks"
"2.70.0","rail-spike","Rail spike","corner-cutter","Corner Cutter","allowed with prerequisites","","deadeye > capacitor > rail-spike > grindshot > corner-cutter","grindshot > corner-cutter > deadeye > capacitor > rail-spike","equal within numerical tolerance","eligibility and base stats only; combat interactions require separate checks"
"2.70.0","rail-spike","Rail spike","tripwire","Tripwire","blocked","different paths: demolition + precision","deadeye > capacitor > rail-spike > tripwire","tripwire > deadeye > capacitor > rail-spike","not applicable","eligibility and base stats only; combat interactions require separate checks"
"2.70.0","rail-spike","Rail spike","tension","Tension","blocked","different paths: demolition + precision","deadeye > capacitor > rail-spike > tripwire > tension","tripwire > tension > deadeye > capacitor > rail-spike","not applicable","eligibility and base stats only; combat interactions require separate checks"
"2.70.0","rail-spike","Rail spike","cutting-torch","Cutting Torch","blocked","conversion exclusion: cutting-torch + rail-spike","deadeye > capacitor > rail-spike > cutting-torch","cutting-torch > deadeye > capacitor > rail-spike","not applicable","eligibility and base stats only; combat interactions require separate checks"
"2.70.0","rail-spike","Rail spike","thermal-runaway","Thermal Runaway","blocked","conversion exclusion: cutting-torch + rail-spike","deadeye > capacitor > rail-spike > cutting-torch > thermal-runaway","cutting-torch > thermal-runaway > deadeye > capacitor > rail-spike","not applicable","eligibility and base stats only; combat interactions require separate checks"
"2.70.0","rail-spike","Rail spike","vector","Vector rounds","allowed with prerequisites","","deadeye > capacitor > rail-spike > vector","vector > deadeye > capacitor > rail-spike","equal within numerical tolerance","eligibility and base stats only; combat interactions require separate checks"
"2.70.0","rail-spike","Rail spike","afterburner","Afterburner","allowed with prerequisites","","deadeye > capacitor > rail-spike > vector > afterburner","vector > afterburner > deadeye > capacitor > rail-spike","equal within numerical tolerance","eligibility and base stats only; combat interactions require separate checks"
"2.70.0","rail-spike","Rail spike","mass-driver","Mass Driver","blocked","conversion exclusion: mass-driver + rail-spike","deadeye > capacitor > rail-spike > mass-driver","mass-driver > deadeye > capacitor > rail-spike","not applicable","eligibility and base stats only; combat interactions require separate checks"
"2.70.0","rail-spike","Rail spike","drop-forge","Drop Forge","blocked","conversion exclusion: mass-driver + rail-spike","deadeye > capacitor > rail-spike > mass-driver > drop-forge","mass-driver > drop-forge > deadeye > capacitor > rail-spike","not applicable","eligibility and base stats only; combat interactions require separate checks"
"2.70.0","tether","Tether rounds","snapback","Snapback","allowed with prerequisites","","tether > snapback","tether > snapback","equal within numerical tolerance","eligibility and base stats only; combat interactions require separate checks"
"2.70.0","tether","Tether rounds","orbit","Orbit","allowed with prerequisites","","tether > crossfire > recall > orbit","crossfire > recall > orbit > tether","equal within numerical tolerance","eligibility and base stats only; combat interactions require separate checks"
"2.70.0","tether","Tether rounds","arc-coil","Arc Coil","allowed with prerequisites","","tether > arc-coil","arc-coil > tether","equal within numerical tolerance","eligibility and base stats only; combat interactions require separate checks"
"2.70.0","tether","Tether rounds","daisy-chain","Daisy Chain","allowed with prerequisites","","tether > arc-coil > daisy-chain","arc-coil > daisy-chain > tether","equal within numerical tolerance","eligibility and base stats only; combat interactions require separate checks"
"2.70.0","tether","Tether rounds","implosion","Implosion","allowed with prerequisites","","tether > shellshock > fuse > implosion","shellshock > fuse > implosion > tether","equal within numerical tolerance","eligibility and base stats only; combat interactions require separate checks"
"2.70.0","tether","Tether rounds","ramjet","Ramjet","allowed with prerequisites","","tether > ramjet","ramjet > tether","equal within numerical tolerance","eligibility and base stats only; combat interactions require separate checks"
"2.70.0","tether","Tether rounds","cinder","Cinder rounds","allowed with prerequisites","","tether > cinder","cinder > tether","equal within numerical tolerance","eligibility and base stats only; combat interactions require separate checks"
"2.70.0","tether","Tether rounds","crosswind","Crosswind","allowed with prerequisites","","tether > crosswind","crosswind > tether","equal within numerical tolerance","eligibility and base stats only; combat interactions require separate checks"
"2.70.0","tether","Tether rounds","wrecking-ball","Wrecking Ball","allowed with prerequisites","","tether > ramjet > wrecking-ball","ramjet > wrecking-ball > tether","equal within numerical tolerance","eligibility and base stats only; combat interactions require separate checks"
"2.70.0","tether","Tether rounds","flashpoint","Flashpoint","allowed with prerequisites","","tether > cinder > flashpoint","cinder > flashpoint > tether","equal within numerical tolerance","eligibility and base stats only; combat interactions require separate checks"
"2.70.0","tether","Tether rounds","slipstream","Slipstream","allowed with prerequisites","","tether > crosswind > slipstream","crosswind > slipstream > tether","equal within numerical tolerance","eligibility and base stats only; combat interactions require separate checks"
"2.70.0","tether","Tether rounds","grindshot","Grindshot","allowed with prerequisites","","tether > grindshot","grindshot > tether","equal within numerical tolerance","eligibility and base stats only; combat interactions require separate checks"
"2.70.0","tether","Tether rounds","corner-cutter","Corner Cutter","allowed with prerequisites","","tether > grindshot > corner-cutter","grindshot > corner-cutter > tether","equal within numerical tolerance","eligibility and base stats only; combat interactions require separate checks"
"2.70.0","tether","Tether rounds","tripwire","Tripwire","allowed with prerequisites","","tether > tripwire","tripwire > tether","equal within numerical tolerance","eligibility and base stats only; combat interactions require separate checks"
"2.70.0","tether","Tether rounds","tension","Tension","allowed with prerequisites","","tether > tripwire > tension","tripwire > tension > tether","equal within numerical tolerance","eligibility and base stats only; combat interactions require separate checks"
"2.70.0","tether","Tether rounds","cutting-torch","Cutting Torch","allowed with prerequisites","","tether > cutting-torch","cutting-torch > tether","equal within numerical tolerance","eligibility and base stats only; combat interactions require separate checks"
"2.70.0","tether","Tether rounds","thermal-runaway","Thermal Runaway","allowed with prerequisites","","tether > cutting-torch > thermal-runaway","cutting-torch > thermal-runaway > tether","equal within numerical tolerance","eligibility and base stats only; combat interactions require separate checks"
"2.70.0","tether","Tether rounds","vector","Vector rounds","allowed with prerequisites","","tether > vector","vector > tether","equal within numerical tolerance","eligibility and base stats only; combat interactions require separate checks"
"2.70.0","tether","Tether rounds","afterburner","Afterburner","allowed with prerequisites","","tether > vector > afterburner","vector > afterburner > tether","equal within numerical tolerance","eligibility and base stats only; combat interactions require separate checks"
"2.70.0","tether","Tether rounds","mass-driver","Mass Driver","allowed with prerequisites","","tether > mass-driver","mass-driver > tether","equal within numerical tolerance","eligibility and base stats only; combat interactions require separate checks"
"2.70.0","tether","Tether rounds","drop-forge","Drop Forge","allowed with prerequisites","","tether > mass-driver > drop-forge","mass-driver > drop-forge > tether","equal within numerical tolerance","eligibility and base stats only; combat interactions require separate checks"
"2.70.0","snapback","Snapback","orbit","Orbit","allowed with prerequisites","","tether > snapback > crossfire > recall > orbit","crossfire > recall > orbit > tether > snapback","equal within numerical tolerance","eligibility and base stats only; combat interactions require separate checks"
"2.70.0","snapback","Snapback","arc-coil","Arc Coil","allowed with prerequisites","","tether > snapback > arc-coil","arc-coil > tether > snapback","equal within numerical tolerance","eligibility and base stats only; combat interactions require separate checks"
"2.70.0","snapback","Snapback","daisy-chain","Daisy Chain","allowed with prerequisites","","tether > snapback > arc-coil > daisy-chain","arc-coil > daisy-chain > tether > snapback","equal within numerical tolerance","eligibility and base stats only; combat interactions require separate checks"
"2.70.0","snapback","Snapback","implosion","Implosion","allowed with prerequisites","","tether > snapback > shellshock > fuse > implosion","shellshock > fuse > implosion > tether > snapback","equal within numerical tolerance","eligibility and base stats only; combat interactions require separate checks"
"2.70.0","snapback","Snapback","ramjet","Ramjet","allowed with prerequisites","","tether > snapback > ramjet","ramjet > tether > snapback","equal within numerical tolerance","eligibility and base stats only; combat interactions require separate checks"
"2.70.0","snapback","Snapback","cinder","Cinder rounds","allowed with prerequisites","","tether > snapback > cinder","cinder > tether > snapback","equal within numerical tolerance","eligibility and base stats only; combat interactions require separate checks"
"2.70.0","snapback","Snapback","crosswind","Crosswind","allowed with prerequisites","","tether > snapback > crosswind","crosswind > tether > snapback","equal within numerical tolerance","eligibility and base stats only; combat interactions require separate checks"
"2.70.0","snapback","Snapback","wrecking-ball","Wrecking Ball","allowed with prerequisites","","tether > snapback > ramjet > wrecking-ball","ramjet > wrecking-ball > tether > snapback","equal within numerical tolerance","eligibility and base stats only; combat interactions require separate checks"
"2.70.0","snapback","Snapback","flashpoint","Flashpoint","allowed with prerequisites","","tether > snapback > cinder > flashpoint","cinder > flashpoint > tether > snapback","equal within numerical tolerance","eligibility and base stats only; combat interactions require separate checks"
"2.70.0","snapback","Snapback","slipstream","Slipstream","allowed with prerequisites","","tether > snapback > crosswind > slipstream","crosswind > slipstream > tether > snapback","equal within numerical tolerance","eligibility and base stats only; combat interactions require separate checks"
"2.70.0","snapback","Snapback","grindshot","Grindshot","allowed with prerequisites","","tether > snapback > grindshot","grindshot > tether > snapback","equal within numerical tolerance","eligibility and base stats only; combat interactions require separate checks"
"2.70.0","snapback","Snapback","corner-cutter","Corner Cutter","allowed with prerequisites","","tether > snapback > grindshot > corner-cutter","grindshot > corner-cutter > tether > snapback","equal within numerical tolerance","eligibility and base stats only; combat interactions require separate checks"
"2.70.0","snapback","Snapback","tripwire","Tripwire","allowed with prerequisites","","tether > snapback > tripwire","tripwire > tether > snapback","equal within numerical tolerance","eligibility and base stats only; combat interactions require separate checks"
"2.70.0","snapback","Snapback","tension","Tension","allowed with prerequisites","","tether > snapback > tripwire > tension","tripwire > tension > tether > snapback","equal within numerical tolerance","eligibility and base stats only; combat interactions require separate checks"
"2.70.0","snapback","Snapback","cutting-torch","Cutting Torch","allowed with prerequisites","","tether > snapback > cutting-torch","cutting-torch > tether > snapback","equal within numerical tolerance","eligibility and base stats only; combat interactions require separate checks"
"2.70.0","snapback","Snapback","thermal-runaway","Thermal Runaway","allowed with prerequisites","","tether > snapback > cutting-torch > thermal-runaway","cutting-torch > thermal-runaway > tether > snapback","equal within numerical tolerance","eligibility and base stats only; combat interactions require separate checks"
"2.70.0","snapback","Snapback","vector","Vector rounds","allowed with prerequisites","","tether > snapback > vector","vector > tether > snapback","equal within numerical tolerance","eligibility and base stats only; combat interactions require separate checks"
"2.70.0","snapback","Snapback","afterburner","Afterburner","allowed with prerequisites","","tether > snapback > vector > afterburner","vector > afterburner > tether > snapback","equal within numerical tolerance","eligibility and base stats only; combat interactions require separate checks"
"2.70.0","snapback","Snapback","mass-driver","Mass Driver","allowed with prerequisites","","tether > snapback > mass-driver","mass-driver > tether > snapback","equal within numerical tolerance","eligibility and base stats only; combat interactions require separate checks"
"2.70.0","snapback","Snapback","drop-forge","Drop Forge","allowed with prerequisites","","tether > snapback > mass-driver > drop-forge","mass-driver > drop-forge > tether > snapback","equal within numerical tolerance","eligibility and base stats only; combat interactions require separate checks"
"2.70.0","orbit","Orbit","arc-coil","Arc Coil","allowed with prerequisites","","crossfire > recall > orbit > arc-coil","arc-coil > crossfire > recall > orbit","equal within numerical tolerance","eligibility and base stats only; combat interactions require separate checks"
"2.70.0","orbit","Orbit","daisy-chain","Daisy Chain","allowed with prerequisites","","crossfire > recall > orbit > arc-coil > daisy-chain","arc-coil > daisy-chain > crossfire > recall > orbit","equal within numerical tolerance","eligibility and base stats only; combat interactions require separate checks"
"2.70.0","orbit","Orbit","implosion","Implosion","blocked","different paths: bullet-hell + demolition; one fusion per build","crossfire > recall > orbit > shellshock > fuse > implosion","shellshock > fuse > implosion > crossfire > recall > orbit","not applicable","eligibility and base stats only; combat interactions require separate checks"
"2.70.0","orbit","Orbit","ramjet","Ramjet","allowed with prerequisites","","crossfire > recall > orbit > ramjet","ramjet > crossfire > recall > orbit","equal within numerical tolerance","eligibility and base stats only; combat interactions require separate checks"
"2.70.0","orbit","Orbit","cinder","Cinder rounds","allowed with prerequisites","","crossfire > recall > orbit > cinder","cinder > crossfire > recall > orbit","equal within numerical tolerance","eligibility and base stats only; combat interactions require separate checks"
"2.70.0","orbit","Orbit","crosswind","Crosswind","allowed with prerequisites","","crossfire > recall > orbit > crosswind","crosswind > crossfire > recall > orbit","equal within numerical tolerance","eligibility and base stats only; combat interactions require separate checks"
"2.70.0","orbit","Orbit","wrecking-ball","Wrecking Ball","allowed with prerequisites","","crossfire > recall > orbit > ramjet > wrecking-ball","ramjet > wrecking-ball > crossfire > recall > orbit","equal within numerical tolerance","eligibility and base stats only; combat interactions require separate checks"
"2.70.0","orbit","Orbit","flashpoint","Flashpoint","allowed with prerequisites","","crossfire > recall > orbit > cinder > flashpoint","cinder > flashpoint > crossfire > recall > orbit","equal within numerical tolerance","eligibility and base stats only; combat interactions require separate checks"
"2.70.0","orbit","Orbit","slipstream","Slipstream","allowed with prerequisites","","crossfire > recall > orbit > crosswind > slipstream","crosswind > slipstream > crossfire > recall > orbit","equal within numerical tolerance","eligibility and base stats only; combat interactions require separate checks"
"2.70.0","orbit","Orbit","grindshot","Grindshot","allowed with prerequisites","","crossfire > recall > orbit > grindshot","grindshot > crossfire > recall > orbit","equal within numerical tolerance","eligibility and base stats only; combat interactions require separate checks"
"2.70.0","orbit","Orbit","corner-cutter","Corner Cutter","allowed with prerequisites","","crossfire > recall > orbit > grindshot > corner-cutter","grindshot > corner-cutter > crossfire > recall > orbit","equal within numerical tolerance","eligibility and base stats only; combat interactions require separate checks"
"2.70.0","orbit","Orbit","tripwire","Tripwire","blocked","different paths: bullet-hell + demolition","crossfire > recall > orbit > tripwire","tripwire > crossfire > recall > orbit","not applicable","eligibility and base stats only; combat interactions require separate checks"
"2.70.0","orbit","Orbit","tension","Tension","blocked","different paths: bullet-hell + demolition","crossfire > recall > orbit > tripwire > tension","tripwire > tension > crossfire > recall > orbit","not applicable","eligibility and base stats only; combat interactions require separate checks"
"2.70.0","orbit","Orbit","cutting-torch","Cutting Torch","blocked","different paths: bullet-hell + precision; conversion exclusion: cutting-torch + recall","crossfire > recall > orbit > cutting-torch","cutting-torch > crossfire > recall > orbit","not applicable","eligibility and base stats only; combat interactions require separate checks"
"2.70.0","orbit","Orbit","thermal-runaway","Thermal Runaway","blocked","different paths: bullet-hell + precision; conversion exclusion: cutting-torch + recall","crossfire > recall > orbit > cutting-torch > thermal-runaway","cutting-torch > thermal-runaway > crossfire > recall > orbit","not applicable","eligibility and base stats only; combat interactions require separate checks"
"2.70.0","orbit","Orbit","vector","Vector rounds","allowed with prerequisites","","crossfire > recall > orbit > vector","vector > crossfire > recall > orbit","equal within numerical tolerance","eligibility and base stats only; combat interactions require separate checks"
"2.70.0","orbit","Orbit","afterburner","Afterburner","allowed with prerequisites","","crossfire > recall > orbit > vector > afterburner","vector > afterburner > crossfire > recall > orbit","equal within numerical tolerance","eligibility and base stats only; combat interactions require separate checks"
"2.70.0","orbit","Orbit","mass-driver","Mass Driver","allowed with prerequisites","","crossfire > recall > orbit > mass-driver","mass-driver > crossfire > recall > orbit","equal within numerical tolerance","eligibility and base stats only; combat interactions require separate checks"
"2.70.0","orbit","Orbit","drop-forge","Drop Forge","allowed with prerequisites","","crossfire > recall > orbit > mass-driver > drop-forge","mass-driver > drop-forge > crossfire > recall > orbit","equal within numerical tolerance","eligibility and base stats only; combat interactions require separate checks"
"2.70.0","arc-coil","Arc Coil","daisy-chain","Daisy Chain","allowed with prerequisites","","arc-coil > daisy-chain","arc-coil > daisy-chain","equal within numerical tolerance","eligibility and base stats only; combat interactions require separate checks"
"2.70.0","arc-coil","Arc Coil","implosion","Implosion","allowed with prerequisites","","arc-coil > shellshock > fuse > implosion","shellshock > fuse > implosion > arc-coil","equal within numerical tolerance","eligibility and base stats only; combat interactions require separate checks"
"2.70.0","arc-coil","Arc Coil","ramjet","Ramjet","allowed with prerequisites","","arc-coil > ramjet","ramjet > arc-coil","equal within numerical tolerance","eligibility and base stats only; combat interactions require separate checks"
"2.70.0","arc-coil","Arc Coil","cinder","Cinder rounds","allowed with prerequisites","","arc-coil > cinder","cinder > arc-coil","equal within numerical tolerance","eligibility and base stats only; combat interactions require separate checks"
"2.70.0","arc-coil","Arc Coil","crosswind","Crosswind","allowed with prerequisites","","arc-coil > crosswind","crosswind > arc-coil","equal within numerical tolerance","eligibility and base stats only; combat interactions require separate checks"
"2.70.0","arc-coil","Arc Coil","wrecking-ball","Wrecking Ball","allowed with prerequisites","","arc-coil > ramjet > wrecking-ball","ramjet > wrecking-ball > arc-coil","equal within numerical tolerance","eligibility and base stats only; combat interactions require separate checks"
"2.70.0","arc-coil","Arc Coil","flashpoint","Flashpoint","allowed with prerequisites","","arc-coil > cinder > flashpoint","cinder > flashpoint > arc-coil","equal within numerical tolerance","eligibility and base stats only; combat interactions require separate checks"
"2.70.0","arc-coil","Arc Coil","slipstream","Slipstream","allowed with prerequisites","","arc-coil > crosswind > slipstream","crosswind > slipstream > arc-coil","equal within numerical tolerance","eligibility and base stats only; combat interactions require separate checks"
"2.70.0","arc-coil","Arc Coil","grindshot","Grindshot","allowed with prerequisites","","arc-coil > grindshot","grindshot > arc-coil","equal within numerical tolerance","eligibility and base stats only; combat interactions require separate checks"
"2.70.0","arc-coil","Arc Coil","corner-cutter","Corner Cutter","allowed with prerequisites","","arc-coil > grindshot > corner-cutter","grindshot > corner-cutter > arc-coil","equal within numerical tolerance","eligibility and base stats only; combat interactions require separate checks"
"2.70.0","arc-coil","Arc Coil","tripwire","Tripwire","allowed with prerequisites","","arc-coil > tripwire","tripwire > arc-coil","equal within numerical tolerance","eligibility and base stats only; combat interactions require separate checks"
"2.70.0","arc-coil","Arc Coil","tension","Tension","allowed with prerequisites","","arc-coil > tripwire > tension","tripwire > tension > arc-coil","equal within numerical tolerance","eligibility and base stats only; combat interactions require separate checks"
"2.70.0","arc-coil","Arc Coil","cutting-torch","Cutting Torch","allowed with prerequisites","","arc-coil > cutting-torch","cutting-torch > arc-coil","equal within numerical tolerance","eligibility and base stats only; combat interactions require separate checks"
"2.70.0","arc-coil","Arc Coil","thermal-runaway","Thermal Runaway","allowed with prerequisites","","arc-coil > cutting-torch > thermal-runaway","cutting-torch > thermal-runaway > arc-coil","equal within numerical tolerance","eligibility and base stats only; combat interactions require separate checks"
"2.70.0","arc-coil","Arc Coil","vector","Vector rounds","allowed with prerequisites","","arc-coil > vector","vector > arc-coil","equal within numerical tolerance","eligibility and base stats only; combat interactions require separate checks"
"2.70.0","arc-coil","Arc Coil","afterburner","Afterburner","allowed with prerequisites","","arc-coil > vector > afterburner","vector > afterburner > arc-coil","equal within numerical tolerance","eligibility and base stats only; combat interactions require separate checks"
"2.70.0","arc-coil","Arc Coil","mass-driver","Mass Driver","allowed with prerequisites","","arc-coil > mass-driver","mass-driver > arc-coil","equal within numerical tolerance","eligibility and base stats only; combat interactions require separate checks"
"2.70.0","arc-coil","Arc Coil","drop-forge","Drop Forge","allowed with prerequisites","","arc-coil > mass-driver > drop-forge","mass-driver > drop-forge > arc-coil","equal within numerical tolerance","eligibility and base stats only; combat interactions require separate checks"
"2.70.0","daisy-chain","Daisy Chain","implosion","Implosion","allowed with prerequisites","","arc-coil > daisy-chain > shellshock > fuse > implosion","shellshock > fuse > implosion > arc-coil > daisy-chain","equal within numerical tolerance","eligibility and base stats only; combat interactions require separate checks"
"2.70.0","daisy-chain","Daisy Chain","ramjet","Ramjet","allowed with prerequisites","","arc-coil > daisy-chain > ramjet","ramjet > arc-coil > daisy-chain","equal within numerical tolerance","eligibility and base stats only; combat interactions require separate checks"
"2.70.0","daisy-chain","Daisy Chain","cinder","Cinder rounds","allowed with prerequisites","","arc-coil > daisy-chain > cinder","cinder > arc-coil > daisy-chain","equal within numerical tolerance","eligibility and base stats only; combat interactions require separate checks"
"2.70.0","daisy-chain","Daisy Chain","crosswind","Crosswind","allowed with prerequisites","","arc-coil > daisy-chain > crosswind","crosswind > arc-coil > daisy-chain","equal within numerical tolerance","eligibility and base stats only; combat interactions require separate checks"
"2.70.0","daisy-chain","Daisy Chain","wrecking-ball","Wrecking Ball","allowed with prerequisites","","arc-coil > daisy-chain > ramjet > wrecking-ball","ramjet > wrecking-ball > arc-coil > daisy-chain","equal within numerical tolerance","eligibility and base stats only; combat interactions require separate checks"
"2.70.0","daisy-chain","Daisy Chain","flashpoint","Flashpoint","allowed with prerequisites","","arc-coil > daisy-chain > cinder > flashpoint","cinder > flashpoint > arc-coil > daisy-chain","equal within numerical tolerance","eligibility and base stats only; combat interactions require separate checks"
"2.70.0","daisy-chain","Daisy Chain","slipstream","Slipstream","allowed with prerequisites","","arc-coil > daisy-chain > crosswind > slipstream","crosswind > slipstream > arc-coil > daisy-chain","equal within numerical tolerance","eligibility and base stats only; combat interactions require separate checks"
"2.70.0","daisy-chain","Daisy Chain","grindshot","Grindshot","allowed with prerequisites","","arc-coil > daisy-chain > grindshot","grindshot > arc-coil > daisy-chain","equal within numerical tolerance","eligibility and base stats only; combat interactions require separate checks"
"2.70.0","daisy-chain","Daisy Chain","corner-cutter","Corner Cutter","allowed with prerequisites","","arc-coil > daisy-chain > grindshot > corner-cutter","grindshot > corner-cutter > arc-coil > daisy-chain","equal within numerical tolerance","eligibility and base stats only; combat interactions require separate checks"
"2.70.0","daisy-chain","Daisy Chain","tripwire","Tripwire","allowed with prerequisites","","arc-coil > daisy-chain > tripwire","tripwire > arc-coil > daisy-chain","equal within numerical tolerance","eligibility and base stats only; combat interactions require separate checks"
"2.70.0","daisy-chain","Daisy Chain","tension","Tension","allowed with prerequisites","","arc-coil > daisy-chain > tripwire > tension","tripwire > tension > arc-coil > daisy-chain","equal within numerical tolerance","eligibility and base stats only; combat interactions require separate checks"
"2.70.0","daisy-chain","Daisy Chain","cutting-torch","Cutting Torch","allowed with prerequisites","","arc-coil > daisy-chain > cutting-torch","cutting-torch > arc-coil > daisy-chain","equal within numerical tolerance","eligibility and base stats only; combat interactions require separate checks"
"2.70.0","daisy-chain","Daisy Chain","thermal-runaway","Thermal Runaway","allowed with prerequisites","","arc-coil > daisy-chain > cutting-torch > thermal-runaway","cutting-torch > thermal-runaway > arc-coil > daisy-chain","equal within numerical tolerance","eligibility and base stats only; combat interactions require separate checks"
"2.70.0","daisy-chain","Daisy Chain","vector","Vector rounds","allowed with prerequisites","","arc-coil > daisy-chain > vector","vector > arc-coil > daisy-chain","equal within numerical tolerance","eligibility and base stats only; combat interactions require separate checks"
"2.70.0","daisy-chain","Daisy Chain","afterburner","Afterburner","allowed with prerequisites","","arc-coil > daisy-chain > vector > afterburner","vector > afterburner > arc-coil > daisy-chain","equal within numerical tolerance","eligibility and base stats only; combat interactions require separate checks"
"2.70.0","daisy-chain","Daisy Chain","mass-driver","Mass Driver","allowed with prerequisites","","arc-coil > daisy-chain > mass-driver","mass-driver > arc-coil > daisy-chain","equal within numerical tolerance","eligibility and base stats only; combat interactions require separate checks"
"2.70.0","daisy-chain","Daisy Chain","drop-forge","Drop Forge","allowed with prerequisites","","arc-coil > daisy-chain > mass-driver > drop-forge","mass-driver > drop-forge > arc-coil > daisy-chain","equal within numerical tolerance","eligibility and base stats only; combat interactions require separate checks"
"2.70.0","implosion","Implosion","ramjet","Ramjet","allowed with prerequisites","","shellshock > fuse > implosion > ramjet","ramjet > shellshock > fuse > implosion","equal within numerical tolerance","eligibility and base stats only; combat interactions require separate checks"
"2.70.0","implosion","Implosion","cinder","Cinder rounds","allowed with prerequisites","","shellshock > fuse > implosion > cinder","cinder > shellshock > fuse > implosion","equal within numerical tolerance","eligibility and base stats only; combat interactions require separate checks"
"2.70.0","implosion","Implosion","crosswind","Crosswind","allowed with prerequisites","","shellshock > fuse > implosion > crosswind","crosswind > shellshock > fuse > implosion","equal within numerical tolerance","eligibility and base stats only; combat interactions require separate checks"
"2.70.0","implosion","Implosion","wrecking-ball","Wrecking Ball","allowed with prerequisites","","shellshock > fuse > implosion > ramjet > wrecking-ball","ramjet > wrecking-ball > shellshock > fuse > implosion","equal within numerical tolerance","eligibility and base stats only; combat interactions require separate checks"
"2.70.0","implosion","Implosion","flashpoint","Flashpoint","allowed with prerequisites","","shellshock > fuse > implosion > cinder > flashpoint","cinder > flashpoint > shellshock > fuse > implosion","equal within numerical tolerance","eligibility and base stats only; combat interactions require separate checks"
"2.70.0","implosion","Implosion","slipstream","Slipstream","allowed with prerequisites","","shellshock > fuse > implosion > crosswind > slipstream","crosswind > slipstream > shellshock > fuse > implosion","equal within numerical tolerance","eligibility and base stats only; combat interactions require separate checks"
"2.70.0","implosion","Implosion","grindshot","Grindshot","allowed with prerequisites","","shellshock > fuse > implosion > grindshot","grindshot > shellshock > fuse > implosion","equal within numerical tolerance","eligibility and base stats only; combat interactions require separate checks"
"2.70.0","implosion","Implosion","corner-cutter","Corner Cutter","allowed with prerequisites","","shellshock > fuse > implosion > grindshot > corner-cutter","grindshot > corner-cutter > shellshock > fuse > implosion","equal within numerical tolerance","eligibility and base stats only; combat interactions require separate checks"
"2.70.0","implosion","Implosion","tripwire","Tripwire","allowed with prerequisites","","shellshock > fuse > implosion > tripwire","tripwire > shellshock > fuse > implosion","equal within numerical tolerance","eligibility and base stats only; combat interactions require separate checks"
"2.70.0","implosion","Implosion","tension","Tension","allowed with prerequisites","","shellshock > fuse > implosion > tripwire > tension","tripwire > tension > shellshock > fuse > implosion","equal within numerical tolerance","eligibility and base stats only; combat interactions require separate checks"
"2.70.0","implosion","Implosion","cutting-torch","Cutting Torch","blocked","different paths: demolition + precision","shellshock > fuse > implosion > cutting-torch","cutting-torch > shellshock > fuse > implosion","not applicable","eligibility and base stats only; combat interactions require separate checks"
"2.70.0","implosion","Implosion","thermal-runaway","Thermal Runaway","blocked","different paths: demolition + precision","shellshock > fuse > implosion > cutting-torch > thermal-runaway","cutting-torch > thermal-runaway > shellshock > fuse > implosion","not applicable","eligibility and base stats only; combat interactions require separate checks"
"2.70.0","implosion","Implosion","vector","Vector rounds","allowed with prerequisites","","shellshock > fuse > implosion > vector","vector > shellshock > fuse > implosion","equal within numerical tolerance","eligibility and base stats only; combat interactions require separate checks"
"2.70.0","implosion","Implosion","afterburner","Afterburner","allowed with prerequisites","","shellshock > fuse > implosion > vector > afterburner","vector > afterburner > shellshock > fuse > implosion","equal within numerical tolerance","eligibility and base stats only; combat interactions require separate checks"
"2.70.0","implosion","Implosion","mass-driver","Mass Driver","allowed with prerequisites","","shellshock > fuse > implosion > mass-driver","mass-driver > shellshock > fuse > implosion","equal within numerical tolerance","eligibility and base stats only; combat interactions require separate checks"
"2.70.0","implosion","Implosion","drop-forge","Drop Forge","allowed with prerequisites","","shellshock > fuse > implosion > mass-driver > drop-forge","mass-driver > drop-forge > shellshock > fuse > implosion","equal within numerical tolerance","eligibility and base stats only; combat interactions require separate checks"
"2.70.0","ramjet","Ramjet","cinder","Cinder rounds","allowed with prerequisites","","ramjet > cinder","cinder > ramjet","equal within numerical tolerance","eligibility and base stats only; combat interactions require separate checks"
"2.70.0","ramjet","Ramjet","crosswind","Crosswind","allowed with prerequisites","","ramjet > crosswind","crosswind > ramjet","equal within numerical tolerance","eligibility and base stats only; combat interactions require separate checks"
"2.70.0","ramjet","Ramjet","wrecking-ball","Wrecking Ball","allowed with prerequisites","","ramjet > wrecking-ball","ramjet > wrecking-ball","equal within numerical tolerance","eligibility and base stats only; combat interactions require separate checks"
"2.70.0","ramjet","Ramjet","flashpoint","Flashpoint","allowed with prerequisites","","ramjet > cinder > flashpoint","cinder > flashpoint > ramjet","equal within numerical tolerance","eligibility and base stats only; combat interactions require separate checks"
"2.70.0","ramjet","Ramjet","slipstream","Slipstream","allowed with prerequisites","","ramjet > crosswind > slipstream","crosswind > slipstream > ramjet","equal within numerical tolerance","eligibility and base stats only; combat interactions require separate checks"
"2.70.0","ramjet","Ramjet","grindshot","Grindshot","allowed with prerequisites","","ramjet > grindshot","grindshot > ramjet","equal within numerical tolerance","eligibility and base stats only; combat interactions require separate checks"
"2.70.0","ramjet","Ramjet","corner-cutter","Corner Cutter","allowed with prerequisites","","ramjet > grindshot > corner-cutter","grindshot > corner-cutter > ramjet","equal within numerical tolerance","eligibility and base stats only; combat interactions require separate checks"
"2.70.0","ramjet","Ramjet","tripwire","Tripwire","allowed with prerequisites","","ramjet > tripwire","tripwire > ramjet","equal within numerical tolerance","eligibility and base stats only; combat interactions require separate checks"
"2.70.0","ramjet","Ramjet","tension","Tension","allowed with prerequisites","","ramjet > tripwire > tension","tripwire > tension > ramjet","equal within numerical tolerance","eligibility and base stats only; combat interactions require separate checks"
"2.70.0","ramjet","Ramjet","cutting-torch","Cutting Torch","allowed with prerequisites","","ramjet > cutting-torch","cutting-torch > ramjet","equal within numerical tolerance","eligibility and base stats only; combat interactions require separate checks"
"2.70.0","ramjet","Ramjet","thermal-runaway","Thermal Runaway","allowed with prerequisites","","ramjet > cutting-torch > thermal-runaway","cutting-torch > thermal-runaway > ramjet","equal within numerical tolerance","eligibility and base stats only; combat interactions require separate checks"
"2.70.0","ramjet","Ramjet","vector","Vector rounds","allowed with prerequisites","","ramjet > vector","vector > ramjet","equal within numerical tolerance","eligibility and base stats only; combat interactions require separate checks"
"2.70.0","ramjet","Ramjet","afterburner","Afterburner","allowed with prerequisites","","ramjet > vector > afterburner","vector > afterburner > ramjet","equal within numerical tolerance","eligibility and base stats only; combat interactions require separate checks"
"2.70.0","ramjet","Ramjet","mass-driver","Mass Driver","allowed with prerequisites","","ramjet > mass-driver","mass-driver > ramjet","equal within numerical tolerance","eligibility and base stats only; combat interactions require separate checks"
"2.70.0","ramjet","Ramjet","drop-forge","Drop Forge","allowed with prerequisites","","ramjet > mass-driver > drop-forge","mass-driver > drop-forge > ramjet","equal within numerical tolerance","eligibility and base stats only; combat interactions require separate checks"
"2.70.0","cinder","Cinder rounds","crosswind","Crosswind","allowed with prerequisites","","cinder > crosswind","crosswind > cinder","equal within numerical tolerance","eligibility and base stats only; combat interactions require separate checks"
"2.70.0","cinder","Cinder rounds","wrecking-ball","Wrecking Ball","allowed with prerequisites","","cinder > ramjet > wrecking-ball","ramjet > wrecking-ball > cinder","equal within numerical tolerance","eligibility and base stats only; combat interactions require separate checks"
"2.70.0","cinder","Cinder rounds","flashpoint","Flashpoint","allowed with prerequisites","","cinder > flashpoint","cinder > flashpoint","equal within numerical tolerance","eligibility and base stats only; combat interactions require separate checks"
"2.70.0","cinder","Cinder rounds","slipstream","Slipstream","allowed with prerequisites","","cinder > crosswind > slipstream","crosswind > slipstream > cinder","equal within numerical tolerance","eligibility and base stats only; combat interactions require separate checks"
"2.70.0","cinder","Cinder rounds","grindshot","Grindshot","allowed with prerequisites","","cinder > grindshot","grindshot > cinder","equal within numerical tolerance","eligibility and base stats only; combat interactions require separate checks"
"2.70.0","cinder","Cinder rounds","corner-cutter","Corner Cutter","allowed with prerequisites","","cinder > grindshot > corner-cutter","grindshot > corner-cutter > cinder","equal within numerical tolerance","eligibility and base stats only; combat interactions require separate checks"
"2.70.0","cinder","Cinder rounds","tripwire","Tripwire","allowed with prerequisites","","cinder > tripwire","tripwire > cinder","equal within numerical tolerance","eligibility and base stats only; combat interactions require separate checks"
"2.70.0","cinder","Cinder rounds","tension","Tension","allowed with prerequisites","","cinder > tripwire > tension","tripwire > tension > cinder","equal within numerical tolerance","eligibility and base stats only; combat interactions require separate checks"
"2.70.0","cinder","Cinder rounds","cutting-torch","Cutting Torch","allowed with prerequisites","","cinder > cutting-torch","cutting-torch > cinder","equal within numerical tolerance","eligibility and base stats only; combat interactions require separate checks"
"2.70.0","cinder","Cinder rounds","thermal-runaway","Thermal Runaway","allowed with prerequisites","","cinder > cutting-torch > thermal-runaway","cutting-torch > thermal-runaway > cinder","equal within numerical tolerance","eligibility and base stats only; combat interactions require separate checks"
"2.70.0","cinder","Cinder rounds","vector","Vector rounds","allowed with prerequisites","","cinder > vector","vector > cinder","equal within numerical tolerance","eligibility and base stats only; combat interactions require separate checks"
"2.70.0","cinder","Cinder rounds","afterburner","Afterburner","allowed with prerequisites","","cinder > vector > afterburner","vector > afterburner > cinder","equal within numerical tolerance","eligibility and base stats only; combat interactions require separate checks"
"2.70.0","cinder","Cinder rounds","mass-driver","Mass Driver","allowed with prerequisites","","cinder > mass-driver","mass-driver > cinder","equal within numerical tolerance","eligibility and base stats only; combat interactions require separate checks"
"2.70.0","cinder","Cinder rounds","drop-forge","Drop Forge","allowed with prerequisites","","cinder > mass-driver > drop-forge","mass-driver > drop-forge > cinder","equal within numerical tolerance","eligibility and base stats only; combat interactions require separate checks"
"2.70.0","crosswind","Crosswind","wrecking-ball","Wrecking Ball","allowed with prerequisites","","crosswind > ramjet > wrecking-ball","ramjet > wrecking-ball > crosswind","equal within numerical tolerance","eligibility and base stats only; combat interactions require separate checks"
"2.70.0","crosswind","Crosswind","flashpoint","Flashpoint","allowed with prerequisites","","crosswind > cinder > flashpoint","cinder > flashpoint > crosswind","equal within numerical tolerance","eligibility and base stats only; combat interactions require separate checks"
"2.70.0","crosswind","Crosswind","slipstream","Slipstream","allowed with prerequisites","","crosswind > slipstream","crosswind > slipstream","equal within numerical tolerance","eligibility and base stats only; combat interactions require separate checks"
"2.70.0","crosswind","Crosswind","grindshot","Grindshot","allowed with prerequisites","","crosswind > grindshot","grindshot > crosswind","equal within numerical tolerance","eligibility and base stats only; combat interactions require separate checks"
"2.70.0","crosswind","Crosswind","corner-cutter","Corner Cutter","allowed with prerequisites","","crosswind > grindshot > corner-cutter","grindshot > corner-cutter > crosswind","equal within numerical tolerance","eligibility and base stats only; combat interactions require separate checks"
"2.70.0","crosswind","Crosswind","tripwire","Tripwire","allowed with prerequisites","","crosswind > tripwire","tripwire > crosswind","equal within numerical tolerance","eligibility and base stats only; combat interactions require separate checks"
"2.70.0","crosswind","Crosswind","tension","Tension","allowed with prerequisites","","crosswind > tripwire > tension","tripwire > tension > crosswind","equal within numerical tolerance","eligibility and base stats only; combat interactions require separate checks"
"2.70.0","crosswind","Crosswind","cutting-torch","Cutting Torch","allowed with prerequisites","","crosswind > cutting-torch","cutting-torch > crosswind","equal within numerical tolerance","eligibility and base stats only; combat interactions require separate checks"
"2.70.0","crosswind","Crosswind","thermal-runaway","Thermal Runaway","allowed with prerequisites","","crosswind > cutting-torch > thermal-runaway","cutting-torch > thermal-runaway > crosswind","equal within numerical tolerance","eligibility and base stats only; combat interactions require separate checks"
"2.70.0","crosswind","Crosswind","vector","Vector rounds","allowed with prerequisites","","crosswind > vector","vector > crosswind","equal within numerical tolerance","eligibility and base stats only; combat interactions require separate checks"
"2.70.0","crosswind","Crosswind","afterburner","Afterburner","allowed with prerequisites","","crosswind > vector > afterburner","vector > afterburner > crosswind","equal within numerical tolerance","eligibility and base stats only; combat interactions require separate checks"
"2.70.0","crosswind","Crosswind","mass-driver","Mass Driver","allowed with prerequisites","","crosswind > mass-driver","mass-driver > crosswind","equal within numerical tolerance","eligibility and base stats only; combat interactions require separate checks"
"2.70.0","crosswind","Crosswind","drop-forge","Drop Forge","allowed with prerequisites","","crosswind > mass-driver > drop-forge","mass-driver > drop-forge > crosswind","equal within numerical tolerance","eligibility and base stats only; combat interactions require separate checks"
"2.70.0","wrecking-ball","Wrecking Ball","flashpoint","Flashpoint","allowed with prerequisites","","ramjet > wrecking-ball > cinder > flashpoint","cinder > flashpoint > ramjet > wrecking-ball","equal within numerical tolerance","eligibility and base stats only; combat interactions require separate checks"
"2.70.0","wrecking-ball","Wrecking Ball","slipstream","Slipstream","allowed with prerequisites","","ramjet > wrecking-ball > crosswind > slipstream","crosswind > slipstream > ramjet > wrecking-ball","equal within numerical tolerance","eligibility and base stats only; combat interactions require separate checks"
"2.70.0","wrecking-ball","Wrecking Ball","grindshot","Grindshot","allowed with prerequisites","","ramjet > wrecking-ball > grindshot","grindshot > ramjet > wrecking-ball","equal within numerical tolerance","eligibility and base stats only; combat interactions require separate checks"
"2.70.0","wrecking-ball","Wrecking Ball","corner-cutter","Corner Cutter","allowed with prerequisites","","ramjet > wrecking-ball > grindshot > corner-cutter","grindshot > corner-cutter > ramjet > wrecking-ball","equal within numerical tolerance","eligibility and base stats only; combat interactions require separate checks"
"2.70.0","wrecking-ball","Wrecking Ball","tripwire","Tripwire","allowed with prerequisites","","ramjet > wrecking-ball > tripwire","tripwire > ramjet > wrecking-ball","equal within numerical tolerance","eligibility and base stats only; combat interactions require separate checks"
"2.70.0","wrecking-ball","Wrecking Ball","tension","Tension","allowed with prerequisites","","ramjet > wrecking-ball > tripwire > tension","tripwire > tension > ramjet > wrecking-ball","equal within numerical tolerance","eligibility and base stats only; combat interactions require separate checks"
"2.70.0","wrecking-ball","Wrecking Ball","cutting-torch","Cutting Torch","allowed with prerequisites","","ramjet > wrecking-ball > cutting-torch","cutting-torch > ramjet > wrecking-ball","equal within numerical tolerance","eligibility and base stats only; combat interactions require separate checks"
"2.70.0","wrecking-ball","Wrecking Ball","thermal-runaway","Thermal Runaway","allowed with prerequisites","","ramjet > wrecking-ball > cutting-torch > thermal-runaway","cutting-torch > thermal-runaway > ramjet > wrecking-ball","equal within numerical tolerance","eligibility and base stats only; combat interactions require separate checks"
"2.70.0","wrecking-ball","Wrecking Ball","vector","Vector rounds","allowed with prerequisites","","ramjet > wrecking-ball > vector","vector > ramjet > wrecking-ball","equal within numerical tolerance","eligibility and base stats only; combat interactions require separate checks"
"2.70.0","wrecking-ball","Wrecking Ball","afterburner","Afterburner","allowed with prerequisites","","ramjet > wrecking-ball > vector > afterburner","vector > afterburner > ramjet > wrecking-ball","equal within numerical tolerance","eligibility and base stats only; combat interactions require separate checks"
"2.70.0","wrecking-ball","Wrecking Ball","mass-driver","Mass Driver","allowed with prerequisites","","ramjet > wrecking-ball > mass-driver","mass-driver > ramjet > wrecking-ball","equal within numerical tolerance","eligibility and base stats only; combat interactions require separate checks"
"2.70.0","wrecking-ball","Wrecking Ball","drop-forge","Drop Forge","allowed with prerequisites","","ramjet > wrecking-ball > mass-driver > drop-forge","mass-driver > drop-forge > ramjet > wrecking-ball","equal within numerical tolerance","eligibility and base stats only; combat interactions require separate checks"
"2.70.0","flashpoint","Flashpoint","slipstream","Slipstream","allowed with prerequisites","","cinder > flashpoint > crosswind > slipstream","crosswind > slipstream > cinder > flashpoint","equal within numerical tolerance","eligibility and base stats only; combat interactions require separate checks"
"2.70.0","flashpoint","Flashpoint","grindshot","Grindshot","allowed with prerequisites","","cinder > flashpoint > grindshot","grindshot > cinder > flashpoint","equal within numerical tolerance","eligibility and base stats only; combat interactions require separate checks"
"2.70.0","flashpoint","Flashpoint","corner-cutter","Corner Cutter","allowed with prerequisites","","cinder > flashpoint > grindshot > corner-cutter","grindshot > corner-cutter > cinder > flashpoint","equal within numerical tolerance","eligibility and base stats only; combat interactions require separate checks"
"2.70.0","flashpoint","Flashpoint","tripwire","Tripwire","allowed with prerequisites","","cinder > flashpoint > tripwire","tripwire > cinder > flashpoint","equal within numerical tolerance","eligibility and base stats only; combat interactions require separate checks"
"2.70.0","flashpoint","Flashpoint","tension","Tension","allowed with prerequisites","","cinder > flashpoint > tripwire > tension","tripwire > tension > cinder > flashpoint","equal within numerical tolerance","eligibility and base stats only; combat interactions require separate checks"
"2.70.0","flashpoint","Flashpoint","cutting-torch","Cutting Torch","allowed with prerequisites","","cinder > flashpoint > cutting-torch","cutting-torch > cinder > flashpoint","equal within numerical tolerance","eligibility and base stats only; combat interactions require separate checks"
"2.70.0","flashpoint","Flashpoint","thermal-runaway","Thermal Runaway","allowed with prerequisites","","cinder > flashpoint > cutting-torch > thermal-runaway","cutting-torch > thermal-runaway > cinder > flashpoint","equal within numerical tolerance","eligibility and base stats only; combat interactions require separate checks"
"2.70.0","flashpoint","Flashpoint","vector","Vector rounds","allowed with prerequisites","","cinder > flashpoint > vector","vector > cinder > flashpoint","equal within numerical tolerance","eligibility and base stats only; combat interactions require separate checks"
"2.70.0","flashpoint","Flashpoint","afterburner","Afterburner","allowed with prerequisites","","cinder > flashpoint > vector > afterburner","vector > afterburner > cinder > flashpoint","equal within numerical tolerance","eligibility and base stats only; combat interactions require separate checks"
"2.70.0","flashpoint","Flashpoint","mass-driver","Mass Driver","allowed with prerequisites","","cinder > flashpoint > mass-driver","mass-driver > cinder > flashpoint","equal within numerical tolerance","eligibility and base stats only; combat interactions require separate checks"
"2.70.0","flashpoint","Flashpoint","drop-forge","Drop Forge","allowed with prerequisites","","cinder > flashpoint > mass-driver > drop-forge","mass-driver > drop-forge > cinder > flashpoint","equal within numerical tolerance","eligibility and base stats only; combat interactions require separate checks"
"2.70.0","slipstream","Slipstream","grindshot","Grindshot","allowed with prerequisites","","crosswind > slipstream > grindshot","grindshot > crosswind > slipstream","equal within numerical tolerance","eligibility and base stats only; combat interactions require separate checks"
"2.70.0","slipstream","Slipstream","corner-cutter","Corner Cutter","allowed with prerequisites","","crosswind > slipstream > grindshot > corner-cutter","grindshot > corner-cutter > crosswind > slipstream","equal within numerical tolerance","eligibility and base stats only; combat interactions require separate checks"
"2.70.0","slipstream","Slipstream","tripwire","Tripwire","allowed with prerequisites","","crosswind > slipstream > tripwire","tripwire > crosswind > slipstream","equal within numerical tolerance","eligibility and base stats only; combat interactions require separate checks"
"2.70.0","slipstream","Slipstream","tension","Tension","allowed with prerequisites","","crosswind > slipstream > tripwire > tension","tripwire > tension > crosswind > slipstream","equal within numerical tolerance","eligibility and base stats only; combat interactions require separate checks"
"2.70.0","slipstream","Slipstream","cutting-torch","Cutting Torch","allowed with prerequisites","","crosswind > slipstream > cutting-torch","cutting-torch > crosswind > slipstream","equal within numerical tolerance","eligibility and base stats only; combat interactions require separate checks"
"2.70.0","slipstream","Slipstream","thermal-runaway","Thermal Runaway","allowed with prerequisites","","crosswind > slipstream > cutting-torch > thermal-runaway","cutting-torch > thermal-runaway > crosswind > slipstream","equal within numerical tolerance","eligibility and base stats only; combat interactions require separate checks"
"2.70.0","slipstream","Slipstream","vector","Vector rounds","allowed with prerequisites","","crosswind > slipstream > vector","vector > crosswind > slipstream","equal within numerical tolerance","eligibility and base stats only; combat interactions require separate checks"
"2.70.0","slipstream","Slipstream","afterburner","Afterburner","allowed with prerequisites","","crosswind > slipstream > vector > afterburner","vector > afterburner > crosswind > slipstream","equal within numerical tolerance","eligibility and base stats only; combat interactions require separate checks"
"2.70.0","slipstream","Slipstream","mass-driver","Mass Driver","allowed with prerequisites","","crosswind > slipstream > mass-driver","mass-driver > crosswind > slipstream","equal within numerical tolerance","eligibility and base stats only; combat interactions require separate checks"
"2.70.0","slipstream","Slipstream","drop-forge","Drop Forge","allowed with prerequisites","","crosswind > slipstream > mass-driver > drop-forge","mass-driver > drop-forge > crosswind > slipstream","equal within numerical tolerance","eligibility and base stats only; combat interactions require separate checks"
"2.70.0","grindshot","Grindshot","corner-cutter","Corner Cutter","allowed with prerequisites","","grindshot > corner-cutter","grindshot > corner-cutter","equal within numerical tolerance","eligibility and base stats only; combat interactions require separate checks"
"2.70.0","grindshot","Grindshot","tripwire","Tripwire","allowed with prerequisites","","grindshot > tripwire","tripwire > grindshot","equal within numerical tolerance","eligibility and base stats only; combat interactions require separate checks"
"2.70.0","grindshot","Grindshot","tension","Tension","allowed with prerequisites","","grindshot > tripwire > tension","tripwire > tension > grindshot","equal within numerical tolerance","eligibility and base stats only; combat interactions require separate checks"
"2.70.0","grindshot","Grindshot","cutting-torch","Cutting Torch","blocked","conversion exclusion: cutting-torch + grindshot","grindshot > cutting-torch","cutting-torch > grindshot","not applicable","eligibility and base stats only; combat interactions require separate checks"
"2.70.0","grindshot","Grindshot","thermal-runaway","Thermal Runaway","blocked","conversion exclusion: cutting-torch + grindshot","grindshot > cutting-torch > thermal-runaway","cutting-torch > thermal-runaway > grindshot","not applicable","eligibility and base stats only; combat interactions require separate checks"
"2.70.0","grindshot","Grindshot","vector","Vector rounds","allowed with prerequisites","","grindshot > vector","vector > grindshot","equal within numerical tolerance","eligibility and base stats only; combat interactions require separate checks"
"2.70.0","grindshot","Grindshot","afterburner","Afterburner","allowed with prerequisites","","grindshot > vector > afterburner","vector > afterburner > grindshot","equal within numerical tolerance","eligibility and base stats only; combat interactions require separate checks"
"2.70.0","grindshot","Grindshot","mass-driver","Mass Driver","allowed with prerequisites","","grindshot > mass-driver","mass-driver > grindshot","equal within numerical tolerance","eligibility and base stats only; combat interactions require separate checks"
"2.70.0","grindshot","Grindshot","drop-forge","Drop Forge","allowed with prerequisites","","grindshot > mass-driver > drop-forge","mass-driver > drop-forge > grindshot","equal within numerical tolerance","eligibility and base stats only; combat interactions require separate checks"
"2.70.0","corner-cutter","Corner Cutter","tripwire","Tripwire","allowed with prerequisites","","grindshot > corner-cutter > tripwire","tripwire > grindshot > corner-cutter","equal within numerical tolerance","eligibility and base stats only; combat interactions require separate checks"
"2.70.0","corner-cutter","Corner Cutter","tension","Tension","allowed with prerequisites","","grindshot > corner-cutter > tripwire > tension","tripwire > tension > grindshot > corner-cutter","equal within numerical tolerance","eligibility and base stats only; combat interactions require separate checks"
"2.70.0","corner-cutter","Corner Cutter","cutting-torch","Cutting Torch","blocked","conversion exclusion: cutting-torch + grindshot","grindshot > corner-cutter > cutting-torch","cutting-torch > grindshot > corner-cutter","not applicable","eligibility and base stats only; combat interactions require separate checks"
"2.70.0","corner-cutter","Corner Cutter","thermal-runaway","Thermal Runaway","blocked","conversion exclusion: cutting-torch + grindshot","grindshot > corner-cutter > cutting-torch > thermal-runaway","cutting-torch > thermal-runaway > grindshot > corner-cutter","not applicable","eligibility and base stats only; combat interactions require separate checks"
"2.70.0","corner-cutter","Corner Cutter","vector","Vector rounds","allowed with prerequisites","","grindshot > corner-cutter > vector","vector > grindshot > corner-cutter","equal within numerical tolerance","eligibility and base stats only; combat interactions require separate checks"
"2.70.0","corner-cutter","Corner Cutter","afterburner","Afterburner","allowed with prerequisites","","grindshot > corner-cutter > vector > afterburner","vector > afterburner > grindshot > corner-cutter","equal within numerical tolerance","eligibility and base stats only; combat interactions require separate checks"
"2.70.0","corner-cutter","Corner Cutter","mass-driver","Mass Driver","allowed with prerequisites","","grindshot > corner-cutter > mass-driver","mass-driver > grindshot > corner-cutter","equal within numerical tolerance","eligibility and base stats only; combat interactions require separate checks"
"2.70.0","corner-cutter","Corner Cutter","drop-forge","Drop Forge","allowed with prerequisites","","grindshot > corner-cutter > mass-driver > drop-forge","mass-driver > drop-forge > grindshot > corner-cutter","equal within numerical tolerance","eligibility and base stats only; combat interactions require separate checks"
"2.70.0","tripwire","Tripwire","tension","Tension","allowed with prerequisites","","tripwire > tension","tripwire > tension","equal within numerical tolerance","eligibility and base stats only; combat interactions require separate checks"
"2.70.0","tripwire","Tripwire","cutting-torch","Cutting Torch","blocked","different paths: demolition + precision","tripwire > cutting-torch","cutting-torch > tripwire","not applicable","eligibility and base stats only; combat interactions require separate checks"
"2.70.0","tripwire","Tripwire","thermal-runaway","Thermal Runaway","blocked","different paths: demolition + precision","tripwire > cutting-torch > thermal-runaway","cutting-torch > thermal-runaway > tripwire","not applicable","eligibility and base stats only; combat interactions require separate checks"
"2.70.0","tripwire","Tripwire","vector","Vector rounds","allowed with prerequisites","","tripwire > vector","vector > tripwire","equal within numerical tolerance","eligibility and base stats only; combat interactions require separate checks"
"2.70.0","tripwire","Tripwire","afterburner","Afterburner","allowed with prerequisites","","tripwire > vector > afterburner","vector > afterburner > tripwire","equal within numerical tolerance","eligibility and base stats only; combat interactions require separate checks"
"2.70.0","tripwire","Tripwire","mass-driver","Mass Driver","allowed with prerequisites","","tripwire > mass-driver","mass-driver > tripwire","equal within numerical tolerance","eligibility and base stats only; combat interactions require separate checks"
"2.70.0","tripwire","Tripwire","drop-forge","Drop Forge","allowed with prerequisites","","tripwire > mass-driver > drop-forge","mass-driver > drop-forge > tripwire","equal within numerical tolerance","eligibility and base stats only; combat interactions require separate checks"
"2.70.0","tension","Tension","cutting-torch","Cutting Torch","blocked","different paths: demolition + precision","tripwire > tension > cutting-torch","cutting-torch > tripwire > tension","not applicable","eligibility and base stats only; combat interactions require separate checks"
"2.70.0","tension","Tension","thermal-runaway","Thermal Runaway","blocked","different paths: demolition + precision","tripwire > tension > cutting-torch > thermal-runaway","cutting-torch > thermal-runaway > tripwire > tension","not applicable","eligibility and base stats only; combat interactions require separate checks"
"2.70.0","tension","Tension","vector","Vector rounds","allowed with prerequisites","","tripwire > tension > vector","vector > tripwire > tension","equal within numerical tolerance","eligibility and base stats only; combat interactions require separate checks"
"2.70.0","tension","Tension","afterburner","Afterburner","allowed with prerequisites","","tripwire > tension > vector > afterburner","vector > afterburner > tripwire > tension","equal within numerical tolerance","eligibility and base stats only; combat interactions require separate checks"
"2.70.0","tension","Tension","mass-driver","Mass Driver","allowed with prerequisites","","tripwire > tension > mass-driver","mass-driver > tripwire > tension","equal within numerical tolerance","eligibility and base stats only; combat interactions require separate checks"
"2.70.0","tension","Tension","drop-forge","Drop Forge","allowed with prerequisites","","tripwire > tension > mass-driver > drop-forge","mass-driver > drop-forge > tripwire > tension","equal within numerical tolerance","eligibility and base stats only; combat interactions require separate checks"
"2.70.0","cutting-torch","Cutting Torch","thermal-runaway","Thermal Runaway","allowed with prerequisites","","cutting-torch > thermal-runaway","cutting-torch > thermal-runaway","equal within numerical tolerance","eligibility and base stats only; combat interactions require separate checks"
"2.70.0","cutting-torch","Cutting Torch","vector","Vector rounds","blocked","conversion exclusion: cutting-torch + vector","cutting-torch > vector","vector > cutting-torch","not applicable","eligibility and base stats only; combat interactions require separate checks"
"2.70.0","cutting-torch","Cutting Torch","afterburner","Afterburner","blocked","conversion exclusion: cutting-torch + vector","cutting-torch > vector > afterburner","vector > afterburner > cutting-torch","not applicable","eligibility and base stats only; combat interactions require separate checks"
"2.70.0","cutting-torch","Cutting Torch","mass-driver","Mass Driver","blocked","conversion exclusion: cutting-torch + mass-driver","cutting-torch > mass-driver","mass-driver > cutting-torch","not applicable","eligibility and base stats only; combat interactions require separate checks"
"2.70.0","cutting-torch","Cutting Torch","drop-forge","Drop Forge","blocked","conversion exclusion: cutting-torch + mass-driver","cutting-torch > mass-driver > drop-forge","mass-driver > drop-forge > cutting-torch","not applicable","eligibility and base stats only; combat interactions require separate checks"
"2.70.0","thermal-runaway","Thermal Runaway","vector","Vector rounds","blocked","conversion exclusion: cutting-torch + vector","cutting-torch > thermal-runaway > vector","vector > cutting-torch > thermal-runaway","not applicable","eligibility and base stats only; combat interactions require separate checks"
"2.70.0","thermal-runaway","Thermal Runaway","afterburner","Afterburner","blocked","conversion exclusion: cutting-torch + vector","cutting-torch > thermal-runaway > vector > afterburner","vector > afterburner > cutting-torch > thermal-runaway","not applicable","eligibility and base stats only; combat interactions require separate checks"
"2.70.0","thermal-runaway","Thermal Runaway","mass-driver","Mass Driver","blocked","conversion exclusion: cutting-torch + mass-driver","cutting-torch > thermal-runaway > mass-driver","mass-driver > cutting-torch > thermal-runaway","not applicable","eligibility and base stats only; combat interactions require separate checks"
"2.70.0","thermal-runaway","Thermal Runaway","drop-forge","Drop Forge","blocked","conversion exclusion: cutting-torch + mass-driver","cutting-torch > thermal-runaway > mass-driver > drop-forge","mass-driver > drop-forge > cutting-torch > thermal-runaway","not applicable","eligibility and base stats only; combat interactions require separate checks"
"2.70.0","vector","Vector rounds","afterburner","Afterburner","allowed with prerequisites","","vector > afterburner","vector > afterburner","equal within numerical tolerance","eligibility and base stats only; combat interactions require separate checks"
"2.70.0","vector","Vector rounds","mass-driver","Mass Driver","allowed with prerequisites","","vector > mass-driver","mass-driver > vector","equal within numerical tolerance","eligibility and base stats only; combat interactions require separate checks"
"2.70.0","vector","Vector rounds","drop-forge","Drop Forge","allowed with prerequisites","","vector > mass-driver > drop-forge","mass-driver > drop-forge > vector","equal within numerical tolerance","eligibility and base stats only; combat interactions require separate checks"
"2.70.0","afterburner","Afterburner","mass-driver","Mass Driver","allowed with prerequisites","","vector > afterburner > mass-driver","mass-driver > vector > afterburner","equal within numerical tolerance","eligibility and base stats only; combat interactions require separate checks"
"2.70.0","afterburner","Afterburner","drop-forge","Drop Forge","allowed with prerequisites","","vector > afterburner > mass-driver > drop-forge","mass-driver > drop-forge > vector > afterburner","equal within numerical tolerance","eligibility and base stats only; combat interactions require separate checks"
"2.70.0","mass-driver","Mass Driver","drop-forge","Drop Forge","allowed with prerequisites","","mass-driver > drop-forge","mass-driver > drop-forge","equal within numerical tolerance","eligibility and base stats only; combat interactions require separate checks"
